date_releve,marque,nb_total,nb_electrique,proportion_electrique
2026-07-17T09:37:29,Abarth,6,3,0.5
2026-07-17T09:37:29,Alfa Romeo,18,0,0.0
2026-07-17T09:37:29,Alpine,44,15,0.3409
2026-07-17T09:37:29,Aston Martin,1,0,0.0
2026-07-17T09:37:29,Audi,304,29,0.0954
2026-07-17T09:37:29,Bmw,766,89,0.1162
2026-07-17T09:37:29,Byd,9,7,0.7778
2026-07-17T09:37:29,Citroen,1469,74,0.0504
2026-07-17T09:37:29,Cupra,35,3,0.0857
2026-07-17T09:37:29,Dacia,1368,163,0.1192
2026-07-17T09:37:29,Ds,329,31,0.0942
2026-07-17T09:37:29,Fiat,122,25,0.2049
2026-07-17T09:37:29,Ford,407,49,0.1204
2026-07-17T09:37:29,Honda,6,0,0.0
2026-07-17T09:37:29,Hyundai,120,2,0.0167
2026-07-17T09:37:29,Isuzu,1,0,0.0
2026-07-17T09:37:29,Iveco,1,0,0.0
2026-07-17T09:37:29,Jaguar,15,2,0.1333
2026-07-17T09:37:29,Jeep,30,0,0.0
2026-07-17T09:37:29,Kia,152,10,0.0658
2026-07-17T09:37:29,Land-Rover,83,0,0.0
2026-07-17T09:37:29,Leapmotor,8,4,0.5
2026-07-17T09:37:29,Lexus,75,4,0.0533
2026-07-17T09:37:29,Man,1,0,0.0
2026-07-17T09:37:29,Maserati,9,3,0.3333
2026-07-17T09:37:29,Mazda,25,0,0.0
2026-07-17T09:37:29,Mercedes,792,118,0.149
2026-07-17T09:37:29,Mg,61,26,0.4262
2026-07-17T09:37:29,Mini,291,53,0.1821
2026-07-17T09:37:29,Mitsubishi,120,0,0.0
2026-07-17T09:37:29,Mobilize,3,3,1.0
2026-07-17T09:37:29,Nissan,613,29,0.0473
2026-07-17T09:37:29,Opel,192,16,0.0833
2026-07-17T09:37:29,Peugeot,2840,297,0.1046
2026-07-17T09:37:29,Porsche,41,11,0.2683
2026-07-17T09:37:29,Renault,4294,387,0.0901
2026-07-17T09:37:29,Seat,115,0,0.0
2026-07-17T09:37:29,Skoda,105,3,0.0286
2026-07-17T09:37:29,Smart,7,7,1.0
2026-07-17T09:37:29,Subaru,2,1,0.5
2026-07-17T09:37:29,Suzuki,75,3,0.04
2026-07-17T09:37:29,Tesla,1,1,1.0
2026-07-17T09:37:29,Toyota,563,12,0.0213
2026-07-17T09:37:29,Volkswagen,555,38,0.0685
2026-07-17T09:37:29,Volvo,160,51,0.3187
2026-07-17T09:14:44,Abarth,6,3,0.5
2026-07-17T09:14:44,Alfa Romeo,18,0,0.0
2026-07-17T09:14:44,Alpine,44,15,0.3409
2026-07-17T09:14:44,Aston Martin,1,0,0.0
2026-07-17T09:14:44,Audi,310,29,0.0935
2026-07-17T09:14:44,Bmw,771,90,0.1167
2026-07-17T09:14:44,Byd,9,7,0.7778
2026-07-17T09:14:44,Citroen,1475,74,0.0502
2026-07-17T09:14:44,Cupra,35,3,0.0857
2026-07-17T09:14:44,Dacia,1382,163,0.1179
2026-07-17T09:14:44,Ds,329,31,0.0942
2026-07-17T09:14:44,Fiat,122,25,0.2049
2026-07-17T09:14:44,Ford,408,49,0.1201
2026-07-17T09:14:44,Honda,6,0,0.0
2026-07-17T09:14:44,Hyundai,121,2,0.0165
2026-07-17T09:14:44,Isuzu,1,0,0.0
2026-07-17T09:14:44,Iveco,1,0,0.0
2026-07-17T09:14:44,Jaguar,15,2,0.1333
2026-07-17T09:14:44,Jeep,30,0,0.0
2026-07-17T09:14:44,Kia,153,10,0.0654
2026-07-17T09:14:44,Land-Rover,83,0,0.0
2026-07-17T09:14:44,Leapmotor,8,4,0.5
2026-07-17T09:14:44,Lexus,76,4,0.0526
2026-07-17T09:14:44,Man,1,0,0.0
2026-07-17T09:14:44,Maserati,9,3,0.3333
2026-07-17T09:14:44,Mazda,25,0,0.0
2026-07-17T09:14:44,Mercedes,794,118,0.1486
2026-07-17T09:14:44,Mg,63,27,0.4286
2026-07-17T09:14:44,Mini,291,53,0.1821
2026-07-17T09:14:44,Mitsubishi,121,0,0.0
2026-07-17T09:14:44,Mobilize,3,3,1.0
2026-07-17T09:14:44,Nissan,617,29,0.047
2026-07-17T09:14:44,Opel,192,16,0.0833
2026-07-17T09:14:44,Peugeot,2848,298,0.1046
2026-07-17T09:14:44,Porsche,41,11,0.2683
2026-07-17T09:14:44,Renault,4316,389,0.0901
2026-07-17T09:14:44,Seat,115,0,0.0
2026-07-17T09:14:44,Skoda,105,3,0.0286
2026-07-17T09:14:44,Smart,7,7,1.0
2026-07-17T09:14:44,Subaru,2,1,0.5
2026-07-17T09:14:44,Suzuki,75,3,0.04
2026-07-17T09:14:44,Tesla,1,1,1.0
2026-07-17T09:14:44,Toyota,564,12,0.0213
2026-07-17T09:14:44,Volkswagen,557,38,0.0682
2026-07-17T09:14:44,Volvo,160,51,0.3187
2026-07-17T10:48:07,Abarth,6,3,0.5
2026-07-17T10:48:07,Alfa Romeo,18,0,0.0
2026-07-17T10:48:07,Alpine,44,15,0.3409
2026-07-17T10:48:07,Aston Martin,1,0,0.0
2026-07-17T10:48:07,Audi,310,29,0.0935
2026-07-17T10:48:07,Bmw,771,90,0.1167
2026-07-17T10:48:07,Byd,9,7,0.7778
2026-07-17T10:48:07,Citroen,1474,74,0.0502
2026-07-17T10:48:07,Cupra,35,3,0.0857
2026-07-17T10:48:07,Dacia,1382,163,0.1179
2026-07-17T10:48:07,Ds,329,31,0.0942
2026-07-17T10:48:07,Fiat,122,25,0.2049
2026-07-17T10:48:07,Ford,408,49,0.1201
2026-07-17T10:48:07,Honda,6,0,0.0
2026-07-17T10:48:07,Hyundai,121,2,0.0165
2026-07-17T10:48:07,Isuzu,1,0,0.0
2026-07-17T10:48:07,Iveco,1,0,0.0
2026-07-17T10:48:07,Jaguar,15,2,0.1333
2026-07-17T10:48:07,Jeep,30,0,0.0
2026-07-17T10:48:07,Kia,153,10,0.0654
2026-07-17T10:48:07,Land-Rover,83,0,0.0
2026-07-17T10:48:07,Leapmotor,8,4,0.5
2026-07-17T10:48:07,Lexus,76,4,0.0526
2026-07-17T10:48:07,Man,1,0,0.0
2026-07-17T10:48:07,Maserati,9,3,0.3333
2026-07-17T10:48:07,Mazda,25,0,0.0
2026-07-17T10:48:07,Mercedes,794,118,0.1486
2026-07-17T10:48:07,Mg,63,27,0.4286
2026-07-17T10:48:07,Mini,291,53,0.1821
2026-07-17T10:48:07,Mitsubishi,121,0,0.0
2026-07-17T10:48:07,Mobilize,3,3,1.0
2026-07-17T10:48:07,Nissan,617,29,0.047
2026-07-17T10:48:07,Opel,191,16,0.0838
2026-07-17T10:48:07,Peugeot,2848,298,0.1046
2026-07-17T10:48:07,Porsche,41,11,0.2683
2026-07-17T10:48:07,Renault,4315,389,0.0902
2026-07-17T10:48:07,Seat,115,0,0.0
2026-07-17T10:48:07,Skoda,105,3,0.0286
2026-07-17T10:48:07,Smart,7,7,1.0
2026-07-17T10:48:07,Subaru,2,1,0.5
2026-07-17T10:48:07,Suzuki,75,3,0.04
2026-07-17T10:48:07,Tesla,1,1,1.0
2026-07-17T10:48:07,Toyota,564,12,0.0213
2026-07-17T10:48:07,Volkswagen,557,38,0.0682
2026-07-17T10:48:07,Volvo,160,51,0.3187
2026-07-18T10:10:20,Abarth,6,3,0.5
2026-07-18T10:10:20,Alfa Romeo,19,0,0.0
2026-07-18T10:10:20,Alpine,45,15,0.3333
2026-07-18T10:10:20,Aston Martin,1,0,0.0
2026-07-18T10:10:20,Audi,307,28,0.0912
2026-07-18T10:10:20,Bmw,771,90,0.1167
2026-07-18T10:10:20,Byd,9,7,0.7778
2026-07-18T10:10:20,Citroen,1458,74,0.0508
2026-07-18T10:10:20,Cupra,35,4,0.1143
2026-07-18T10:10:20,Dacia,1393,167,0.1199
2026-07-18T10:10:20,Ds,324,30,0.0926
2026-07-18T10:10:20,Fiat,118,22,0.1864
2026-07-18T10:10:20,Ford,408,49,0.1201
2026-07-18T10:10:20,Honda,6,0,0.0
2026-07-18T10:10:20,Hyundai,120,2,0.0167
2026-07-18T10:10:20,Isuzu,1,0,0.0
2026-07-18T10:10:20,Iveco,1,0,0.0
2026-07-18T10:10:20,Jaguar,15,2,0.1333
2026-07-18T10:10:20,Jeep,30,0,0.0
2026-07-18T10:10:20,Kia,156,10,0.0641
2026-07-18T10:10:20,Land-Rover,84,0,0.0
2026-07-18T10:10:20,Leapmotor,8,4,0.5
2026-07-18T10:10:20,Lexus,84,5,0.0595
2026-07-18T10:10:20,Man,1,0,0.0
2026-07-18T10:10:20,Maserati,9,3,0.3333
2026-07-18T10:10:20,Mazda,28,0,0.0
2026-07-18T10:10:20,Mercedes,796,117,0.147
2026-07-18T10:10:20,Mg,62,27,0.4355
2026-07-18T10:10:20,Mini,292,52,0.1781
2026-07-18T10:10:20,Mitsubishi,121,0,0.0
2026-07-18T10:10:20,Mobilize,3,3,1.0
2026-07-18T10:10:20,Nissan,621,30,0.0483
2026-07-18T10:10:20,Opel,191,16,0.0838
2026-07-18T10:10:20,Peugeot,2867,305,0.1064
2026-07-18T10:10:20,Porsche,41,11,0.2683
2026-07-18T10:10:20,Renault,4328,390,0.0901
2026-07-18T10:10:20,Seat,118,0,0.0
2026-07-18T10:10:20,Skoda,108,3,0.0278
2026-07-18T10:10:20,Smart,7,7,1.0
2026-07-18T10:10:20,Subaru,2,1,0.5
2026-07-18T10:10:20,Suzuki,74,3,0.0405
2026-07-18T10:10:20,Tesla,1,1,1.0
2026-07-18T10:10:20,Toyota,564,11,0.0195
2026-07-18T10:10:20,Volkswagen,558,38,0.0681
2026-07-18T10:10:20,Volvo,160,51,0.3187
2026-07-19T07:46:27,Abarth,6,3,0.5
2026-07-19T07:46:27,Alfa Romeo,19,0,0.0
2026-07-19T07:46:27,Alpine,45,15,0.3333
2026-07-19T07:46:27,Aston Martin,1,0,0.0
2026-07-19T07:46:27,Audi,306,29,0.0948
2026-07-19T07:46:27,Bmw,761,87,0.1143
2026-07-19T07:46:27,Byd,10,8,0.8
2026-07-19T07:46:27,Citroen,1457,76,0.0522
2026-07-19T07:46:27,Cupra,35,4,0.1143
2026-07-19T07:46:27,Dacia,1371,164,0.1196
2026-07-19T07:46:27,Ds,320,29,0.0906
2026-07-19T07:46:27,Fiat,123,23,0.187
2026-07-19T07:46:27,Ford,410,49,0.1195
2026-07-19T07:46:27,Honda,6,0,0.0
2026-07-19T07:46:27,Hyundai,113,1,0.0088
2026-07-19T07:46:27,Isuzu,1,0,0.0
2026-07-19T07:46:27,Iveco,1,0,0.0
2026-07-19T07:46:27,Jaguar,15,2,0.1333
2026-07-19T07:46:27,Jeep,30,0,0.0
2026-07-19T07:46:27,Kia,153,11,0.0719
2026-07-19T07:46:27,Land-Rover,85,0,0.0
2026-07-19T07:46:27,Leapmotor,8,4,0.5
2026-07-19T07:46:27,Lexus,83,5,0.0602
2026-07-19T07:46:27,Man,1,0,0.0
2026-07-19T07:46:27,Maserati,9,3,0.3333
2026-07-19T07:46:27,Mazda,28,0,0.0
2026-07-19T07:46:27,Mercedes,787,115,0.1461
2026-07-19T07:46:27,Mg,62,28,0.4516
2026-07-19T07:46:27,Mini,280,51,0.1821
2026-07-19T07:46:27,Mitsubishi,118,0,0.0
2026-07-19T07:46:27,Mobilize,3,3,1.0
2026-07-19T07:46:27,Nissan,617,30,0.0486
2026-07-19T07:46:27,Opel,188,16,0.0851
2026-07-19T07:46:27,Peugeot,2840,306,0.1077
2026-07-19T07:46:27,Porsche,40,11,0.275
2026-07-19T07:46:27,Renault,4286,389,0.0908
2026-07-19T07:46:27,Seat,118,0,0.0
2026-07-19T07:46:27,Skoda,106,3,0.0283
2026-07-19T07:46:27,Smart,7,7,1.0
2026-07-19T07:46:27,Subaru,2,1,0.5
2026-07-19T07:46:27,Suzuki,73,3,0.0411
2026-07-19T07:46:27,Toyota,550,10,0.0182
2026-07-19T07:46:27,Volkswagen,548,37,0.0675
2026-07-19T07:46:27,Volvo,157,50,0.3185
2026-07-19T10:19:27,Abarth,6,3,0.5
2026-07-19T10:19:27,Alfa Romeo,19,0,0.0
2026-07-19T10:19:27,Alpine,45,15,0.3333
2026-07-19T10:19:27,Aston Martin,1,0,0.0
2026-07-19T10:19:27,Audi,306,29,0.0948
2026-07-19T10:19:27,Bmw,761,87,0.1143
2026-07-19T10:19:27,Byd,10,8,0.8
2026-07-19T10:19:27,Citroen,1457,76,0.0522
2026-07-19T10:19:27,Cupra,35,4,0.1143
2026-07-19T10:19:27,Dacia,1371,164,0.1196
2026-07-19T10:19:27,Ds,320,29,0.0906
2026-07-19T10:19:27,Fiat,123,23,0.187
2026-07-19T10:19:27,Ford,410,49,0.1195
2026-07-19T10:19:27,Honda,6,0,0.0
2026-07-19T10:19:27,Hyundai,113,1,0.0088
2026-07-19T10:19:27,Isuzu,1,0,0.0
2026-07-19T10:19:27,Iveco,1,0,0.0
2026-07-19T10:19:27,Jaguar,15,2,0.1333
2026-07-19T10:19:27,Jeep,30,0,0.0
2026-07-19T10:19:27,Kia,153,11,0.0719
2026-07-19T10:19:27,Land-Rover,85,0,0.0
2026-07-19T10:19:27,Leapmotor,8,4,0.5
2026-07-19T10:19:27,Lexus,83,5,0.0602
2026-07-19T10:19:27,Man,1,0,0.0
2026-07-19T10:19:27,Maserati,9,3,0.3333
2026-07-19T10:19:27,Mazda,28,0,0.0
2026-07-19T10:19:27,Mercedes,787,115,0.1461
2026-07-19T10:19:27,Mg,62,28,0.4516
2026-07-19T10:19:27,Mini,280,51,0.1821
2026-07-19T10:19:27,Mitsubishi,118,0,0.0
2026-07-19T10:19:27,Mobilize,3,3,1.0
2026-07-19T10:19:27,Nissan,617,30,0.0486
2026-07-19T10:19:27,Opel,188,16,0.0851
2026-07-19T10:19:27,Peugeot,2840,306,0.1077
2026-07-19T10:19:27,Porsche,40,11,0.275
2026-07-19T10:19:27,Renault,4286,389,0.0908
2026-07-19T10:19:27,Seat,118,0,0.0
2026-07-19T10:19:27,Skoda,106,3,0.0283
2026-07-19T10:19:27,Smart,7,7,1.0
2026-07-19T10:19:27,Subaru,2,1,0.5
2026-07-19T10:19:27,Suzuki,73,3,0.0411
2026-07-19T10:19:27,Toyota,550,10,0.0182
2026-07-19T10:19:27,Volkswagen,548,37,0.0675
2026-07-19T10:19:27,Volvo,157,50,0.3185
2026-07-20T11:37:06,Abarth,6,3,0.5
2026-07-20T11:37:06,Alfa Romeo,20,0,0.0
2026-07-20T11:37:06,Alpine,45,15,0.3333
2026-07-20T11:37:06,Aston Martin,1,0,0.0
2026-07-20T11:37:06,Audi,310,29,0.0935
2026-07-20T11:37:06,Bmw,762,87,0.1142
2026-07-20T11:37:06,Byd,11,8,0.7273
2026-07-20T11:37:06,Citroen,1460,75,0.0514
2026-07-20T11:37:06,Cupra,35,4,0.1143
2026-07-20T11:37:06,Dacia,1397,170,0.1217
2026-07-20T11:37:06,Ds,322,29,0.0901
2026-07-20T11:37:06,Fiat,126,26,0.2063
2026-07-20T11:37:06,Ford,415,49,0.1181
2026-07-20T11:37:06,Honda,6,0,0.0
2026-07-20T11:37:06,Hyundai,113,1,0.0088
2026-07-20T11:37:06,Isuzu,1,0,0.0
2026-07-20T11:37:06,Iveco,1,0,0.0
2026-07-20T11:37:06,Jaguar,15,2,0.1333
2026-07-20T11:37:06,Jeep,31,0,0.0
2026-07-20T11:37:06,Kia,156,11,0.0705
2026-07-20T11:37:06,Land-Rover,85,0,0.0
2026-07-20T11:37:06,Leapmotor,8,4,0.5
2026-07-20T11:37:06,Lexus,80,5,0.0625
2026-07-20T11:37:06,Man,1,0,0.0
2026-07-20T11:37:06,Maserati,9,3,0.3333
2026-07-20T11:37:06,Mazda,28,0,0.0
2026-07-20T11:37:06,Mercedes,788,115,0.1459
2026-07-20T11:37:06,Mg,63,28,0.4444
2026-07-20T11:37:06,Mini,282,51,0.1809
2026-07-20T11:37:06,Mitsubishi,118,0,0.0
2026-07-20T11:37:06,Mobilize,3,3,1.0
2026-07-20T11:37:06,Nissan,627,31,0.0494
2026-07-20T11:37:06,Opel,194,18,0.0928
2026-07-20T11:37:06,Peugeot,2841,309,0.1088
2026-07-20T11:37:06,Porsche,39,11,0.2821
2026-07-20T11:37:06,Renault,4322,397,0.0919
2026-07-20T11:37:06,Seat,120,0,0.0
2026-07-20T11:37:06,Skoda,106,3,0.0283
2026-07-20T11:37:06,Smart,7,7,1.0
2026-07-20T11:37:06,Subaru,2,1,0.5
2026-07-20T11:37:06,Suzuki,74,3,0.0405
2026-07-20T11:37:06,Toyota,567,10,0.0176
2026-07-20T11:37:06,Volkswagen,550,37,0.0673
2026-07-20T11:37:06,Volvo,157,50,0.3185
2026-07-21T10:57:00,Abarth,6,3,0.5
2026-07-21T10:57:00,Alfa Romeo,19,0,0.0
2026-07-21T10:57:00,Alpine,45,15,0.3333
2026-07-21T10:57:00,Aston Martin,1,0,0.0
2026-07-21T10:57:00,Audi,312,28,0.0897
2026-07-21T10:57:00,Bmw,767,87,0.1134
2026-07-21T10:57:00,Byd,11,8,0.7273
2026-07-21T10:57:00,Citroen,1450,75,0.0517
2026-07-21T10:57:00,Cupra,35,4,0.1143
2026-07-21T10:57:00,Dacia,1382,170,0.123
2026-07-21T10:57:00,Ds,319,29,0.0909
2026-07-21T10:57:00,Fiat,124,26,0.2097
2026-07-21T10:57:00,Ford,414,49,0.1184
2026-07-21T10:57:00,Honda,7,1,0.1429
2026-07-21T10:57:00,Hyundai,112,1,0.0089
2026-07-21T10:57:00,Isuzu,1,0,0.0
2026-07-21T10:57:00,Iveco,1,0,0.0
2026-07-21T10:57:00,Jaguar,15,2,0.1333
2026-07-21T10:57:00,Jeep,31,0,0.0
2026-07-21T10:57:00,Kia,153,11,0.0719
2026-07-21T10:57:00,Land-Rover,84,0,0.0
2026-07-21T10:57:00,Leapmotor,8,4,0.5
2026-07-21T10:57:00,Lexus,80,5,0.0625
2026-07-21T10:57:00,Man,1,0,0.0
2026-07-21T10:57:00,Maserati,9,3,0.3333
2026-07-21T10:57:00,Mazda,27,0,0.0
2026-07-21T10:57:00,Mercedes,797,114,0.143
2026-07-21T10:57:00,Mg,64,28,0.4375
2026-07-21T10:57:00,Mini,282,51,0.1809
2026-07-21T10:57:00,Mitsubishi,118,0,0.0
2026-07-21T10:57:00,Mobilize,3,3,1.0
2026-07-21T10:57:00,Nissan,630,31,0.0492
2026-07-21T10:57:00,Opel,195,17,0.0872
2026-07-21T10:57:00,Peugeot,2820,308,0.1092
2026-07-21T10:57:00,Porsche,39,11,0.2821
2026-07-21T10:57:00,Renault,4306,400,0.0929
2026-07-21T10:57:00,Seat,122,0,0.0
2026-07-21T10:57:00,Skoda,105,3,0.0286
2026-07-21T10:57:00,Smart,7,7,1.0
2026-07-21T10:57:00,Subaru,2,1,0.5
2026-07-21T10:57:00,Suzuki,72,3,0.0417
2026-07-21T10:57:00,Toyota,566,10,0.0177
2026-07-21T10:57:00,Volkswagen,550,35,0.0636
2026-07-21T10:57:00,Volvo,156,51,0.3269
2026-07-22T10:59:05,Abarth,6,3,0.5
2026-07-22T10:59:05,Alfa Romeo,20,0,0.0
2026-07-22T10:59:05,Alpine,45,15,0.3333
2026-07-22T10:59:05,Aston Martin,1,0,0.0
2026-07-22T10:59:05,Audi,315,28,0.0889
2026-07-22T10:59:05,Bmw,789,89,0.1128
2026-07-22T10:59:05,Byd,11,8,0.7273
2026-07-22T10:59:05,Citroen,1461,74,0.0507
2026-07-22T10:59:05,Cupra,35,4,0.1143
2026-07-22T10:59:05,Dacia,1410,177,0.1255
2026-07-22T10:59:05,Ds,326,29,0.089
2026-07-22T10:59:05,Fiat,118,24,0.2034
2026-07-22T10:59:05,Ford,417,52,0.1247
2026-07-22T10:59:05,Honda,5,1,0.2
2026-07-22T10:59:05,Hyundai,113,1,0.0088
2026-07-22T10:59:05,Isuzu,1,0,0.0
2026-07-22T10:59:05,Iveco,2,0,0.0
2026-07-22T10:59:05,Jaecoo,4,0,0.0
2026-07-22T10:59:05,Jaguar,15,2,0.1333
2026-07-22T10:59:05,Jeep,31,0,0.0
2026-07-22T10:59:05,Kia,151,11,0.0728
2026-07-22T10:59:05,Land-Rover,82,0,0.0
2026-07-22T10:59:05,Leapmotor,8,4,0.5
2026-07-22T10:59:05,Lexus,83,5,0.0602
2026-07-22T10:59:05,Man,1,0,0.0
2026-07-22T10:59:05,Maserati,9,3,0.3333
2026-07-22T10:59:05,Mazda,27,0,0.0
2026-07-22T10:59:05,Mercedes,814,114,0.14
2026-07-22T10:59:05,Mg,70,29,0.4143
2026-07-22T10:59:05,Mini,286,51,0.1783
2026-07-22T10:59:05,Mitsubishi,121,0,0.0
2026-07-22T10:59:05,Mobilize,3,3,1.0
2026-07-22T10:59:05,Nissan,629,31,0.0493
2026-07-22T10:59:05,Opel,198,17,0.0859
2026-07-22T10:59:05,Peugeot,2856,310,0.1085
2026-07-22T10:59:05,Porsche,40,11,0.275
2026-07-22T10:59:05,Renault,4356,411,0.0944
2026-07-22T10:59:05,Seat,119,0,0.0
2026-07-22T10:59:05,Skoda,104,3,0.0288
2026-07-22T10:59:05,Smart,7,7,1.0
2026-07-22T10:59:05,Subaru,1,0,0.0
2026-07-22T10:59:05,Suzuki,76,3,0.0395
2026-07-22T10:59:05,Toyota,554,10,0.0181
2026-07-22T10:59:05,Volkswagen,567,37,0.0653
2026-07-22T10:59:05,Volvo,156,51,0.3269
2026-07-23T11:01:45,Abarth,6,3,0.5
2026-07-23T11:01:45,Alfa Romeo,20,0,0.0
2026-07-23T11:01:45,Alpine,46,16,0.3478
2026-07-23T11:01:45,Aston Martin,1,0,0.0
2026-07-23T11:01:45,Audi,325,27,0.0831
2026-07-23T11:01:45,Bmw,804,90,0.1119
2026-07-23T11:01:45,Byd,11,8,0.7273
2026-07-23T11:01:45,Citroen,1467,74,0.0504
2026-07-23T11:01:45,Cupra,36,4,0.1111
2026-07-23T11:01:45,Dacia,1458,192,0.1317
2026-07-23T11:01:45,Ds,331,29,0.0876
2026-07-23T11:01:45,Fiat,123,27,0.2195
2026-07-23T11:01:45,Ford,425,52,0.1224
2026-07-23T11:01:45,Honda,6,1,0.1667
2026-07-23T11:01:45,Hyundai,112,1,0.0089
2026-07-23T11:01:45,Isuzu,1,0,0.0
2026-07-23T11:01:45,Iveco,3,0,0.0
2026-07-23T11:01:45,Jaecoo,4,0,0.0
2026-07-23T11:01:45,Jaguar,15,2,0.1333
2026-07-23T11:01:45,Jeep,31,0,0.0
2026-07-23T11:01:45,Kia,155,11,0.071
2026-07-23T11:01:45,Land-Rover,82,0,0.0
2026-07-23T11:01:45,Leapmotor,8,4,0.5
2026-07-23T11:01:45,Lexus,83,5,0.0602
2026-07-23T11:01:45,Man,1,0,0.0
2026-07-23T11:01:45,Maserati,9,3,0.3333
2026-07-23T11:01:45,Mazda,26,0,0.0
2026-07-23T11:01:45,Mercedes,822,115,0.1399
2026-07-23T11:01:45,Mg,74,29,0.3919
2026-07-23T11:01:45,Mini,298,56,0.1879
2026-07-23T11:01:45,Mitsubishi,132,0,0.0
2026-07-23T11:01:45,Mobilize,3,3,1.0
2026-07-23T11:01:45,Nissan,640,32,0.05
2026-07-23T11:01:45,Opel,202,17,0.0842
2026-07-23T11:01:45,Peugeot,2900,315,0.1086
2026-07-23T11:01:45,Porsche,40,11,0.275
2026-07-23T11:01:45,Renault,4480,431,0.0962
2026-07-23T11:01:45,Seat,119,0,0.0
2026-07-23T11:01:45,Skoda,103,3,0.0291
2026-07-23T11:01:45,Smart,7,7,1.0
2026-07-23T11:01:45,Subaru,1,0,0.0
2026-07-23T11:01:45,Suzuki,78,3,0.0385
2026-07-23T11:01:45,Toyota,571,10,0.0175
2026-07-23T11:01:45,Volkswagen,571,37,0.0648
2026-07-23T11:01:45,Volvo,156,50,0.3205
2026-07-24T10:54:26,Abarth,6,3,0.5
2026-07-24T10:54:26,Alfa Romeo,20,0,0.0
2026-07-24T10:54:26,Alpine,46,16,0.3478
2026-07-24T10:54:26,Aston Martin,1,0,0.0
2026-07-24T10:54:26,Audi,330,28,0.0848
2026-07-24T10:54:26,Bmw,803,91,0.1133
2026-07-24T10:54:26,Byd,11,8,0.7273
2026-07-24T10:54:26,Citroen,1479,71,0.048
2026-07-24T10:54:26,Cupra,36,4,0.1111
2026-07-24T10:54:26,Dacia,1453,193,0.1328
2026-07-24T10:54:26,Ds,334,29,0.0868
2026-07-24T10:54:26,Fiat,118,26,0.2203
2026-07-24T10:54:26,Ford,424,51,0.1203
2026-07-24T10:54:26,Honda,7,1,0.1429
2026-07-24T10:54:26,Hyundai,114,1,0.0088
2026-07-24T10:54:26,Isuzu,1,0,0.0
2026-07-24T10:54:26,Iveco,3,0,0.0
2026-07-24T10:54:26,Jaecoo,4,0,0.0
2026-07-24T10:54:26,Jaguar,15,2,0.1333
2026-07-24T10:54:26,Jeep,30,0,0.0
2026-07-24T10:54:26,Kia,156,11,0.0705
2026-07-24T10:54:26,Land-Rover,84,0,0.0
2026-07-24T10:54:26,Leapmotor,8,4,0.5
2026-07-24T10:54:26,Lexus,84,5,0.0595
2026-07-24T10:54:26,Man,1,0,0.0
2026-07-24T10:54:26,Maserati,9,3,0.3333
2026-07-24T10:54:26,Mazda,26,0,0.0
2026-07-24T10:54:26,Mercedes,822,115,0.1399
2026-07-24T10:54:26,Mg,75,29,0.3867
2026-07-24T10:54:26,Mini,298,54,0.1812
2026-07-24T10:54:26,Mitsubishi,130,0,0.0
2026-07-24T10:54:26,Mobilize,3,3,1.0
2026-07-24T10:54:26,Nissan,648,31,0.0478
2026-07-24T10:54:26,Opel,206,19,0.0922
2026-07-24T10:54:26,Peugeot,2931,319,0.1088
2026-07-24T10:54:26,Porsche,41,11,0.2683
2026-07-24T10:54:26,Renault,4486,430,0.0959
2026-07-24T10:54:26,Seat,117,0,0.0
2026-07-24T10:54:26,Skoda,104,3,0.0288
2026-07-24T10:54:26,Smart,7,7,1.0
2026-07-24T10:54:26,Subaru,1,0,0.0
2026-07-24T10:54:26,Suzuki,78,3,0.0385
2026-07-24T10:54:26,Toyota,567,9,0.0159
2026-07-24T10:54:26,Volkswagen,566,37,0.0654
2026-07-24T10:54:26,Volvo,156,50,0.3205
2026-07-25T10:21:08,Abarth,6,3,0.5
2026-07-25T10:21:08,Alfa Romeo,19,0,0.0
2026-07-25T10:21:08,Alpine,46,16,0.3478
2026-07-25T10:21:08,Aston Martin,1,0,0.0
2026-07-25T10:21:08,Audi,328,28,0.0854
2026-07-25T10:21:08,Bmw,795,90,0.1132
2026-07-25T10:21:08,Byd,11,8,0.7273
2026-07-25T10:21:08,Citroen,1470,69,0.0469
2026-07-25T10:21:08,Cupra,36,4,0.1111
2026-07-25T10:21:08,Dacia,1437,190,0.1322
2026-07-25T10:21:08,Ds,329,29,0.0881
2026-07-25T10:21:08,Fiat,119,26,0.2185
2026-07-25T10:21:08,Ford,424,51,0.1203
2026-07-25T10:21:08,Honda,7,1,0.1429
2026-07-25T10:21:08,Hyundai,111,1,0.009
2026-07-25T10:21:08,Isuzu,1,0,0.0
2026-07-25T10:21:08,Iveco,3,0,0.0
2026-07-25T10:21:08,Jaecoo,4,0,0.0
2026-07-25T10:21:08,Jaguar,15,2,0.1333
2026-07-25T10:21:08,Jeep,31,0,0.0
2026-07-25T10:21:08,Kia,156,11,0.0705
2026-07-25T10:21:08,Land-Rover,85,0,0.0
2026-07-25T10:21:08,Leapmotor,8,4,0.5
2026-07-25T10:21:08,Lexus,83,5,0.0602
2026-07-25T10:21:08,Man,1,0,0.0
2026-07-25T10:21:08,Maserati,9,3,0.3333
2026-07-25T10:21:08,Mazda,25,0,0.0
2026-07-25T10:21:08,Mercedes,821,116,0.1413
2026-07-25T10:21:08,Mg,74,29,0.3919
2026-07-25T10:21:08,Mini,296,53,0.1791
2026-07-25T10:21:08,Mitsubishi,131,0,0.0
2026-07-25T10:21:08,Mobilize,3,3,1.0
2026-07-25T10:21:08,Nissan,650,31,0.0477
2026-07-25T10:21:08,Opel,207,18,0.087
2026-07-25T10:21:08,Peugeot,2924,317,0.1084
2026-07-25T10:21:08,Porsche,41,11,0.2683
2026-07-25T10:21:08,Renault,4445,421,0.0947
2026-07-25T10:21:08,Seat,119,0,0.0
2026-07-25T10:21:08,Skoda,106,3,0.0283
2026-07-25T10:21:08,Smart,7,7,1.0
2026-07-25T10:21:08,Subaru,1,0,0.0
2026-07-25T10:21:08,Suzuki,78,3,0.0385
2026-07-25T10:21:08,Toyota,567,9,0.0159
2026-07-25T10:21:08,Volkswagen,571,37,0.0648
2026-07-25T10:21:08,Volvo,152,49,0.3224
2026-07-26T10:30:04,Abarth,7,3,0.4286
2026-07-26T10:30:04,Alfa Romeo,19,0,0.0
2026-07-26T10:30:04,Alpine,46,16,0.3478
2026-07-26T10:30:04,Aston Martin,1,0,0.0
2026-07-26T10:30:04,Audi,332,29,0.0873
2026-07-26T10:30:04,Bmw,800,90,0.1125
2026-07-26T10:30:04,Byd,11,8,0.7273
2026-07-26T10:30:04,Citroen,1476,69,0.0467
2026-07-26T10:30:04,Cupra,37,4,0.1081
2026-07-26T10:30:04,Dacia,1452,194,0.1336
2026-07-26T10:30:04,Ds,339,30,0.0885
2026-07-26T10:30:04,Fiat,121,27,0.2231
2026-07-26T10:30:04,Ford,422,51,0.1209
2026-07-26T10:30:04,Honda,7,1,0.1429
2026-07-26T10:30:04,Hyundai,109,1,0.0092
2026-07-26T10:30:04,Isuzu,1,0,0.0
2026-07-26T10:30:04,Iveco,3,0,0.0
2026-07-26T10:30:04,Jaecoo,4,0,0.0
2026-07-26T10:30:04,Jaguar,15,2,0.1333
2026-07-26T10:30:04,Jeep,31,0,0.0
2026-07-26T10:30:04,Kia,155,13,0.0839
2026-07-26T10:30:04,Land-Rover,84,0,0.0
2026-07-26T10:30:04,Leapmotor,8,4,0.5
2026-07-26T10:30:04,Lexus,89,6,0.0674
2026-07-26T10:30:04,Man,1,0,0.0
2026-07-26T10:30:04,Maserati,9,3,0.3333
2026-07-26T10:30:04,Mazda,24,0,0.0
2026-07-26T10:30:04,Mercedes,815,116,0.1423
2026-07-26T10:30:04,Mg,81,31,0.3827
2026-07-26T10:30:04,Mini,297,53,0.1785
2026-07-26T10:30:04,Mitsubishi,132,0,0.0
2026-07-26T10:30:04,Mobilize,3,3,1.0
2026-07-26T10:30:04,Nissan,661,33,0.0499
2026-07-26T10:30:04,Opel,209,18,0.0861
2026-07-26T10:30:04,Peugeot,2956,324,0.1096
2026-07-26T10:30:04,Porsche,40,11,0.275
2026-07-26T10:30:04,Renault,4484,440,0.0981
2026-07-26T10:30:04,Seat,119,0,0.0
2026-07-26T10:30:04,Skoda,109,3,0.0275
2026-07-26T10:30:04,Smart,7,7,1.0
2026-07-26T10:30:04,Subaru,1,0,0.0
2026-07-26T10:30:04,Suzuki,78,3,0.0385
2026-07-26T10:30:04,Tesla,1,1,1.0
2026-07-26T10:30:04,Toyota,568,9,0.0158
2026-07-26T10:30:04,Volkswagen,568,38,0.0669
2026-07-26T10:30:04,Volvo,154,49,0.3182
2026-07-27T12:12:24,Abarth,7,3,0.4286
2026-07-27T12:12:24,Alfa Romeo,19,0,0.0
2026-07-27T12:12:24,Alpine,45,16,0.3556
2026-07-27T12:12:24,Aston Martin,1,0,0.0
2026-07-27T12:12:24,Audi,332,29,0.0873
2026-07-27T12:12:24,Bmw,801,90,0.1124
2026-07-27T12:12:24,Byd,11,8,0.7273
2026-07-27T12:12:24,Citroen,1471,69,0.0469
2026-07-27T12:12:24,Cupra,37,4,0.1081
2026-07-27T12:12:24,Dacia,1450,196,0.1352
2026-07-27T12:12:24,Ds,340,30,0.0882
2026-07-27T12:12:24,Fiat,120,27,0.225
2026-07-27T12:12:24,Ford,423,51,0.1206
2026-07-27T12:12:24,Honda,7,1,0.1429
2026-07-27T12:12:24,Hyundai,111,1,0.009
2026-07-27T12:12:24,Isuzu,1,0,0.0
2026-07-27T12:12:24,Iveco,3,0,0.0
2026-07-27T12:12:24,Jaecoo,4,0,0.0
2026-07-27T12:12:24,Jaguar,15,2,0.1333
2026-07-27T12:12:24,Jeep,31,0,0.0
2026-07-27T12:12:24,Kia,154,13,0.0844
2026-07-27T12:12:24,Land-Rover,84,0,0.0
2026-07-27T12:12:24,Leapmotor,8,4,0.5
2026-07-27T12:12:24,Lexus,89,6,0.0674
2026-07-27T12:12:24,Man,1,0,0.0
2026-07-27T12:12:24,Maserati,9,3,0.3333
2026-07-27T12:12:24,Mazda,24,0,0.0
2026-07-27T12:12:24,Mercedes,823,116,0.1409
2026-07-27T12:12:24,Mg,82,31,0.378
2026-07-27T12:12:24,Mini,298,55,0.1846
2026-07-27T12:12:24,Mitsubishi,133,0,0.0
2026-07-27T12:12:24,Mobilize,3,3,1.0
2026-07-27T12:12:24,Nissan,661,32,0.0484
2026-07-27T12:12:24,Opel,210,18,0.0857
2026-07-27T12:12:24,Peugeot,2950,328,0.1112
2026-07-27T12:12:24,Porsche,40,11,0.275
2026-07-27T12:12:24,Renault,4493,441,0.0982
2026-07-27T12:12:24,Seat,119,0,0.0
2026-07-27T12:12:24,Skoda,109,3,0.0275
2026-07-27T12:12:24,Smart,7,7,1.0
2026-07-27T12:12:24,Subaru,1,0,0.0
2026-07-27T12:12:24,Suzuki,78,3,0.0385
2026-07-27T12:12:24,Tesla,1,1,1.0
2026-07-27T12:12:24,Toyota,574,9,0.0157
2026-07-27T12:12:24,Volkswagen,572,39,0.0682
2026-07-27T12:12:24,Volvo,154,49,0.3182
2026-07-28T11:09:29,Abarth,6,3,0.5
2026-07-28T11:09:29,Alfa Romeo,19,0,0.0
2026-07-28T11:09:29,Alpine,47,18,0.383
2026-07-28T11:09:29,Aston Martin,1,0,0.0
2026-07-28T11:09:29,Audi,328,29,0.0884
2026-07-28T11:09:29,Bmw,791,91,0.115
2026-07-28T11:09:29,Byd,10,8,0.8
2026-07-28T11:09:29,Citroen,1463,70,0.0478
2026-07-28T11:09:29,Cupra,36,4,0.1111
2026-07-28T11:09:29,Dacia,1435,195,0.1359
2026-07-28T11:09:29,Ds,340,30,0.0882
2026-07-28T11:09:29,Fiat,114,27,0.2368
2026-07-28T11:09:29,Ford,418,51,0.122
2026-07-28T11:09:29,Honda,7,1,0.1429
2026-07-28T11:09:29,Hyundai,110,1,0.0091
2026-07-28T11:09:29,Isuzu,1,0,0.0
2026-07-28T11:09:29,Iveco,2,0,0.0
2026-07-28T11:09:29,Jaecoo,4,0,0.0
2026-07-28T11:09:29,Jaguar,15,2,0.1333
2026-07-28T11:09:29,Jeep,30,0,0.0
2026-07-28T11:09:29,Kia,153,14,0.0915
2026-07-28T11:09:29,Land-Rover,86,0,0.0
2026-07-28T11:09:29,Leapmotor,8,4,0.5
2026-07-28T11:09:29,Lexus,88,6,0.0682
2026-07-28T11:09:29,Man,1,0,0.0
2026-07-28T11:09:29,Maserati,9,3,0.3333
2026-07-28T11:09:29,Mazda,24,0,0.0
2026-07-28T11:09:29,Mercedes,818,116,0.1418
2026-07-28T11:09:29,Mg,81,31,0.3827
2026-07-28T11:09:29,Mini,299,57,0.1906
2026-07-28T11:09:29,Mitsubishi,131,0,0.0
2026-07-28T11:09:29,Mobilize,3,3,1.0
2026-07-28T11:09:29,Nissan,656,32,0.0488
2026-07-28T11:09:29,Opel,210,17,0.081
2026-07-28T11:09:29,Peugeot,2918,326,0.1117
2026-07-28T11:09:29,Porsche,40,11,0.275
2026-07-28T11:09:29,Renault,4467,435,0.0974
2026-07-28T11:09:29,Seat,119,0,0.0
2026-07-28T11:09:29,Skoda,108,3,0.0278
2026-07-28T11:09:29,Smart,7,7,1.0
2026-07-28T11:09:29,Subaru,1,0,0.0
2026-07-28T11:09:29,Suzuki,76,3,0.0395
2026-07-28T11:09:29,Toyota,568,9,0.0158
2026-07-28T11:09:29,Volkswagen,566,39,0.0689
2026-07-28T11:09:29,Volvo,154,50,0.3247
2026-07-29T11:14:22,Abarth,6,3,0.5
2026-07-29T11:14:22,Alfa Romeo,20,0,0.0
2026-07-29T11:14:22,Alpine,45,18,0.4
2026-07-29T11:14:22,Aston Martin,1,0,0.0
2026-07-29T11:14:22,Audi,331,29,0.0876
2026-07-29T11:14:22,Bmw,798,91,0.114
2026-07-29T11:14:22,Byd,10,8,0.8
2026-07-29T11:14:22,Citroen,1469,72,0.049
2026-07-29T11:14:22,Cupra,36,4,0.1111
2026-07-29T11:14:22,Dacia,1438,194,0.1349
2026-07-29T11:14:22,Ds,340,30,0.0882
2026-07-29T11:14:22,Fiat,116,27,0.2328
2026-07-29T11:14:22,Ford,412,51,0.1238
2026-07-29T11:14:22,Honda,6,1,0.1667
2026-07-29T11:14:22,Hyundai,113,1,0.0088
2026-07-29T11:14:22,Isuzu,1,0,0.0
2026-07-29T11:14:22,Iveco,2,0,0.0
2026-07-29T11:14:22,Jaecoo,4,0,0.0
2026-07-29T11:14:22,Jaguar,16,2,0.125
2026-07-29T11:14:22,Jeep,31,0,0.0
2026-07-29T11:14:22,Kia,155,13,0.0839
2026-07-29T11:14:22,Land-Rover,83,0,0.0
2026-07-29T11:14:22,Leapmotor,8,4,0.5
2026-07-29T11:14:22,Lexus,86,6,0.0698
2026-07-29T11:14:22,Man,1,0,0.0
2026-07-29T11:14:22,Maserati,9,3,0.3333
2026-07-29T11:14:22,Mazda,23,0,0.0
2026-07-29T11:14:22,Mercedes,824,115,0.1396
2026-07-29T11:14:22,Mg,82,31,0.378
2026-07-29T11:14:22,Mini,301,57,0.1894
2026-07-29T11:14:22,Mitsubishi,131,0,0.0
2026-07-29T11:14:22,Mobilize,3,3,1.0
2026-07-29T11:14:22,Nissan,657,31,0.0472
2026-07-29T11:14:22,Opel,216,18,0.0833
2026-07-29T11:14:22,Peugeot,2938,326,0.111
2026-07-29T11:14:22,Porsche,40,11,0.275
2026-07-29T11:14:22,Renault,4546,462,0.1016
2026-07-29T11:14:22,Seat,121,0,0.0
2026-07-29T11:14:22,Skoda,108,3,0.0278
2026-07-29T11:14:22,Smart,7,7,1.0
2026-07-29T11:14:22,Subaru,1,0,0.0
2026-07-29T11:14:22,Suzuki,78,3,0.0385
2026-07-29T11:14:22,Tesla,1,1,1.0
2026-07-29T11:14:22,Toyota,571,9,0.0158
2026-07-29T11:14:22,Volkswagen,568,39,0.0687
2026-07-29T11:14:22,Volvo,150,50,0.3333
2026-07-30T10:59:39,Abarth,7,3,0.4286
2026-07-30T10:59:39,Alfa Romeo,21,0,0.0
2026-07-30T10:59:39,Alpine,42,18,0.4286
2026-07-30T10:59:39,Aston Martin,1,0,0.0
2026-07-30T10:59:39,Audi,335,29,0.0866
2026-07-30T10:59:39,Bmw,797,89,0.1117
2026-07-30T10:59:39,Byd,6,5,0.8333
2026-07-30T10:59:39,Citroen,1455,71,0.0488
2026-07-30T10:59:39,Cupra,36,4,0.1111
2026-07-30T10:59:39,Dacia,1436,193,0.1344
2026-07-30T10:59:39,Ds,339,30,0.0885
2026-07-30T10:59:39,Fiat,116,27,0.2328
2026-07-30T10:59:39,Ford,415,50,0.1205
2026-07-30T10:59:39,Honda,6,1,0.1667
2026-07-30T10:59:39,Hyundai,112,1,0.0089
2026-07-30T10:59:39,Isuzu,1,0,0.0
2026-07-30T10:59:39,Iveco,2,0,0.0
2026-07-30T10:59:39,Jaecoo,4,0,0.0
2026-07-30T10:59:39,Jaguar,17,2,0.1176
2026-07-30T10:59:39,Jeep,32,0,0.0
2026-07-30T10:59:39,Kia,154,13,0.0844
2026-07-30T10:59:39,Land-Rover,82,0,0.0
2026-07-30T10:59:39,Leapmotor,8,4,0.5
2026-07-30T10:59:39,Lexus,87,6,0.069
2026-07-30T10:59:39,Man,1,0,0.0
2026-07-30T10:59:39,Maserati,9,3,0.3333
2026-07-30T10:59:39,Mazda,24,0,0.0
2026-07-30T10:59:39,Mercedes,818,114,0.1394
2026-07-30T10:59:39,Mg,78,26,0.3333
2026-07-30T10:59:39,Mini,312,62,0.1987
2026-07-30T10:59:39,Mitsubishi,132,0,0.0
2026-07-30T10:59:39,Mobilize,3,3,1.0
2026-07-30T10:59:39,Nissan,655,31,0.0473
2026-07-30T10:59:39,Opel,213,18,0.0845
2026-07-30T10:59:39,Peugeot,2927,324,0.1107
2026-07-30T10:59:39,Porsche,41,11,0.2683
2026-07-30T10:59:39,Renault,4525,466,0.103
2026-07-30T10:59:39,Seat,120,0,0.0
2026-07-30T10:59:39,Skoda,107,3,0.028
2026-07-30T10:59:39,Smart,8,8,1.0
2026-07-30T10:59:39,Subaru,1,0,0.0
2026-07-30T10:59:39,Suzuki,77,3,0.039
2026-07-30T10:59:39,Tesla,2,2,1.0
2026-07-30T10:59:39,Toyota,565,9,0.0159
2026-07-30T10:59:39,Volkswagen,555,38,0.0685
2026-07-30T10:59:39,Volvo,149,49,0.3289
2026-07-31T11:21:31,Abarth,6,3,0.5
2026-07-31T11:21:31,Alfa Romeo,22,0,0.0
2026-07-31T11:21:31,Alpine,44,18,0.4091
2026-07-31T11:21:31,Aston Martin,1,0,0.0
2026-07-31T11:21:31,Audi,335,30,0.0896
2026-07-31T11:21:31,Bmw,799,90,0.1126
2026-07-31T11:21:31,Byd,6,5,0.8333
2026-07-31T11:21:31,Citroen,1446,71,0.0491
2026-07-31T11:21:31,Cupra,36,4,0.1111
2026-07-31T11:21:31,Dacia,1448,194,0.134
2026-07-31T11:21:31,Ds,341,30,0.088
2026-07-31T11:21:31,Fiat,116,24,0.2069
2026-07-31T11:21:31,Ford,417,50,0.1199
2026-07-31T11:21:31,Honda,5,1,0.2
2026-07-31T11:21:31,Hyundai,115,1,0.0087
2026-07-31T11:21:31,Isuzu,1,0,0.0
2026-07-31T11:21:31,Iveco,2,0,0.0
2026-07-31T11:21:31,Jaecoo,4,0,0.0
2026-07-31T11:21:31,Jaguar,18,2,0.1111
2026-07-31T11:21:31,Jeep,33,0,0.0
2026-07-31T11:21:31,Kia,149,13,0.0872
2026-07-31T11:21:31,Land-Rover,83,0,0.0
2026-07-31T11:21:31,Leapmotor,8,4,0.5
2026-07-31T11:21:31,Lexus,85,6,0.0706
2026-07-31T11:21:31,Man,1,0,0.0
2026-07-31T11:21:31,Maserati,9,3,0.3333
2026-07-31T11:21:31,Mazda,28,0,0.0
2026-07-31T11:21:31,Mercedes,821,112,0.1364
2026-07-31T11:21:31,Mg,73,25,0.3425
2026-07-31T11:21:31,Mini,316,63,0.1994
2026-07-31T11:21:31,Mitsubishi,132,0,0.0
2026-07-31T11:21:31,Mobilize,3,3,1.0
2026-07-31T11:21:31,Nissan,658,31,0.0471
2026-07-31T11:21:31,Opel,210,18,0.0857
2026-07-31T11:21:31,Peugeot,2933,319,0.1088
2026-07-31T11:21:31,Porsche,42,12,0.2857
2026-07-31T11:21:31,Renault,4575,470,0.1027
2026-07-31T11:21:31,Seat,121,0,0.0
2026-07-31T11:21:31,Skoda,106,3,0.0283
2026-07-31T11:21:31,Smart,8,8,1.0
2026-07-31T11:21:31,Suzuki,80,3,0.0375
2026-07-31T11:21:31,Tesla,3,3,1.0
2026-07-31T11:21:31,Toyota,564,9,0.016
2026-07-31T11:21:31,Volkswagen,562,37,0.0658
2026-07-31T11:21:31,Volvo,149,48,0.3221
2026-08-01T10:27:33,Abarth,6,3,0.5
2026-08-01T10:27:33,Alfa Romeo,21,0,0.0
2026-08-01T10:27:33,Alpine,44,18,0.4091
2026-08-01T10:27:33,Aston Martin,1,0,0.0
2026-08-01T10:27:33,Audi,338,30,0.0888
2026-08-01T10:27:33,Bmw,796,92,0.1156
2026-08-01T10:27:33,Byd,5,4,0.8
2026-08-01T10:27:33,Citroen,1409,70,0.0497
2026-08-01T10:27:33,Cupra,36,4,0.1111
2026-08-01T10:27:33,Dacia,1442,194,0.1345
2026-08-01T10:27:33,Ds,336,29,0.0863
2026-08-01T10:27:33,Fiat,113,25,0.2212
2026-08-01T10:27:33,Ford,419,50,0.1193
2026-08-01T10:27:33,Honda,5,1,0.2
2026-08-01T10:27:33,Hyundai,111,1,0.009
2026-08-01T10:27:33,Isuzu,1,0,0.0
2026-08-01T10:27:33,Iveco,3,0,0.0
2026-08-01T10:27:33,Jaecoo,4,0,0.0
2026-08-01T10:27:33,Jaguar,18,2,0.1111
2026-08-01T10:27:33,Jeep,32,0,0.0
2026-08-01T10:27:33,Kia,149,13,0.0872
2026-08-01T10:27:33,Land-Rover,82,0,0.0
2026-08-01T10:27:33,Leapmotor,8,4,0.5
2026-08-01T10:27:33,Lexus,84,6,0.0714
2026-08-01T10:27:33,Man,1,0,0.0
2026-08-01T10:27:33,Maserati,9,3,0.3333
2026-08-01T10:27:33,Mazda,28,0,0.0
2026-08-01T10:27:33,Mercedes,825,110,0.1333
2026-08-01T10:27:33,Mg,75,26,0.3467
2026-08-01T10:27:33,Mini,317,63,0.1987
2026-08-01T10:27:33,Mitsubishi,135,0,0.0
2026-08-01T10:27:33,Mobilize,3,3,1.0
2026-08-01T10:27:33,Nissan,646,30,0.0464
2026-08-01T10:27:33,Opel,205,16,0.078
2026-08-01T10:27:33,Peugeot,2909,318,0.1093
2026-08-01T10:27:33,Porsche,42,12,0.2857
2026-08-01T10:27:33,Renault,4510,467,0.1035
2026-08-01T10:27:33,Seat,118,0,0.0
2026-08-01T10:27:33,Skoda,107,3,0.028
2026-08-01T10:27:33,Smart,6,6,1.0
2026-08-01T10:27:33,Suzuki,78,3,0.0385
2026-08-01T10:27:33,Tesla,3,3,1.0
2026-08-01T10:27:33,Toyota,561,9,0.016
2026-08-01T10:27:33,Volkswagen,558,36,0.0645
2026-08-01T10:27:33,Volvo,150,49,0.3267
2026-08-02T10:26:18,Abarth,6,3,0.5
2026-08-02T10:26:18,Alfa Romeo,21,0,0.0
2026-08-02T10:26:18,Alpine,43,18,0.4186
2026-08-02T10:26:18,Aston Martin,1,0,0.0
2026-08-02T10:26:18,Audi,338,29,0.0858
2026-08-02T10:26:18,Bmw,794,91,0.1146
2026-08-02T10:26:18,Byd,5,4,0.8
2026-08-02T10:26:18,Citroen,1402,69,0.0492
2026-08-02T10:26:18,Cupra,35,3,0.0857
2026-08-02T10:26:18,Dacia,1453,198,0.1363
2026-08-02T10:26:18,Ds,329,29,0.0881
2026-08-02T10:26:18,Fiat,116,24,0.2069
2026-08-02T10:26:18,Ford,417,50,0.1199
2026-08-02T10:26:18,Honda,5,1,0.2
2026-08-02T10:26:18,Hyundai,115,2,0.0174
2026-08-02T10:26:18,Isuzu,1,0,0.0
2026-08-02T10:26:18,Iveco,3,0,0.0
2026-08-02T10:26:18,Jaecoo,3,0,0.0
2026-08-02T10:26:18,Jaguar,19,3,0.1579
2026-08-02T10:26:18,Jeep,31,0,0.0
2026-08-02T10:26:18,Kia,149,13,0.0872
2026-08-02T10:26:18,Land-Rover,83,0,0.0
2026-08-02T10:26:18,Leapmotor,8,4,0.5
2026-08-02T10:26:18,Lexus,87,6,0.069
2026-08-02T10:26:18,Man,1,0,0.0
2026-08-02T10:26:18,Maserati,8,3,0.375
2026-08-02T10:26:18,Mazda,29,0,0.0
2026-08-02T10:26:18,Mercedes,821,109,0.1328
2026-08-02T10:26:18,Mg,76,26,0.3421
2026-08-02T10:26:18,Mini,312,61,0.1955
2026-08-02T10:26:18,Mitsubishi,134,0,0.0
2026-08-02T10:26:18,Mobilize,3,3,1.0
2026-08-02T10:26:18,Nissan,646,30,0.0464
2026-08-02T10:26:18,Opel,205,16,0.078
2026-08-02T10:26:18,Peugeot,2919,317,0.1086
2026-08-02T10:26:18,Porsche,41,12,0.2927
2026-08-02T10:26:18,Renault,4538,471,0.1038
2026-08-02T10:26:18,Seat,118,0,0.0
2026-08-02T10:26:18,Skoda,108,3,0.0278
2026-08-02T10:26:18,Smart,6,6,1.0
2026-08-02T10:26:18,Suzuki,78,3,0.0385
2026-08-02T10:26:18,Tesla,2,2,1.0
2026-08-02T10:26:18,Toyota,553,9,0.0163
2026-08-02T10:26:18,Volkswagen,562,37,0.0658
2026-08-02T10:26:18,Volvo,152,49,0.3224
2026-08-03T12:13:05,Abarth,6,3,0.5
2026-08-03T12:13:05,Alfa Romeo,21,0,0.0
2026-08-03T12:13:05,Alpine,43,18,0.4186
2026-08-03T12:13:05,Aston Martin,1,0,0.0
2026-08-03T12:13:05,Audi,338,29,0.0858
2026-08-03T12:13:05,Bmw,790,90,0.1139
2026-08-03T12:13:05,Byd,5,4,0.8
2026-08-03T12:13:05,Citroen,1401,69,0.0493
2026-08-03T12:13:05,Cupra,35,3,0.0857
2026-08-03T12:13:05,Dacia,1447,198,0.1368
2026-08-03T12:13:05,Ds,333,29,0.0871
2026-08-03T12:13:05,Fiat,116,25,0.2155
2026-08-03T12:13:05,Ford,420,50,0.119
2026-08-03T12:13:05,Honda,5,1,0.2
2026-08-03T12:13:05,Hyundai,114,2,0.0175
2026-08-03T12:13:05,Infiniti,1,0,0.0
2026-08-03T12:13:05,Isuzu,1,0,0.0
2026-08-03T12:13:05,Iveco,3,0,0.0
2026-08-03T12:13:05,Jaecoo,3,0,0.0
2026-08-03T12:13:05,Jaguar,19,3,0.1579
2026-08-03T12:13:05,Jeep,31,0,0.0
2026-08-03T12:13:05,Kia,152,13,0.0855
2026-08-03T12:13:05,Land-Rover,84,0,0.0
2026-08-03T12:13:05,Leapmotor,8,4,0.5
2026-08-03T12:13:05,Lexus,82,6,0.0732
2026-08-03T12:13:05,Man,1,0,0.0
2026-08-03T12:13:05,Maserati,8,3,0.375
2026-08-03T12:13:05,Mazda,28,0,0.0
2026-08-03T12:13:05,Mercedes,819,109,0.1331
2026-08-03T12:13:05,Mg,77,25,0.3247
2026-08-03T12:13:05,Mini,312,61,0.1955
2026-08-03T12:13:05,Mitsubishi,135,0,0.0
2026-08-03T12:13:05,Mobilize,3,3,1.0
2026-08-03T12:13:05,Nissan,648,30,0.0463
2026-08-03T12:13:05,Opel,206,16,0.0777
2026-08-03T12:13:05,Peugeot,2907,316,0.1087
2026-08-03T12:13:05,Porsche,41,12,0.2927
2026-08-03T12:13:05,Renault,4555,478,0.1049
2026-08-03T12:13:05,Seat,118,0,0.0
2026-08-03T12:13:05,Skoda,109,3,0.0275
2026-08-03T12:13:05,Smart,6,6,1.0
2026-08-03T12:13:05,Suzuki,79,3,0.038
2026-08-03T12:13:05,Tesla,2,2,1.0
2026-08-03T12:13:05,Toyota,554,9,0.0162
2026-08-03T12:13:05,Volkswagen,566,37,0.0654
2026-08-03T12:13:05,Volvo,152,49,0.3224
2026-08-04T11:16:20,Abarth,6,3,0.5
2026-08-04T11:16:20,Alfa Romeo,21,0,0.0
2026-08-04T11:16:20,Alpine,42,17,0.4048
2026-08-04T11:16:20,Aston Martin,1,0,0.0
2026-08-04T11:16:20,Audi,335,29,0.0866
2026-08-04T11:16:20,Bmw,790,89,0.1127
2026-08-04T11:16:20,Byd,9,7,0.7778
2026-08-04T11:16:20,Citroen,1373,68,0.0495
2026-08-04T11:16:20,Cupra,35,3,0.0857
2026-08-04T11:16:20,Dacia,1431,196,0.137
2026-08-04T11:16:20,Ds,328,28,0.0854
2026-08-04T11:16:20,Fiat,111,24,0.2162
2026-08-04T11:16:20,Ford,419,52,0.1241
2026-08-04T11:16:20,Honda,5,1,0.2
2026-08-04T11:16:20,Hyundai,111,2,0.018
2026-08-04T11:16:20,Infiniti,1,0,0.0
2026-08-04T11:16:20,Isuzu,1,0,0.0
2026-08-04T11:16:20,Iveco,3,0,0.0
2026-08-04T11:16:20,Jaecoo,2,0,0.0
2026-08-04T11:16:20,Jaguar,19,3,0.1579
2026-08-04T11:16:20,Jeep,32,0,0.0
2026-08-04T11:16:20,Kia,149,12,0.0805
2026-08-04T11:16:20,Land-Rover,85,0,0.0
2026-08-04T11:16:20,Leapmotor,8,4,0.5
2026-08-04T11:16:20,Lexus,82,5,0.061
2026-08-04T11:16:20,Man,1,0,0.0
2026-08-04T11:16:20,Maserati,8,3,0.375
2026-08-04T11:16:20,Mazda,29,0,0.0
2026-08-04T11:16:20,Mercedes,833,114,0.1369
2026-08-04T11:16:20,Mg,73,23,0.3151
2026-08-04T11:16:20,Mini,308,59,0.1916
2026-08-04T11:16:20,Mitsubishi,135,0,0.0
2026-08-04T11:16:20,Mobilize,3,3,1.0
2026-08-04T11:16:20,Nissan,637,30,0.0471
2026-08-04T11:16:20,Opel,203,16,0.0788
2026-08-04T11:16:20,Peugeot,2886,310,0.1074
2026-08-04T11:16:20,Porsche,41,12,0.2927
2026-08-04T11:16:20,Renault,4449,475,0.1068
2026-08-04T11:16:20,Seat,117,0,0.0
2026-08-04T11:16:20,Skoda,108,3,0.0278
2026-08-04T11:16:20,Smart,6,6,1.0
2026-08-04T11:16:20,Suzuki,78,3,0.0385
2026-08-04T11:16:20,Tesla,2,2,1.0
2026-08-04T11:16:20,Toyota,542,9,0.0166
2026-08-04T11:16:20,Volkswagen,563,37,0.0657
2026-08-04T11:16:20,Volvo,151,49,0.3245
2026-08-05T11:12:29,Abarth,6,3,0.5
2026-08-05T11:12:29,Alfa Romeo,22,0,0.0
2026-08-05T11:12:29,Alpine,42,17,0.4048
2026-08-05T11:12:29,Aston Martin,1,0,0.0
2026-08-05T11:12:29,Audi,334,29,0.0868
2026-08-05T11:12:29,Bmw,788,92,0.1168
2026-08-05T11:12:29,Byd,9,7,0.7778
2026-08-05T11:12:29,Citroen,1373,70,0.051
2026-08-05T11:12:29,Cupra,34,3,0.0882
2026-08-05T11:12:29,Dacia,1448,199,0.1374
2026-08-05T11:12:29,Ds,327,29,0.0887
2026-08-05T11:12:29,Fiat,109,23,0.211
2026-08-05T11:12:29,Ford,416,52,0.125
2026-08-05T11:12:29,Honda,5,1,0.2
2026-08-05T11:12:29,Hyundai,114,2,0.0175
2026-08-05T11:12:29,Infiniti,1,0,0.0
2026-08-05T11:12:29,Isuzu,1,0,0.0
2026-08-05T11:12:29,Iveco,3,0,0.0
2026-08-05T11:12:29,Jaguar,17,2,0.1176
2026-08-05T11:12:29,Jeep,31,0,0.0
2026-08-05T11:12:29,Kia,151,13,0.0861
2026-08-05T11:12:29,Land-Rover,82,0,0.0
2026-08-05T11:12:29,Leapmotor,7,4,0.5714
2026-08-05T11:12:29,Lexus,81,5,0.0617
2026-08-05T11:12:29,Man,1,0,0.0
2026-08-05T11:12:29,Maserati,8,3,0.375
2026-08-05T11:12:29,Mazda,29,0,0.0
2026-08-05T11:12:29,Mercedes,844,114,0.1351
2026-08-05T11:12:29,Mg,74,23,0.3108
2026-08-05T11:12:29,Mini,308,62,0.2013
2026-08-05T11:12:29,Mitsubishi,135,0,0.0
2026-08-05T11:12:29,Mobilize,3,3,1.0
2026-08-05T11:12:29,Nissan,632,29,0.0459
2026-08-05T11:12:29,Opel,207,17,0.0821
2026-08-05T11:12:29,Peugeot,2896,306,0.1057
2026-08-05T11:12:29,Porsche,40,12,0.3
2026-08-05T11:12:29,Renault,4437,476,0.1073
2026-08-05T11:12:29,Seat,118,0,0.0
2026-08-05T11:12:29,Skoda,108,3,0.0278
2026-08-05T11:12:29,Smart,5,5,1.0
2026-08-05T11:12:29,Suzuki,79,3,0.038
2026-08-05T11:12:29,Tesla,2,2,1.0
2026-08-05T11:12:29,Toyota,549,8,0.0146
2026-08-05T11:12:29,Volkswagen,567,38,0.067
2026-08-05T11:12:29,Volvo,151,48,0.3179
2026-08-06T11:13:05,Abarth,6,3,0.5
2026-08-06T11:13:05,Alfa Romeo,23,0,0.0
2026-08-06T11:13:05,Alpine,42,17,0.4048
2026-08-06T11:13:05,Aston Martin,1,0,0.0
2026-08-06T11:13:05,Audi,335,29,0.0866
2026-08-06T11:13:05,Bmw,793,91,0.1148
2026-08-06T11:13:05,Byd,9,7,0.7778
2026-08-06T11:13:05,Citroen,1397,70,0.0501
2026-08-06T11:13:05,Cupra,35,3,0.0857
2026-08-06T11:13:05,Dacia,1490,202,0.1356
2026-08-06T11:13:05,Ds,327,32,0.0979
2026-08-06T11:13:05,Fiat,112,24,0.2143
2026-08-06T11:13:05,Ford,419,51,0.1217
2026-08-06T11:13:05,Honda,3,1,0.3333
2026-08-06T11:13:05,Hyundai,116,2,0.0172
2026-08-06T11:13:05,Infiniti,1,0,0.0
2026-08-06T11:13:05,Isuzu,1,0,0.0
2026-08-06T11:13:05,Iveco,3,0,0.0
2026-08-06T11:13:05,Jaguar,17,2,0.1176
2026-08-06T11:13:05,Jeep,31,0,0.0
2026-08-06T11:13:05,Kia,156,13,0.0833
2026-08-06T11:13:05,Land-Rover,81,0,0.0
2026-08-06T11:13:05,Leapmotor,7,4,0.5714
2026-08-06T11:13:05,Lexus,81,5,0.0617
2026-08-06T11:13:05,Man,1,0,0.0
2026-08-06T11:13:05,Maserati,8,3,0.375
2026-08-06T11:13:05,Mazda,29,0,0.0
2026-08-06T11:13:05,Mercedes,849,114,0.1343
2026-08-06T11:13:05,Mg,73,21,0.2877
2026-08-06T11:13:05,Mini,305,60,0.1967
2026-08-06T11:13:05,Mitsubishi,140,0,0.0
2026-08-06T11:13:05,Mobilize,3,3,1.0
2026-08-06T11:13:05,Nissan,633,29,0.0458
2026-08-06T11:13:05,Opel,209,18,0.0861
2026-08-06T11:13:05,Peugeot,2936,311,0.1059
2026-08-06T11:13:05,Porsche,41,12,0.2927
2026-08-06T11:13:05,Renault,4559,509,0.1116
2026-08-06T11:13:05,Seat,117,0,0.0
2026-08-06T11:13:05,Skoda,108,3,0.0278
2026-08-06T11:13:05,Smart,5,5,1.0
2026-08-06T11:13:05,Suzuki,81,3,0.037
2026-08-06T11:13:05,Tesla,2,2,1.0
2026-08-06T11:13:05,Toyota,558,7,0.0125
2026-08-06T11:13:05,Volkswagen,569,38,0.0668
2026-08-06T11:13:05,Volvo,149,45,0.302
2026-08-07T09:52:32,Abarth,6,3,0.5
2026-08-07T09:52:32,Alfa Romeo,23,0,0.0
2026-08-07T09:52:32,Alpine,42,17,0.4048
2026-08-07T09:52:32,Aston Martin,1,0,0.0
2026-08-07T09:52:32,Audi,335,29,0.0866
2026-08-07T09:52:32,Bmw,793,92,0.116
2026-08-07T09:52:32,Byd,9,7,0.7778
2026-08-07T09:52:32,Citroen,1387,70,0.0505
2026-08-07T09:52:32,Cupra,35,3,0.0857
2026-08-07T09:52:32,Dacia,1488,199,0.1337
2026-08-07T09:52:32,Ds,326,32,0.0982
2026-08-07T09:52:32,Fiat,120,29,0.2417
2026-08-07T09:52:32,Ford,417,51,0.1223
2026-08-07T09:52:32,Honda,3,1,0.3333
2026-08-07T09:52:32,Hyundai,115,2,0.0174
2026-08-07T09:52:32,Infiniti,1,0,0.0
2026-08-07T09:52:32,Isuzu,1,0,0.0
2026-08-07T09:52:32,Iveco,2,0,0.0
2026-08-07T09:52:32,Jaguar,16,2,0.125
2026-08-07T09:52:32,Jeep,31,0,0.0
2026-08-07T09:52:32,Kia,159,15,0.0943
2026-08-07T09:52:32,Land-Rover,82,0,0.0
2026-08-07T09:52:32,Leapmotor,7,4,0.5714
2026-08-07T09:52:32,Lexus,80,5,0.0625
2026-08-07T09:52:32,Man,1,0,0.0
2026-08-07T09:52:32,Maserati,8,3,0.375
2026-08-07T09:52:32,Mazda,29,0,0.0
2026-08-07T09:52:32,Mercedes,847,117,0.1381
2026-08-07T09:52:32,Mg,70,21,0.3
2026-08-07T09:52:32,Mini,308,59,0.1916
2026-08-07T09:52:32,Mitsubishi,138,0,0.0
2026-08-07T09:52:32,Mobilize,3,3,1.0
2026-08-07T09:52:32,Nissan,627,29,0.0463
2026-08-07T09:52:32,Opel,215,20,0.093
2026-08-07T09:52:32,Peugeot,2942,312,0.1061
2026-08-07T09:52:32,Porsche,40,12,0.3
2026-08-07T09:52:32,Renault,4579,517,0.1129
2026-08-07T09:52:32,Seat,116,0,0.0
2026-08-07T09:52:32,Skoda,108,3,0.0278
2026-08-07T09:52:32,Smart,5,5,1.0
2026-08-07T09:52:32,Suzuki,80,3,0.0375
2026-08-07T09:52:32,Tesla,2,2,1.0
2026-08-07T09:52:32,Toyota,546,7,0.0128
2026-08-07T09:52:32,Volkswagen,566,39,0.0689
2026-08-07T09:52:32,Volvo,149,45,0.302
2026-08-08T09:28:33,Abarth,6,3,0.5
2026-08-08T09:28:33,Alfa Romeo,23,0,0.0
2026-08-08T09:28:33,Alpine,42,17,0.4048
2026-08-08T09:28:33,Aston Martin,1,0,0.0
2026-08-08T09:28:33,Audi,336,30,0.0893
2026-08-08T09:28:33,Bmw,792,92,0.1162
2026-08-08T09:28:33,Byd,9,7,0.7778
2026-08-08T09:28:33,Citroen,1387,70,0.0505
2026-08-08T09:28:33,Cupra,35,3,0.0857
2026-08-08T09:28:33,Dacia,1490,198,0.1329
2026-08-08T09:28:33,Ds,326,32,0.0982
2026-08-08T09:28:33,Fiat,116,30,0.2586
2026-08-08T09:28:33,Ford,414,52,0.1256
2026-08-08T09:28:33,Honda,2,1,0.5
2026-08-08T09:28:33,Hyundai,117,2,0.0171
2026-08-08T09:28:33,Infiniti,1,0,0.0
2026-08-08T09:28:33,Isuzu,1,0,0.0
2026-08-08T09:28:33,Iveco,2,0,0.0
2026-08-08T09:28:33,Jaguar,16,2,0.125
2026-08-08T09:28:33,Jeep,31,0,0.0
2026-08-08T09:28:33,Kia,157,14,0.0892
2026-08-08T09:28:33,Land-Rover,82,0,0.0
2026-08-08T09:28:33,Leapmotor,7,4,0.5714
2026-08-08T09:28:33,Lexus,78,5,0.0641
2026-08-08T09:28:33,Man,1,0,0.0
2026-08-08T09:28:33,Maserati,8,3,0.375
2026-08-08T09:28:33,Mazda,29,0,0.0
2026-08-08T09:28:33,Mercedes,848,116,0.1368
2026-08-08T09:28:33,Mg,71,20,0.2817
2026-08-08T09:28:33,Mini,304,56,0.1842
2026-08-08T09:28:33,Mitsubishi,140,0,0.0
2026-08-08T09:28:33,Mobilize,3,3,1.0
2026-08-08T09:28:33,Nissan,633,29,0.0458
2026-08-08T09:28:33,Opel,215,20,0.093
2026-08-08T09:28:33,Peugeot,2966,319,0.1076
2026-08-08T09:28:33,Porsche,40,12,0.3
2026-08-08T09:28:33,Renault,4610,534,0.1158
2026-08-08T09:28:33,Seat,114,0,0.0
2026-08-08T09:28:33,Skoda,108,2,0.0185
2026-08-08T09:28:33,Smart,5,5,1.0
2026-08-08T09:28:33,Suzuki,79,3,0.038
2026-08-08T09:28:33,Tesla,3,3,1.0
2026-08-08T09:28:33,Toyota,545,7,0.0128
2026-08-08T09:28:33,Volkswagen,573,38,0.0663
2026-08-08T09:28:33,Volvo,152,46,0.3026
2026-08-09T09:29:45,Abarth,6,3,0.5
2026-08-09T09:29:45,Alfa Romeo,23,0,0.0
2026-08-09T09:29:45,Alpine,44,19,0.4318
2026-08-09T09:29:45,Aston Martin,1,0,0.0
2026-08-09T09:29:45,Audi,332,30,0.0904
2026-08-09T09:29:45,Bmw,787,89,0.1131
2026-08-09T09:29:45,Byd,9,7,0.7778
2026-08-09T09:29:45,Citroen,1381,70,0.0507
2026-08-09T09:29:45,Cupra,34,3,0.0882
2026-08-09T09:29:45,Dacia,1496,194,0.1297
2026-08-09T09:29:45,Ds,328,33,0.1006
2026-08-09T09:29:45,Fiat,118,31,0.2627
2026-08-09T09:29:45,Ford,417,54,0.1295
2026-08-09T09:29:45,Honda,2,1,0.5
2026-08-09T09:29:45,Hyundai,116,2,0.0172
2026-08-09T09:29:45,Infiniti,1,0,0.0
2026-08-09T09:29:45,Isuzu,1,0,0.0
2026-08-09T09:29:45,Iveco,2,0,0.0
2026-08-09T09:29:45,Jaguar,16,2,0.125
2026-08-09T09:29:45,Jeep,31,0,0.0
2026-08-09T09:29:45,Kia,156,14,0.0897
2026-08-09T09:29:45,Land-Rover,82,0,0.0
2026-08-09T09:29:45,Leapmotor,7,4,0.5714
2026-08-09T09:29:45,Lexus,80,5,0.0625
2026-08-09T09:29:45,Man,1,0,0.0
2026-08-09T09:29:45,Maserati,8,3,0.375
2026-08-09T09:29:45,Mazda,28,0,0.0
2026-08-09T09:29:45,Mercedes,845,116,0.1373
2026-08-09T09:29:45,Mg,70,19,0.2714
2026-08-09T09:29:45,Mini,304,57,0.1875
2026-08-09T09:29:45,Mitsubishi,140,0,0.0
2026-08-09T09:29:45,Mobilize,3,3,1.0
2026-08-09T09:29:45,Nissan,635,29,0.0457
2026-08-09T09:29:45,Opel,214,20,0.0935
2026-08-09T09:29:45,Peugeot,2950,310,0.1051
2026-08-09T09:29:45,Porsche,44,12,0.2727
2026-08-09T09:29:45,Renault,4657,545,0.117
2026-08-09T09:29:45,Seat,116,0,0.0
2026-08-09T09:29:45,Skoda,105,2,0.019
2026-08-09T09:29:45,Smart,4,4,1.0
2026-08-09T09:29:45,Suzuki,80,3,0.0375
2026-08-09T09:29:45,Tesla,4,4,1.0
2026-08-09T09:29:45,Toyota,539,7,0.013
2026-08-09T09:29:45,Volkswagen,572,38,0.0664
2026-08-09T09:29:45,Volvo,155,48,0.3097
2026-08-10T10:09:24,Abarth,6,3,0.5
2026-08-10T10:09:24,Alfa Romeo,23,0,0.0
2026-08-10T10:09:24,Alpine,44,19,0.4318
2026-08-10T10:09:24,Aston Martin,1,0,0.0
2026-08-10T10:09:24,Audi,331,30,0.0906
2026-08-10T10:09:24,Bmw,788,89,0.1129
2026-08-10T10:09:24,Byd,9,7,0.7778
2026-08-10T10:09:24,Citroen,1393,70,0.0503
2026-08-10T10:09:24,Cupra,34,3,0.0882
2026-08-10T10:09:24,Dacia,1501,195,0.1299
2026-08-10T10:09:24,Ds,327,33,0.1009
2026-08-10T10:09:24,Fiat,117,30,0.2564
2026-08-10T10:09:24,Ford,417,54,0.1295
2026-08-10T10:09:24,Honda,2,1,0.5
2026-08-10T10:09:24,Hyundai,116,2,0.0172
2026-08-10T10:09:24,Infiniti,1,0,0.0
2026-08-10T10:09:24,Isuzu,1,0,0.0
2026-08-10T10:09:24,Iveco,2,0,0.0
2026-08-10T10:09:24,Jaguar,16,2,0.125
2026-08-10T10:09:24,Jeep,32,0,0.0
2026-08-10T10:09:24,Kia,156,14,0.0897
2026-08-10T10:09:24,Land-Rover,81,0,0.0
2026-08-10T10:09:24,Leapmotor,7,4,0.5714
2026-08-10T10:09:24,Lexus,79,5,0.0633
2026-08-10T10:09:24,Man,1,0,0.0
2026-08-10T10:09:24,Maserati,8,3,0.375
2026-08-10T10:09:24,Mazda,28,0,0.0
2026-08-10T10:09:24,Mercedes,849,116,0.1366
2026-08-10T10:09:24,Mg,70,19,0.2714
2026-08-10T10:09:24,Mini,304,57,0.1875
2026-08-10T10:09:24,Mitsubishi,139,0,0.0
2026-08-10T10:09:24,Mobilize,3,3,1.0
2026-08-10T10:09:24,Nissan,635,29,0.0457
2026-08-10T10:09:24,Opel,214,20,0.0935
2026-08-10T10:09:24,Peugeot,2957,310,0.1048
2026-08-10T10:09:24,Porsche,44,12,0.2727
2026-08-10T10:09:24,Renault,4686,547,0.1167
2026-08-10T10:09:24,Seat,116,0,0.0
2026-08-10T10:09:24,Skoda,104,2,0.0192
2026-08-10T10:09:24,Smart,4,4,1.0
2026-08-10T10:09:24,Suzuki,80,3,0.0375
2026-08-10T10:09:24,Tesla,4,4,1.0
2026-08-10T10:09:24,Toyota,538,7,0.013
2026-08-10T10:09:24,Volkswagen,572,38,0.0664
2026-08-10T10:09:24,Volvo,155,48,0.3097
2026-08-11T09:51:45,Abarth,6,3,0.5
2026-08-11T09:51:45,Alfa Romeo,23,0,0.0
2026-08-11T09:51:45,Alpine,43,19,0.4419
2026-08-11T09:51:45,Aston Martin,1,0,0.0
2026-08-11T09:51:45,Audi,327,29,0.0887
2026-08-11T09:51:45,Bmw,782,88,0.1125
2026-08-11T09:51:45,Byd,8,6,0.75
2026-08-11T09:51:45,Citroen,1386,71,0.0512
2026-08-11T09:51:45,Cupra,34,3,0.0882
2026-08-11T09:51:45,Dacia,1471,190,0.1292
2026-08-11T09:51:45,Ds,320,33,0.1031
2026-08-11T09:51:45,Fiat,116,29,0.25
2026-08-11T09:51:45,Ford,410,55,0.1341
2026-08-11T09:51:45,Honda,2,1,0.5
2026-08-11T09:51:45,Hyundai,115,2,0.0174
2026-08-11T09:51:45,Infiniti,1,0,0.0
2026-08-11T09:51:45,Isuzu,1,0,0.0
2026-08-11T09:51:45,Iveco,2,0,0.0
2026-08-11T09:51:45,Jaguar,16,2,0.125
2026-08-11T09:51:45,Jeep,31,0,0.0
2026-08-11T09:51:45,Kia,154,12,0.0779
2026-08-11T09:51:45,Land-Rover,82,0,0.0
2026-08-11T09:51:45,Leapmotor,7,4,0.5714
2026-08-11T09:51:45,Lexus,79,5,0.0633
2026-08-11T09:51:45,Man,1,0,0.0
2026-08-11T09:51:45,Maserati,8,3,0.375
2026-08-11T09:51:45,Mazda,27,0,0.0
2026-08-11T09:51:45,Mercedes,849,117,0.1378
2026-08-11T09:51:45,Mg,64,17,0.2656
2026-08-11T09:51:45,Mini,300,56,0.1867
2026-08-11T09:51:45,Mitsubishi,141,0,0.0
2026-08-11T09:51:45,Mobilize,3,3,1.0
2026-08-11T09:51:45,Nissan,627,29,0.0463
2026-08-11T09:51:45,Opel,211,19,0.09
2026-08-11T09:51:45,Peugeot,2937,304,0.1035
2026-08-11T09:51:45,Porsche,45,12,0.2667
2026-08-11T09:51:45,Renault,4614,535,0.116
2026-08-11T09:51:45,Seat,116,0,0.0
2026-08-11T09:51:45,Skoda,102,2,0.0196
2026-08-11T09:51:45,Smart,4,4,1.0
2026-08-11T09:51:45,Suzuki,80,3,0.0375
2026-08-11T09:51:45,Tesla,4,4,1.0
2026-08-11T09:51:45,Toyota,526,7,0.0133
2026-08-11T09:51:45,Volkswagen,566,36,0.0636
2026-08-11T09:51:45,Volvo,152,48,0.3158
2026-08-12T09:54:19,Abarth,7,3,0.4286
2026-08-12T09:54:19,Alfa Romeo,23,0,0.0
2026-08-12T09:54:19,Alpine,44,19,0.4318
2026-08-12T09:54:19,Aston Martin,1,0,0.0
2026-08-12T09:54:19,Audi,331,30,0.0906
2026-08-12T09:54:19,Bmw,785,89,0.1134
2026-08-12T09:54:19,Byd,8,6,0.75
2026-08-12T09:54:19,Citroen,1404,73,0.052
2026-08-12T09:54:19,Cupra,34,3,0.0882
2026-08-12T09:54:19,Dacia,1461,190,0.13
2026-08-12T09:54:19,Ds,321,33,0.1028
2026-08-12T09:54:19,Fiat,117,30,0.2564
2026-08-12T09:54:19,Ford,409,55,0.1345
2026-08-12T09:54:19,Honda,2,1,0.5
2026-08-12T09:54:19,Hyundai,113,2,0.0177
2026-08-12T09:54:19,Infiniti,1,0,0.0
2026-08-12T09:54:19,Isuzu,1,0,0.0
2026-08-12T09:54:19,Iveco,2,0,0.0
2026-08-12T09:54:19,Jaguar,16,2,0.125
2026-08-12T09:54:19,Jeep,29,0,0.0
2026-08-12T09:54:19,Kia,152,12,0.0789
2026-08-12T09:54:19,Land-Rover,83,0,0.0
2026-08-12T09:54:19,Leapmotor,6,3,0.5
2026-08-12T09:54:19,Lexus,79,5,0.0633
2026-08-12T09:54:19,Maserati,8,3,0.375
2026-08-12T09:54:19,Mazda,27,0,0.0
2026-08-12T09:54:19,Mercedes,852,117,0.1373
2026-08-12T09:54:19,Mg,65,17,0.2615
2026-08-12T09:54:19,Mini,303,56,0.1848
2026-08-12T09:54:19,Mitsubishi,141,0,0.0
2026-08-12T09:54:19,Mobilize,3,3,1.0
2026-08-12T09:54:19,Nissan,625,28,0.0448
2026-08-12T09:54:19,Opel,214,20,0.0935
2026-08-12T09:54:19,Peugeot,2962,311,0.105
2026-08-12T09:54:19,Porsche,45,12,0.2667
2026-08-12T09:54:19,Renault,4618,532,0.1152
2026-08-12T09:54:19,Seat,119,0,0.0
2026-08-12T09:54:19,Skoda,102,2,0.0196
2026-08-12T09:54:19,Smart,4,4,1.0
2026-08-12T09:54:19,Suzuki,82,3,0.0366
2026-08-12T09:54:19,Tesla,4,4,1.0
2026-08-12T09:54:19,Toyota,527,7,0.0133
2026-08-12T09:54:19,Volkswagen,570,38,0.0667
2026-08-12T09:54:19,Volvo,152,48,0.3158
2026-08-13T09:54:06,Abarth,7,3,0.4286
2026-08-13T09:54:06,Alfa Romeo,25,0,0.0
2026-08-13T09:54:06,Alpine,44,19,0.4318
2026-08-13T09:54:06,Aston Martin,1,0,0.0
2026-08-13T09:54:06,Audi,335,32,0.0955
2026-08-13T09:54:06,Bmw,784,89,0.1135
2026-08-13T09:54:06,Byd,8,6,0.75
2026-08-13T09:54:06,Citroen,1413,72,0.051
2026-08-13T09:54:06,Cupra,36,3,0.0833
2026-08-13T09:54:06,Dacia,1481,191,0.129
2026-08-13T09:54:06,Ds,324,35,0.108
2026-08-13T09:54:06,Fiat,116,29,0.25
2026-08-13T09:54:06,Ford,415,56,0.1349
2026-08-13T09:54:06,Honda,2,1,0.5
2026-08-13T09:54:06,Hyundai,112,2,0.0179
2026-08-13T09:54:06,Infiniti,1,0,0.0
2026-08-13T09:54:06,Isuzu,1,0,0.0
2026-08-13T09:54:06,Iveco,2,0,0.0
2026-08-13T09:54:06,Jaguar,18,3,0.1667
2026-08-13T09:54:06,Jeep,31,0,0.0
2026-08-13T09:54:06,Kia,150,12,0.08
2026-08-13T09:54:06,Land-Rover,84,0,0.0
2026-08-13T09:54:06,Leapmotor,6,3,0.5
2026-08-13T09:54:06,Lexus,81,5,0.0617
2026-08-13T09:54:06,Man,1,0,0.0
2026-08-13T09:54:06,Maserati,8,3,0.375
2026-08-13T09:54:06,Mazda,26,0,0.0
2026-08-13T09:54:06,Mercedes,849,117,0.1378
2026-08-13T09:54:06,Mg,63,17,0.2698
2026-08-13T09:54:06,Mini,302,56,0.1854
2026-08-13T09:54:06,Mitsubishi,141,0,0.0
2026-08-13T09:54:06,Mobilize,3,3,1.0
2026-08-13T09:54:06,Nissan,621,28,0.0451
2026-08-13T09:54:06,Opel,219,22,0.1005
2026-08-13T09:54:06,Peugeot,2979,311,0.1044
2026-08-13T09:54:06,Porsche,45,12,0.2667
2026-08-13T09:54:06,Renault,4669,538,0.1152
2026-08-13T09:54:06,Seat,122,0,0.0
2026-08-13T09:54:06,Skoda,107,2,0.0187
2026-08-13T09:54:06,Smart,4,4,1.0
2026-08-13T09:54:06,Suzuki,83,3,0.0361
2026-08-13T09:54:06,Tesla,4,4,1.0
2026-08-13T09:54:06,Toyota,529,7,0.0132
2026-08-13T09:54:06,Volkswagen,573,38,0.0663
2026-08-13T09:54:06,Volvo,150,47,0.3133
2026-08-14T09:52:42,Abarth,7,3,0.4286
2026-08-14T09:52:42,Alfa Romeo,25,0,0.0
2026-08-14T09:52:42,Alpine,44,19,0.4318
2026-08-14T09:52:42,Aston Martin,1,0,0.0
2026-08-14T09:52:42,Audi,342,32,0.0936
2026-08-14T09:52:42,Bmw,793,90,0.1135
2026-08-14T09:52:42,Byd,8,6,0.75
2026-08-14T09:52:42,Citroen,1436,74,0.0515
2026-08-14T09:52:42,Cupra,36,2,0.0556
2026-08-14T09:52:42,Dacia,1506,199,0.1321
2026-08-14T09:52:42,Ds,335,35,0.1045
2026-08-14T09:52:42,Fiat,120,29,0.2417
2026-08-14T09:52:42,Ford,421,56,0.133
2026-08-14T09:52:42,Honda,3,1,0.3333
2026-08-14T09:52:42,Hyundai,115,2,0.0174
2026-08-14T09:52:42,Infiniti,1,0,0.0
2026-08-14T09:52:42,Isuzu,1,0,0.0
2026-08-14T09:52:42,Iveco,2,0,0.0
2026-08-14T09:52:42,Jaguar,19,3,0.1579
2026-08-14T09:52:42,Jeep,29,0,0.0
2026-08-14T09:52:42,Kia,159,12,0.0755
2026-08-14T09:52:42,Land-Rover,84,0,0.0
2026-08-14T09:52:42,Leapmotor,6,3,0.5
2026-08-14T09:52:42,Lexus,83,5,0.0602
2026-08-14T09:52:42,Man,1,0,0.0
2026-08-14T09:52:42,Maserati,8,3,0.375
2026-08-14T09:52:42,Mazda,26,0,0.0
2026-08-14T09:52:42,Mercedes,848,115,0.1356
2026-08-14T09:52:42,Mg,62,16,0.2581
2026-08-14T09:52:42,Mini,304,57,0.1875
2026-08-14T09:52:42,Mitsubishi,144,0,0.0
2026-08-14T09:52:42,Mobilize,3,3,1.0
2026-08-14T09:52:42,Nissan,634,29,0.0457
2026-08-14T09:52:42,Opel,223,22,0.0987
2026-08-14T09:52:42,Peugeot,3051,317,0.1039
2026-08-14T09:52:42,Porsche,44,12,0.2727
2026-08-14T09:52:42,Renault,4668,542,0.1161
2026-08-14T09:52:42,Seat,123,0,0.0
2026-08-14T09:52:42,Skoda,119,2,0.0168
2026-08-14T09:52:42,Smart,4,4,1.0
2026-08-14T09:52:42,Suzuki,82,3,0.0366
2026-08-14T09:52:42,Tesla,3,3,1.0
2026-08-14T09:52:42,Toyota,546,7,0.0128
2026-08-14T09:52:42,Volkswagen,584,38,0.0651
2026-08-14T09:52:42,Volvo,151,47,0.3113
2026-08-15T09:17:14,Abarth,7,3,0.4286
2026-08-15T09:17:14,Alfa Romeo,24,0,0.0
2026-08-15T09:17:14,Alpine,45,19,0.4222
2026-08-15T09:17:14,Aston Martin,1,0,0.0
2026-08-15T09:17:14,Audi,342,33,0.0965
2026-08-15T09:17:14,Bmw,783,90,0.1149
2026-08-15T09:17:14,Byd,6,4,0.6667
2026-08-15T09:17:14,Citroen,1430,76,0.0531
2026-08-15T09:17:14,Cupra,36,2,0.0556
2026-08-15T09:17:14,Dacia,1535,202,0.1316
2026-08-15T09:17:14,Ds,340,35,0.1029
2026-08-15T09:17:14,Fiat,122,29,0.2377
2026-08-15T09:17:14,Ford,426,56,0.1315
2026-08-15T09:17:14,Honda,3,1,0.3333
2026-08-15T09:17:14,Hyundai,118,2,0.0169
2026-08-15T09:17:14,Infiniti,1,0,0.0
2026-08-15T09:17:14,Isuzu,1,0,0.0
2026-08-15T09:17:14,Iveco,2,0,0.0
2026-08-15T09:17:14,Jaguar,19,3,0.1579
2026-08-15T09:17:14,Jeep,28,0,0.0
2026-08-15T09:17:14,Kia,157,12,0.0764
2026-08-15T09:17:14,Land-Rover,82,0,0.0
2026-08-15T09:17:14,Leapmotor,6,3,0.5
2026-08-15T09:17:14,Lexus,83,5,0.0602
2026-08-15T09:17:14,Man,1,0,0.0
2026-08-15T09:17:14,Maserati,8,3,0.375
2026-08-15T09:17:14,Mazda,32,0,0.0
2026-08-15T09:17:14,Mercedes,844,116,0.1374
2026-08-15T09:17:14,Mg,61,16,0.2623
2026-08-15T09:17:14,Mini,299,55,0.1839
2026-08-15T09:17:14,Mitsubishi,146,0,0.0
2026-08-15T09:17:14,Mobilize,3,3,1.0
2026-08-15T09:17:14,Nissan,638,29,0.0455
2026-08-15T09:17:14,Opel,223,22,0.0987
2026-08-15T09:17:14,Peugeot,3041,312,0.1026
2026-08-15T09:17:14,Porsche,44,12,0.2727
2026-08-15T09:17:14,Renault,4707,547,0.1162
2026-08-15T09:17:14,Seat,123,0,0.0
2026-08-15T09:17:14,Skoda,117,2,0.0171
2026-08-15T09:17:14,Smart,4,4,1.0
2026-08-15T09:17:14,Suzuki,83,3,0.0361
2026-08-15T09:17:14,Tesla,3,3,1.0
2026-08-15T09:17:14,Toyota,541,7,0.0129
2026-08-15T09:17:14,Volkswagen,591,38,0.0643
2026-08-15T09:17:14,Volvo,150,48,0.32
2026-08-16T09:18:19,Abarth,7,3,0.4286
2026-08-16T09:18:19,Alfa Romeo,24,0,0.0
2026-08-16T09:18:19,Alpine,45,19,0.4222
2026-08-16T09:18:19,Aston Martin,1,0,0.0
2026-08-16T09:18:19,Audi,345,33,0.0957
2026-08-16T09:18:19,Bmw,784,90,0.1148
2026-08-16T09:18:19,Byd,6,4,0.6667
2026-08-16T09:18:19,Citroen,1433,76,0.053
2026-08-16T09:18:19,Cupra,36,2,0.0556
2026-08-16T09:18:19,Dacia,1545,202,0.1307
2026-08-16T09:18:19,Ds,344,37,0.1076
2026-08-16T09:18:19,Fiat,123,29,0.2358
2026-08-16T09:18:19,Ford,429,55,0.1282
2026-08-16T09:18:19,Honda,3,1,0.3333
2026-08-16T09:18:19,Hyundai,119,2,0.0168
2026-08-16T09:18:19,Infiniti,1,0,0.0
2026-08-16T09:18:19,Isuzu,1,0,0.0
2026-08-16T09:18:19,Iveco,2,0,0.0
2026-08-16T09:18:19,Jaguar,19,3,0.1579
2026-08-16T09:18:19,Jeep,28,0,0.0
2026-08-16T09:18:19,Kia,156,12,0.0769
2026-08-16T09:18:19,Land-Rover,83,0,0.0
2026-08-16T09:18:19,Leapmotor,6,3,0.5
2026-08-16T09:18:19,Lexus,83,5,0.0602
2026-08-16T09:18:19,Man,1,0,0.0
2026-08-16T09:18:19,Maserati,8,3,0.375
2026-08-16T09:18:19,Mazda,32,0,0.0
2026-08-16T09:18:19,Mercedes,847,116,0.137
2026-08-16T09:18:19,Mg,61,16,0.2623
2026-08-16T09:18:19,Mini,297,53,0.1785
2026-08-16T09:18:19,Mitsubishi,146,0,0.0
2026-08-16T09:18:19,Mobilize,3,3,1.0
2026-08-16T09:18:19,Nissan,638,29,0.0455
2026-08-16T09:18:19,Opel,223,22,0.0987
2026-08-16T09:18:19,Peugeot,3054,313,0.1025
2026-08-16T09:18:19,Porsche,44,12,0.2727
2026-08-16T09:18:19,Renault,4751,549,0.1156
2026-08-16T09:18:19,Seat,124,0,0.0
2026-08-16T09:18:19,Skoda,117,2,0.0171
2026-08-16T09:18:19,Smart,4,4,1.0
2026-08-16T09:18:19,Suzuki,84,3,0.0357
2026-08-16T09:18:19,Tesla,3,3,1.0
2026-08-16T09:18:19,Toyota,542,7,0.0129
2026-08-16T09:18:19,Volkswagen,589,38,0.0645
2026-08-16T09:18:19,Volvo,149,48,0.3221
2026-08-17T09:31:22,Abarth,7,3,0.4286
2026-08-17T09:31:22,Alfa Romeo,24,0,0.0
2026-08-17T09:31:22,Alpine,45,19,0.4222
2026-08-17T09:31:22,Aston Martin,1,0,0.0
2026-08-17T09:31:22,Audi,343,33,0.0962
2026-08-17T09:31:22,Bmw,783,90,0.1149
2026-08-17T09:31:22,Byd,6,4,0.6667
2026-08-17T09:31:22,Citroen,1431,76,0.0531
2026-08-17T09:31:22,Cupra,36,2,0.0556
2026-08-17T09:31:22,Dacia,1526,200,0.1311
2026-08-17T09:31:22,Ds,345,37,0.1072
2026-08-17T09:31:22,Fiat,120,29,0.2417
2026-08-17T09:31:22,Ford,431,55,0.1276
2026-08-17T09:31:22,Honda,3,1,0.3333
2026-08-17T09:31:22,Hyundai,117,2,0.0171
2026-08-17T09:31:22,Infiniti,1,0,0.0
2026-08-17T09:31:22,Isuzu,1,0,0.0
2026-08-17T09:31:22,Iveco,2,0,0.0
2026-08-17T09:31:22,Jaguar,19,3,0.1579
2026-08-17T09:31:22,Jeep,25,0,0.0
2026-08-17T09:31:22,Kia,156,12,0.0769
2026-08-17T09:31:22,Land-Rover,84,0,0.0
2026-08-17T09:31:22,Leapmotor,6,3,0.5
2026-08-17T09:31:22,Lexus,81,5,0.0617
2026-08-17T09:31:22,Man,1,0,0.0
2026-08-17T09:31:22,Maserati,8,3,0.375
2026-08-17T09:31:22,Mazda,31,0,0.0
2026-08-17T09:31:22,Mercedes,846,116,0.1371
2026-08-17T09:31:22,Mg,61,16,0.2623
2026-08-17T09:31:22,Mini,296,53,0.1791
2026-08-17T09:31:22,Mitsubishi,144,0,0.0
2026-08-17T09:31:22,Mobilize,3,3,1.0
2026-08-17T09:31:22,Nissan,633,29,0.0458
2026-08-17T09:31:22,Opel,223,22,0.0987
2026-08-17T09:31:22,Peugeot,3040,312,0.1026
2026-08-17T09:31:22,Porsche,44,12,0.2727
2026-08-17T09:31:22,Renault,4702,543,0.1155
2026-08-17T09:31:22,Seat,121,0,0.0
2026-08-17T09:31:22,Skoda,117,2,0.0171
2026-08-17T09:31:22,Smart,4,4,1.0
2026-08-17T09:31:22,Suzuki,84,3,0.0357
2026-08-17T09:31:22,Tesla,3,3,1.0
2026-08-17T09:31:22,Toyota,543,7,0.0129
2026-08-17T09:31:22,Volkswagen,590,38,0.0644
2026-08-17T09:31:22,Volvo,148,48,0.3243
2026-08-18T09:22:48,Abarth,7,3,0.4286
2026-08-18T09:22:48,Alfa Romeo,24,0,0.0
2026-08-18T09:22:48,Alpine,45,19,0.4222
2026-08-18T09:22:48,Aston Martin,1,0,0.0
2026-08-18T09:22:48,Audi,342,32,0.0936
2026-08-18T09:22:48,Bmw,774,88,0.1137
2026-08-18T09:22:48,Byd,5,4,0.8
2026-08-18T09:22:48,Citroen,1432,75,0.0524
2026-08-18T09:22:48,Cupra,36,2,0.0556
2026-08-18T09:22:48,Dacia,1516,208,0.1372
2026-08-18T09:22:48,Ds,344,37,0.1076
2026-08-18T09:22:48,Fiat,116,29,0.25
2026-08-18T09:22:48,Ford,433,55,0.127
2026-08-18T09:22:48,Honda,3,1,0.3333
2026-08-18T09:22:48,Hyundai,115,2,0.0174
2026-08-18T09:22:48,Isuzu,1,0,0.0
2026-08-18T09:22:48,Iveco,2,0,0.0
2026-08-18T09:22:48,Jaguar,19,3,0.1579
2026-08-18T09:22:48,Jeep,25,0,0.0
2026-08-18T09:22:48,Kia,154,11,0.0714
2026-08-18T09:22:48,Land-Rover,84,0,0.0
2026-08-18T09:22:48,Leapmotor,6,3,0.5
2026-08-18T09:22:48,Lexus,80,5,0.0625
2026-08-18T09:22:48,Man,1,0,0.0
2026-08-18T09:22:48,Maserati,8,3,0.375
2026-08-18T09:22:48,Mazda,30,0,0.0
2026-08-18T09:22:48,Mercedes,839,116,0.1383
2026-08-18T09:22:48,Mg,59,15,0.2542
2026-08-18T09:22:48,Mini,296,55,0.1858
2026-08-18T09:22:48,Mitsubishi,141,0,0.0
2026-08-18T09:22:48,Mobilize,3,3,1.0
2026-08-18T09:22:48,Nissan,625,29,0.0464
2026-08-18T09:22:48,Opel,225,23,0.1022
2026-08-18T09:22:48,Peugeot,3041,316,0.1039
2026-08-18T09:22:48,Porsche,44,12,0.2727
2026-08-18T09:22:48,Renault,4644,533,0.1148
2026-08-18T09:22:48,Seat,121,0,0.0
2026-08-18T09:22:48,Skoda,118,3,0.0254
2026-08-18T09:22:48,Smart,4,4,1.0
2026-08-18T09:22:48,Suzuki,84,3,0.0357
2026-08-18T09:22:48,Tesla,3,3,1.0
2026-08-18T09:22:48,Toyota,537,7,0.013
2026-08-18T09:22:48,Volkswagen,584,38,0.0651
2026-08-18T09:22:48,Volvo,148,48,0.3243
2026-08-19T09:24:36,Abarth,7,3,0.4286
2026-08-19T09:24:36,Alfa Romeo,24,0,0.0
2026-08-19T09:24:36,Alpine,45,19,0.4222
2026-08-19T09:24:36,Aston Martin,1,0,0.0
2026-08-19T09:24:36,Audi,342,32,0.0936
2026-08-19T09:24:36,Bmw,767,87,0.1134
2026-08-19T09:24:36,Byd,5,4,0.8
2026-08-19T09:24:36,Citroen,1438,75,0.0522
2026-08-19T09:24:36,Cupra,36,2,0.0556
2026-08-19T09:24:36,Dacia,1502,205,0.1365
2026-08-19T09:24:36,Ds,342,37,0.1082
2026-08-19T09:24:36,Fiat,118,29,0.2458
2026-08-19T09:24:36,Ford,433,55,0.127
2026-08-19T09:24:36,Honda,3,1,0.3333
2026-08-19T09:24:36,Hyundai,114,2,0.0175
2026-08-19T09:24:36,Isuzu,1,0,0.0
2026-08-19T09:24:36,Iveco,2,0,0.0
2026-08-19T09:24:36,Jaguar,18,3,0.1667
2026-08-19T09:24:36,Jeep,25,0,0.0
2026-08-19T09:24:36,Kia,154,11,0.0714
2026-08-19T09:24:36,Land-Rover,84,0,0.0
2026-08-19T09:24:36,Leapmotor,6,3,0.5
2026-08-19T09:24:36,Lexus,80,5,0.0625
2026-08-19T09:24:36,Man,1,0,0.0
2026-08-19T09:24:36,Maserati,8,3,0.375
2026-08-19T09:24:36,Mazda,30,0,0.0
2026-08-19T09:24:36,Mercedes,833,116,0.1393
2026-08-19T09:24:36,Mg,58,15,0.2586
2026-08-19T09:24:36,Mini,296,55,0.1858
2026-08-19T09:24:36,Mitsubishi,139,0,0.0
2026-08-19T09:24:36,Mobilize,3,3,1.0
2026-08-19T09:24:36,Nissan,623,28,0.0449
2026-08-19T09:24:36,Opel,223,23,0.1031
2026-08-19T09:24:36,Peugeot,3029,316,0.1043
2026-08-19T09:24:36,Porsche,45,12,0.2667
2026-08-19T09:24:36,Renault,4621,536,0.116
2026-08-19T09:24:36,Seat,121,0,0.0
2026-08-19T09:24:36,Skoda,117,3,0.0256
2026-08-19T09:24:36,Smart,4,4,1.0
2026-08-19T09:24:36,Suzuki,82,3,0.0366
2026-08-19T09:24:36,Tesla,3,3,1.0
2026-08-19T09:24:36,Toyota,530,7,0.0132
2026-08-19T09:24:36,Volkswagen,573,37,0.0646
2026-08-19T09:24:36,Volvo,147,47,0.3197
2026-08-20T09:24:33,Abarth,7,3,0.4286
2026-08-20T09:24:33,Alfa Romeo,24,0,0.0
2026-08-20T09:24:33,Alpine,45,19,0.4222
2026-08-20T09:24:33,Aston Martin,1,0,0.0
2026-08-20T09:24:33,Audi,344,34,0.0988
2026-08-20T09:24:33,Bmw,782,90,0.1151
2026-08-20T09:24:33,Byd,4,3,0.75
2026-08-20T09:24:33,Citroen,1449,74,0.0511
2026-08-20T09:24:33,Cupra,36,4,0.1111
2026-08-20T09:24:33,Dacia,1535,215,0.1401
2026-08-20T09:24:33,Ds,346,39,0.1127
2026-08-20T09:24:33,Fiat,123,30,0.2439
2026-08-20T09:24:33,Ford,429,54,0.1259
2026-08-20T09:24:33,Honda,4,1,0.25
2026-08-20T09:24:33,Hyundai,116,2,0.0172
2026-08-20T09:24:33,Isuzu,1,0,0.0
2026-08-20T09:24:33,Iveco,2,0,0.0
2026-08-20T09:24:33,Jaguar,17,3,0.1765
2026-08-20T09:24:33,Jeep,24,0,0.0
2026-08-20T09:24:33,Kia,152,9,0.0592
2026-08-20T09:24:33,Land-Rover,86,0,0.0
2026-08-20T09:24:33,Leapmotor,7,3,0.4286
2026-08-20T09:24:33,Lexus,89,5,0.0562
2026-08-20T09:24:33,Man,1,0,0.0
2026-08-20T09:24:33,Maserati,8,3,0.375
2026-08-20T09:24:33,Mazda,28,0,0.0
2026-08-20T09:24:33,Mercedes,849,116,0.1366
2026-08-20T09:24:33,Mg,61,16,0.2623
2026-08-20T09:24:33,Mini,307,58,0.1889
2026-08-20T09:24:33,Mitsubishi,137,0,0.0
2026-08-20T09:24:33,Mobilize,3,3,1.0
2026-08-20T09:24:33,Nissan,635,29,0.0457
2026-08-20T09:24:33,Opel,222,23,0.1036
2026-08-20T09:24:33,Peugeot,3058,320,0.1046
2026-08-20T09:24:33,Porsche,46,12,0.2609
2026-08-20T09:24:33,Renault,4734,577,0.1219
2026-08-20T09:24:33,Seat,126,0,0.0
2026-08-20T09:24:33,Skoda,120,3,0.025
2026-08-20T09:24:33,Smart,5,5,1.0
2026-08-20T09:24:33,Suzuki,79,3,0.038
2026-08-20T09:24:33,Tesla,3,3,1.0
2026-08-20T09:24:33,Toyota,545,7,0.0128
2026-08-20T09:24:33,Volkswagen,584,37,0.0634
2026-08-20T09:24:33,Volvo,152,48,0.3158
2026-08-21T09:26:48,Abarth,5,3,0.6
2026-08-21T09:26:48,Alfa Romeo,24,0,0.0
2026-08-21T09:26:48,Alpine,44,18,0.4091
2026-08-21T09:26:48,Aston Martin,1,0,0.0
2026-08-21T09:26:48,Audi,345,33,0.0957
2026-08-21T09:26:48,Bmw,784,91,0.1161
2026-08-21T09:26:48,Byd,4,3,0.75
2026-08-21T09:26:48,Citroen,1437,71,0.0494
2026-08-21T09:26:48,Cupra,35,4,0.1143
2026-08-21T09:26:48,Dacia,1537,209,0.136
2026-08-21T09:26:48,Ds,351,39,0.1111
2026-08-21T09:26:48,Fiat,125,31,0.248
2026-08-21T09:26:48,Ford,426,56,0.1315
2026-08-21T09:26:48,Honda,4,1,0.25
2026-08-21T09:26:48,Hyundai,118,2,0.0169
2026-08-21T09:26:48,Isuzu,1,0,0.0
2026-08-21T09:26:48,Iveco,2,0,0.0
2026-08-21T09:26:48,Jaguar,17,3,0.1765
2026-08-21T09:26:48,Jeep,23,1,0.0435
2026-08-21T09:26:48,Kia,153,10,0.0654
2026-08-21T09:26:48,Land-Rover,86,0,0.0
2026-08-21T09:26:48,Leapmotor,7,3,0.4286
2026-08-21T09:26:48,Lexus,90,5,0.0556
2026-08-21T09:26:48,Man,1,0,0.0
2026-08-21T09:26:48,Maserati,8,3,0.375
2026-08-21T09:26:48,Mazda,30,0,0.0
2026-08-21T09:26:48,Mercedes,839,114,0.1359
2026-08-21T09:26:48,Mg,59,17,0.2881
2026-08-21T09:26:48,Mini,302,56,0.1854
2026-08-21T09:26:48,Mitsubishi,135,0,0.0
2026-08-21T09:26:48,Mobilize,2,2,1.0
2026-08-21T09:26:48,Nissan,636,31,0.0487
2026-08-21T09:26:48,Opel,223,23,0.1031
2026-08-21T09:26:48,Peugeot,3056,317,0.1037
2026-08-21T09:26:48,Porsche,44,12,0.2727
2026-08-21T09:26:48,Renault,4739,584,0.1232
2026-08-21T09:26:48,Seat,125,0,0.0
2026-08-21T09:26:48,Skoda,123,3,0.0244
2026-08-21T09:26:48,Smart,5,5,1.0
2026-08-21T09:26:48,Suzuki,74,3,0.0405
2026-08-21T09:26:48,Tesla,3,3,1.0
2026-08-21T09:26:48,Toyota,542,6,0.0111
2026-08-21T09:26:48,Volkswagen,592,37,0.0625
2026-08-21T09:26:48,Volvo,149,46,0.3087
2026-08-22T09:18:24,Abarth,6,3,0.5
2026-08-22T09:18:24,Alfa Romeo,22,0,0.0
2026-08-22T09:18:24,Alpine,44,18,0.4091
2026-08-22T09:18:24,Aston Martin,1,0,0.0
2026-08-22T09:18:24,Audi,344,33,0.0959
2026-08-22T09:18:24,Bmw,782,90,0.1151
2026-08-22T09:18:24,Byd,4,3,0.75
2026-08-22T09:18:24,Citroen,1429,69,0.0483
2026-08-22T09:18:24,Cupra,35,4,0.1143
2026-08-22T09:18:24,Dacia,1559,220,0.1411
2026-08-22T09:18:24,Ds,353,38,0.1076
2026-08-22T09:18:24,Fiat,121,31,0.2562
2026-08-22T09:18:24,Ford,422,54,0.128
2026-08-22T09:18:24,Honda,4,1,0.25
2026-08-22T09:18:24,Hyundai,112,2,0.0179
2026-08-22T09:18:24,Isuzu,1,0,0.0
2026-08-22T09:18:24,Iveco,2,0,0.0
2026-08-22T09:18:24,Jaguar,17,3,0.1765
2026-08-22T09:18:24,Jeep,22,1,0.0455
2026-08-22T09:18:24,Kia,146,10,0.0685
2026-08-22T09:18:24,Land-Rover,84,0,0.0
2026-08-22T09:18:24,Leapmotor,7,3,0.4286
2026-08-22T09:18:24,Lexus,88,5,0.0568
2026-08-22T09:18:24,Man,1,0,0.0
2026-08-22T09:18:24,Maserati,8,3,0.375
2026-08-22T09:18:24,Mazda,30,0,0.0
2026-08-22T09:18:24,Mercedes,842,115,0.1366
2026-08-22T09:18:24,Mg,59,18,0.3051
2026-08-22T09:18:24,Mini,297,57,0.1919
2026-08-22T09:18:24,Mitsubishi,137,0,0.0
2026-08-22T09:18:24,Mobilize,2,2,1.0
2026-08-22T09:18:24,Nissan,633,30,0.0474
2026-08-22T09:18:24,Opel,217,22,0.1014
2026-08-22T09:18:24,Peugeot,3069,320,0.1043
2026-08-22T09:18:24,Porsche,44,12,0.2727
2026-08-22T09:18:24,Renault,4779,597,0.1249
2026-08-22T09:18:24,Seat,125,0,0.0
2026-08-22T09:18:24,Skoda,123,3,0.0244
2026-08-22T09:18:24,Smart,5,5,1.0
2026-08-22T09:18:24,Suzuki,73,3,0.0411
2026-08-22T09:18:24,Tesla,3,3,1.0
2026-08-22T09:18:24,Toyota,533,5,0.0094
2026-08-22T09:18:24,Volkswagen,592,36,0.0608
2026-08-22T09:18:24,Volvo,153,47,0.3072
2026-08-23T09:18:47,Abarth,6,3,0.5
2026-08-23T09:18:47,Alfa Romeo,23,0,0.0
2026-08-23T09:18:47,Alpine,46,19,0.413
2026-08-23T09:18:47,Aston Martin,1,0,0.0
2026-08-23T09:18:47,Audi,339,32,0.0944
2026-08-23T09:18:47,Bmw,777,87,0.112
2026-08-23T09:18:47,Byd,4,3,0.75
2026-08-23T09:18:47,Citroen,1416,66,0.0466
2026-08-23T09:18:47,Cupra,36,4,0.1111
2026-08-23T09:18:47,Dacia,1563,224,0.1433
2026-08-23T09:18:47,Ds,352,38,0.108
2026-08-23T09:18:47,Fiat,122,30,0.2459
2026-08-23T09:18:47,Ford,419,54,0.1289
2026-08-23T09:18:47,Honda,4,1,0.25
2026-08-23T09:18:47,Hyundai,113,2,0.0177
2026-08-23T09:18:47,Isuzu,1,0,0.0
2026-08-23T09:18:47,Iveco,2,0,0.0
2026-08-23T09:18:47,Jaguar,17,3,0.1765
2026-08-23T09:18:47,Jeep,21,1,0.0476
2026-08-23T09:18:47,Kia,147,11,0.0748
2026-08-23T09:18:47,Land-Rover,84,0,0.0
2026-08-23T09:18:47,Leapmotor,8,3,0.375
2026-08-23T09:18:47,Lexus,88,5,0.0568
2026-08-23T09:18:47,Man,1,0,0.0
2026-08-23T09:18:47,Maserati,8,3,0.375
2026-08-23T09:18:47,Mazda,32,0,0.0
2026-08-23T09:18:47,Mercedes,841,115,0.1367
2026-08-23T09:18:47,Mg,57,18,0.3158
2026-08-23T09:18:47,Mini,291,56,0.1924
2026-08-23T09:18:47,Mitsubishi,135,1,0.0074
2026-08-23T09:18:47,Mobilize,2,2,1.0
2026-08-23T09:18:47,Nissan,629,28,0.0445
2026-08-23T09:18:47,Opel,213,22,0.1033
2026-08-23T09:18:47,Peugeot,3056,318,0.1041
2026-08-23T09:18:47,Porsche,44,12,0.2727
2026-08-23T09:18:47,Renault,4800,601,0.1252
2026-08-23T09:18:47,Seat,125,0,0.0
2026-08-23T09:18:47,Skoda,122,3,0.0246
2026-08-23T09:18:47,Smart,5,5,1.0
2026-08-23T09:18:47,Suzuki,71,3,0.0423
2026-08-23T09:18:47,Tesla,3,3,1.0
2026-08-23T09:18:47,Toyota,525,5,0.0095
2026-08-23T09:18:47,Volkswagen,595,36,0.0605
2026-08-23T09:18:47,Volvo,151,47,0.3113
2026-08-24T09:37:13,Abarth,6,3,0.5
2026-08-24T09:37:13,Alfa Romeo,23,0,0.0
2026-08-24T09:37:13,Alpine,46,19,0.413
2026-08-24T09:37:13,Aston Martin,1,0,0.0
2026-08-24T09:37:13,Audi,336,32,0.0952
2026-08-24T09:37:13,Bmw,774,85,0.1098
2026-08-24T09:37:13,Byd,4,3,0.75
2026-08-24T09:37:13,Citroen,1413,66,0.0467
2026-08-24T09:37:13,Cupra,36,4,0.1111
2026-08-24T09:37:13,Dacia,1560,223,0.1429
2026-08-24T09:37:13,Ds,350,38,0.1086
2026-08-24T09:37:13,Fiat,122,30,0.2459
2026-08-24T09:37:13,Ford,418,54,0.1292
2026-08-24T09:37:13,Honda,4,1,0.25
2026-08-24T09:37:13,Hyundai,113,2,0.0177
2026-08-24T09:37:13,Isuzu,1,0,0.0
2026-08-24T09:37:13,Iveco,2,0,0.0
2026-08-24T09:37:13,Jaguar,17,3,0.1765
2026-08-24T09:37:13,Jeep,21,1,0.0476
2026-08-24T09:37:13,Kia,146,11,0.0753
2026-08-24T09:37:13,Land-Rover,84,0,0.0
2026-08-24T09:37:13,Leapmotor,8,3,0.375
2026-08-24T09:37:13,Lexus,88,5,0.0568
2026-08-24T09:37:13,Man,1,0,0.0
2026-08-24T09:37:13,Maserati,8,3,0.375
2026-08-24T09:37:13,Mazda,32,0,0.0
2026-08-24T09:37:13,Mercedes,844,115,0.1363
2026-08-24T09:37:13,Mg,57,18,0.3158
2026-08-24T09:37:13,Mini,290,55,0.1897
2026-08-24T09:37:13,Mitsubishi,135,1,0.0074
2026-08-24T09:37:13,Mobilize,2,2,1.0
2026-08-24T09:37:13,Nissan,624,28,0.0449
2026-08-24T09:37:13,Opel,214,22,0.1028
2026-08-24T09:37:13,Peugeot,3030,316,0.1043
2026-08-24T09:37:13,Porsche,43,12,0.2791
2026-08-24T09:37:13,Renault,4784,603,0.126
2026-08-24T09:37:13,Seat,122,0,0.0
2026-08-24T09:37:13,Skoda,122,3,0.0246
2026-08-24T09:37:13,Smart,6,5,0.8333
2026-08-24T09:37:13,Suzuki,71,3,0.0423
2026-08-24T09:37:13,Tesla,1,1,1.0
2026-08-24T09:37:13,Toyota,520,5,0.0096
2026-08-24T09:37:13,Volkswagen,591,36,0.0609
2026-08-24T09:37:13,Volvo,152,47,0.3092
2026-08-25T09:25:31,Abarth,6,3,0.5
2026-08-25T09:25:31,Alfa Romeo,23,0,0.0
2026-08-25T09:25:31,Alpine,46,19,0.413
2026-08-25T09:25:31,Aston Martin,1,0,0.0
2026-08-25T09:25:31,Audi,339,32,0.0944
2026-08-25T09:25:31,Bmw,761,85,0.1117
2026-08-25T09:25:31,Byd,4,3,0.75
2026-08-25T09:25:31,Citroen,1407,65,0.0462
2026-08-25T09:25:31,Cupra,37,4,0.1081
2026-08-25T09:25:31,Dacia,1553,225,0.1449
2026-08-25T09:25:31,Ds,346,37,0.1069
2026-08-25T09:25:31,Fiat,115,27,0.2348
2026-08-25T09:25:31,Ford,412,53,0.1286
2026-08-25T09:25:31,Honda,4,1,0.25
2026-08-25T09:25:31,Hyundai,117,2,0.0171
2026-08-25T09:25:31,Isuzu,1,0,0.0
2026-08-25T09:25:31,Iveco,2,0,0.0
2026-08-25T09:25:31,Jaguar,17,3,0.1765
2026-08-25T09:25:31,Jeep,20,1,0.05
2026-08-25T09:25:31,Kia,152,11,0.0724
2026-08-25T09:25:31,Land-Rover,86,0,0.0
2026-08-25T09:25:31,Leapmotor,8,3,0.375
2026-08-25T09:25:31,Lexus,86,5,0.0581
2026-08-25T09:25:31,Man,1,0,0.0
2026-08-25T09:25:31,Maserati,8,3,0.375
2026-08-25T09:25:31,Mazda,31,0,0.0
2026-08-25T09:25:31,Mercedes,843,117,0.1388
2026-08-25T09:25:31,Mg,55,17,0.3091
2026-08-25T09:25:31,Mini,278,53,0.1906
2026-08-25T09:25:31,Mitsubishi,134,1,0.0075
2026-08-25T09:25:31,Mobilize,2,2,1.0
2026-08-25T09:25:31,Nissan,614,28,0.0456
2026-08-25T09:25:31,Opel,211,22,0.1043
2026-08-25T09:25:31,Peugeot,3046,315,0.1034
2026-08-25T09:25:31,Porsche,45,13,0.2889
2026-08-25T09:25:31,Renault,4691,593,0.1264
2026-08-25T09:25:31,Seat,122,0,0.0
2026-08-25T09:25:31,Skoda,123,3,0.0244
2026-08-25T09:25:31,Smart,6,5,0.8333
2026-08-25T09:25:31,Suzuki,71,3,0.0423
2026-08-25T09:25:31,Toyota,513,5,0.0097
2026-08-25T09:25:31,Volkswagen,589,36,0.0611
2026-08-25T09:25:31,Volvo,152,47,0.3092
2026-08-26T09:32:07,Abarth,6,3,0.5
2026-08-26T09:32:07,Alfa Romeo,23,0,0.0
2026-08-26T09:32:07,Alpine,47,20,0.4255
2026-08-26T09:32:07,Aston Martin,1,0,0.0
2026-08-26T09:32:07,Audi,340,32,0.0941
2026-08-26T09:32:07,Bmw,762,85,0.1115
2026-08-26T09:32:07,Byd,4,3,0.75
2026-08-26T09:32:07,Citroen,1421,63,0.0443
2026-08-26T09:32:07,Cupra,38,4,0.1053
2026-08-26T09:32:07,Dacia,1564,226,0.1445
2026-08-26T09:32:07,Ds,348,37,0.1063
2026-08-26T09:32:07,Fiat,122,27,0.2213
2026-08-26T09:32:07,Ford,416,53,0.1274
2026-08-26T09:32:07,Honda,4,1,0.25
2026-08-26T09:32:07,Hyundai,117,2,0.0171
2026-08-26T09:32:07,Isuzu,1,0,0.0
2026-08-26T09:32:07,Iveco,2,0,0.0
2026-08-26T09:32:07,Jaguar,18,3,0.1667
2026-08-26T09:32:07,Jeep,20,1,0.05
2026-08-26T09:32:07,Kia,149,11,0.0738
2026-08-26T09:32:07,Land-Rover,86,0,0.0
2026-08-26T09:32:07,Leapmotor,8,3,0.375
2026-08-26T09:32:07,Lexus,85,5,0.0588
2026-08-26T09:32:07,Man,1,0,0.0
2026-08-26T09:32:07,Maserati,8,3,0.375
2026-08-26T09:32:07,Mazda,31,0,0.0
2026-08-26T09:32:07,Mercedes,838,117,0.1396
2026-08-26T09:32:07,Mg,63,19,0.3016
2026-08-26T09:32:07,Mini,274,52,0.1898
2026-08-26T09:32:07,Mitsubishi,133,1,0.0075
2026-08-26T09:32:07,Mobilize,2,2,1.0
2026-08-26T09:32:07,Nissan,617,28,0.0454
2026-08-26T09:32:07,Opel,213,22,0.1033
2026-08-26T09:32:07,Peugeot,3051,314,0.1029
2026-08-26T09:32:07,Porsche,45,13,0.2889
2026-08-26T09:32:07,Renault,4708,598,0.127
2026-08-26T09:32:07,Seat,122,0,0.0
2026-08-26T09:32:07,Skoda,121,2,0.0165
2026-08-26T09:32:07,Smart,6,5,0.8333
2026-08-26T09:32:07,Suzuki,73,3,0.0411
2026-08-26T09:32:07,Tesla,4,4,1.0
2026-08-26T09:32:07,Toyota,512,5,0.0098
2026-08-26T09:32:07,Volkswagen,592,36,0.0608
2026-08-26T09:32:07,Volvo,153,47,0.3072
2026-08-27T19:20:19,Abarth,5,2,0.4
2026-08-27T19:20:19,Alfa Romeo,22,0,0.0
2026-08-27T19:20:19,Alpine,46,20,0.4348
2026-08-27T19:20:19,Aston Martin,1,0,0.0
2026-08-27T19:20:19,Audi,340,30,0.0882
2026-08-27T19:20:19,Bmw,780,86,0.1103
2026-08-27T19:20:19,Byd,5,4,0.8
2026-08-27T19:20:19,Citroen,1432,63,0.044
2026-08-27T19:20:19,Cupra,39,4,0.1026
2026-08-27T19:20:19,Dacia,1586,227,0.1431
2026-08-27T19:20:19,Ds,357,37,0.1036
2026-08-27T19:20:19,Fiat,127,26,0.2047
2026-08-27T19:20:19,Ford,427,54,0.1265
2026-08-27T19:20:19,Fuso,1,0,0.0
2026-08-27T19:20:19,Honda,4,1,0.25
2026-08-27T19:20:19,Hyundai,125,2,0.016
2026-08-27T19:20:19,Isuzu,1,0,0.0
2026-08-27T19:20:19,Iveco,2,0,0.0
2026-08-27T19:20:19,Jaguar,19,3,0.1579
2026-08-27T19:20:19,Jeep,20,1,0.05
2026-08-27T19:20:19,Kia,153,11,0.0719
2026-08-27T19:20:19,Land-Rover,83,0,0.0
2026-08-27T19:20:19,Leapmotor,9,3,0.3333
2026-08-27T19:20:19,Lexus,91,5,0.0549
2026-08-27T19:20:19,Man,1,0,0.0
2026-08-27T19:20:19,Maserati,7,3,0.4286
2026-08-27T19:20:19,Mazda,30,0,0.0
2026-08-27T19:20:19,Mercedes,850,115,0.1353
2026-08-27T19:20:19,Mg,65,18,0.2769
2026-08-27T19:20:19,Mini,274,50,0.1825
2026-08-27T19:20:19,Mitsubishi,135,1,0.0074
2026-08-27T19:20:19,Mobilize,1,1,1.0
2026-08-27T19:20:19,Nissan,614,28,0.0456
2026-08-27T19:20:19,Opel,226,24,0.1062
2026-08-27T19:20:19,Peugeot,3111,308,0.099
2026-08-27T19:20:19,Porsche,45,13,0.2889
2026-08-27T19:20:19,Renault,4809,620,0.1289
2026-08-27T19:20:19,Seat,125,0,0.0
2026-08-27T19:20:19,Skoda,123,2,0.0163
2026-08-27T19:20:19,Smart,5,4,0.8
2026-08-27T19:20:19,Suzuki,73,3,0.0411
2026-08-27T19:20:19,Tesla,4,4,1.0
2026-08-27T19:20:19,Toyota,512,5,0.0098
2026-08-27T19:20:19,Volkswagen,600,35,0.0583
2026-08-27T19:20:19,Volvo,155,46,0.2968
2026-08-28T20:30:00,Abarth,6,2,0.3333
2026-08-28T20:30:00,Alfa Romeo,20,0,0.0
2026-08-28T20:30:00,Alpine,46,19,0.413
2026-08-28T20:30:00,Aston Martin,1,0,0.0
2026-08-28T20:30:00,Audi,340,30,0.0882
2026-08-28T20:30:00,Bmw,780,87,0.1115
2026-08-28T20:30:00,Byd,2,1,0.5
2026-08-28T20:30:00,Citroen,1411,60,0.0425
2026-08-28T20:30:00,Cupra,39,4,0.1026
2026-08-28T20:30:00,Dacia,1588,228,0.1436
2026-08-28T20:30:00,Ds,353,37,0.1048
2026-08-28T20:30:00,Fiat,125,26,0.208
2026-08-28T20:30:00,Ford,423,53,0.1253
2026-08-28T20:30:00,Fuso,1,0,0.0
2026-08-28T20:30:00,Honda,3,1,0.3333
2026-08-28T20:30:00,Hyundai,126,2,0.0159
2026-08-28T20:30:00,Isuzu,1,0,0.0
2026-08-28T20:30:00,Iveco,2,0,0.0
2026-08-28T20:30:00,Jaguar,20,3,0.15
2026-08-28T20:30:00,Jeep,19,1,0.0526
2026-08-28T20:30:00,Kia,157,12,0.0764
2026-08-28T20:30:00,Land-Rover,81,0,0.0
2026-08-28T20:30:00,Leapmotor,9,3,0.3333
2026-08-28T20:30:00,Lexus,89,5,0.0562
2026-08-28T20:30:00,Man,1,0,0.0
2026-08-28T20:30:00,Maserati,7,3,0.4286
2026-08-28T20:30:00,Mazda,30,0,0.0
2026-08-28T20:30:00,Mercedes,851,115,0.1351
2026-08-28T20:30:00,Mg,65,17,0.2615
2026-08-28T20:30:00,Mini,275,52,0.1891
2026-08-28T20:30:00,Mitsubishi,134,0,0.0
2026-08-28T20:30:00,Mobilize,1,1,1.0
2026-08-28T20:30:00,Nissan,613,28,0.0457
2026-08-28T20:30:00,Opel,228,23,0.1009
2026-08-28T20:30:00,Peugeot,3106,306,0.0985
2026-08-28T20:30:00,Porsche,45,13,0.2889
2026-08-28T20:30:00,Renault,4762,616,0.1294
2026-08-28T20:30:00,Seat,122,0,0.0
2026-08-28T20:30:00,Skoda,122,2,0.0164
2026-08-28T20:30:00,Smart,5,4,0.8
2026-08-28T20:30:00,Suzuki,73,3,0.0411
2026-08-28T20:30:00,Tesla,4,4,1.0
2026-08-28T20:30:00,Toyota,500,6,0.012
2026-08-28T20:30:00,Volkswagen,591,35,0.0592
2026-08-28T20:30:00,Volvo,153,46,0.3007
2026-08-29T14:05:14,Abarth,6,2,0.3333
2026-08-29T14:05:14,Alfa Romeo,19,0,0.0
2026-08-29T14:05:14,Alpine,45,22,0.4889
2026-08-29T14:05:14,Aston Martin,1,0,0.0
2026-08-29T14:05:14,Audi,338,30,0.0888
2026-08-29T14:05:14,Bmw,770,86,0.1117
2026-08-29T14:05:14,Byd,2,1,0.5
2026-08-29T14:05:14,Citroen,1389,57,0.041
2026-08-29T14:05:14,Cupra,39,4,0.1026
2026-08-29T14:05:14,Dacia,1579,226,0.1431
2026-08-29T14:05:14,Ds,347,37,0.1066
2026-08-29T14:05:14,Fiat,122,25,0.2049
2026-08-29T14:05:14,Ford,422,53,0.1256
2026-08-29T14:05:14,Fuso,1,0,0.0
2026-08-29T14:05:14,Honda,3,1,0.3333
2026-08-29T14:05:14,Hyundai,126,2,0.0159
2026-08-29T14:05:14,Isuzu,1,0,0.0
2026-08-29T14:05:14,Iveco,2,0,0.0
2026-08-29T14:05:14,Jaguar,19,3,0.1579
2026-08-29T14:05:14,Jeep,20,1,0.05
2026-08-29T14:05:14,Kia,153,12,0.0784
2026-08-29T14:05:14,Land-Rover,82,0,0.0
2026-08-29T14:05:14,Leapmotor,9,3,0.3333
2026-08-29T14:05:14,Lexus,87,5,0.0575
2026-08-29T14:05:14,Man,1,0,0.0
2026-08-29T14:05:14,Maserati,7,3,0.4286
2026-08-29T14:05:14,Mazda,29,0,0.0
2026-08-29T14:05:14,Mercedes,846,112,0.1324
2026-08-29T14:05:14,Mg,64,16,0.25
2026-08-29T14:05:14,Mini,270,50,0.1852
2026-08-29T14:05:14,Mitsubishi,133,0,0.0
2026-08-29T14:05:14,Mobilize,1,1,1.0
2026-08-29T14:05:14,Nissan,611,28,0.0458
2026-08-29T14:05:14,Opel,224,24,0.1071
2026-08-29T14:05:14,Peugeot,3080,300,0.0974
2026-08-29T14:05:14,Porsche,46,13,0.2826
2026-08-29T14:05:14,Renault,4729,621,0.1313
2026-08-29T14:05:14,Seat,122,0,0.0
2026-08-29T14:05:14,Skoda,118,2,0.0169
2026-08-29T14:05:14,Smart,5,4,0.8
2026-08-29T14:05:14,Suzuki,72,3,0.0417
2026-08-29T14:05:14,Tesla,4,4,1.0
2026-08-29T14:05:14,Toyota,487,6,0.0123
2026-08-29T14:05:14,Volkswagen,579,35,0.0604
2026-08-29T14:05:14,Volvo,150,45,0.3
2026-08-30T14:06:25,Abarth,6,2,0.3333
2026-08-30T14:06:25,Alfa Romeo,19,0,0.0
2026-08-30T14:06:25,Alpine,45,22,0.4889
2026-08-30T14:06:25,Aston Martin,1,0,0.0
2026-08-30T14:06:25,Audi,336,30,0.0893
2026-08-30T14:06:25,Bmw,765,86,0.1124
2026-08-30T14:06:25,Byd,2,1,0.5
2026-08-30T14:06:25,Citroen,1366,57,0.0417
2026-08-30T14:06:25,Cupra,38,4,0.1053
2026-08-30T14:06:25,Dacia,1549,218,0.1407
2026-08-30T14:06:25,Ds,347,37,0.1066
2026-08-30T14:06:25,Fiat,120,25,0.2083
2026-08-30T14:06:25,Ford,418,52,0.1244
2026-08-30T14:06:25,Fuso,1,0,0.0
2026-08-30T14:06:25,Honda,3,1,0.3333
2026-08-30T14:06:25,Hyundai,124,2,0.0161
2026-08-30T14:06:25,Isuzu,1,0,0.0
2026-08-30T14:06:25,Iveco,2,0,0.0
2026-08-30T14:06:25,Jaguar,19,3,0.1579
2026-08-30T14:06:25,Jeep,20,1,0.05
2026-08-30T14:06:25,Kia,149,12,0.0805
2026-08-30T14:06:25,Land-Rover,80,0,0.0
2026-08-30T14:06:25,Leapmotor,9,3,0.3333
2026-08-30T14:06:25,Lexus,87,5,0.0575
2026-08-30T14:06:25,Man,1,0,0.0
2026-08-30T14:06:25,Maserati,6,3,0.5
2026-08-30T14:06:25,Mazda,27,0,0.0
2026-08-30T14:06:25,Mercedes,839,111,0.1323
2026-08-30T14:06:25,Mg,64,16,0.25
2026-08-30T14:06:25,Mini,265,50,0.1887
2026-08-30T14:06:25,Mitsubishi,131,0,0.0
2026-08-30T14:06:25,Mobilize,1,1,1.0
2026-08-30T14:06:25,Nissan,603,28,0.0464
2026-08-30T14:06:25,Opel,220,24,0.1091
2026-08-30T14:06:25,Peugeot,3029,295,0.0974
2026-08-30T14:06:25,Porsche,46,13,0.2826
2026-08-30T14:06:25,Renault,4645,610,0.1313
2026-08-30T14:06:25,Seat,119,0,0.0
2026-08-30T14:06:25,Skoda,112,2,0.0179
2026-08-30T14:06:25,Smart,5,4,0.8
2026-08-30T14:06:25,Suzuki,70,3,0.0429
2026-08-30T14:06:25,Tesla,4,4,1.0
2026-08-30T14:06:25,Toyota,478,6,0.0126
2026-08-30T14:06:25,Volkswagen,572,35,0.0612
2026-08-30T14:06:25,Volvo,149,45,0.302
2026-08-31T16:32:11,Abarth,6,2,0.3333
2026-08-31T16:32:11,Alfa Romeo,18,0,0.0
2026-08-31T16:32:11,Alpine,50,23,0.46
2026-08-31T16:32:11,Aston Martin,1,0,0.0
2026-08-31T16:32:11,Audi,333,29,0.0871
2026-08-31T16:32:11,Bmw,762,88,0.1155
2026-08-31T16:32:11,Byd,2,1,0.5
2026-08-31T16:32:11,Citroen,1360,59,0.0434
2026-08-31T16:32:11,Cupra,38,4,0.1053
2026-08-31T16:32:11,Dacia,1532,215,0.1403
2026-08-31T16:32:11,Ds,342,36,0.1053
2026-08-31T16:32:11,Fiat,116,25,0.2155
2026-08-31T16:32:11,Ford,415,52,0.1253
2026-08-31T16:32:11,Fuso,1,0,0.0
2026-08-31T16:32:11,Honda,3,1,0.3333
2026-08-31T16:32:11,Hyundai,124,2,0.0161
2026-08-31T16:32:11,Isuzu,1,0,0.0
2026-08-31T16:32:11,Iveco,2,0,0.0
2026-08-31T16:32:11,Jaguar,19,3,0.1579
2026-08-31T16:32:11,Jeep,20,1,0.05
2026-08-31T16:32:11,Kia,148,12,0.0811
2026-08-31T16:32:11,Land-Rover,79,0,0.0
2026-08-31T16:32:11,Leapmotor,9,3,0.3333
2026-08-31T16:32:11,Lexus,87,5,0.0575
2026-08-31T16:32:11,Man,1,0,0.0
2026-08-31T16:32:11,Maserati,6,3,0.5
2026-08-31T16:32:11,Mazda,22,0,0.0
2026-08-31T16:32:11,Mercedes,839,112,0.1335
2026-08-31T16:32:11,Mg,64,16,0.25
2026-08-31T16:32:11,Mini,260,48,0.1846
2026-08-31T16:32:11,Mitsubishi,130,0,0.0
2026-08-31T16:32:11,Mobilize,1,1,1.0
2026-08-31T16:32:11,Nissan,598,29,0.0485
2026-08-31T16:32:11,Opel,217,24,0.1106
2026-08-31T16:32:11,Peugeot,3010,290,0.0963
2026-08-31T16:32:11,Porsche,46,13,0.2826
2026-08-31T16:32:11,Renault,4621,613,0.1327
2026-08-31T16:32:11,Seat,118,0,0.0
2026-08-31T16:32:11,Skoda,112,2,0.0179
2026-08-31T16:32:11,Smart,5,4,0.8
2026-08-31T16:32:11,Suzuki,70,3,0.0429
2026-08-31T16:32:11,Tesla,4,4,1.0
2026-08-31T16:32:11,Toyota,471,6,0.0127
2026-08-31T16:32:11,Volkswagen,566,35,0.0618
2026-08-31T16:32:11,Volvo,149,45,0.302
2026-09-01T13:48:28,Abarth,6,2,0.3333
2026-09-01T13:48:28,Alfa Romeo,18,0,0.0
2026-09-01T13:48:28,Alpine,50,23,0.46
2026-09-01T13:48:28,Aston Martin,1,0,0.0
2026-09-01T13:48:28,Audi,329,28,0.0851
2026-09-01T13:48:28,Bmw,767,88,0.1147
2026-09-01T13:48:28,Byd,2,1,0.5
2026-09-01T13:48:28,Citroen,1358,58,0.0427
2026-09-01T13:48:28,Cupra,38,3,0.0789
2026-09-01T13:48:28,Dacia,1520,216,0.1421
2026-09-01T13:48:28,Ds,342,36,0.1053
2026-09-01T13:48:28,Fiat,114,25,0.2193
2026-09-01T13:48:28,Ford,411,52,0.1265
2026-09-01T13:48:28,Fuso,1,0,0.0
2026-09-01T13:48:28,Honda,3,1,0.3333
2026-09-01T13:48:28,Hyundai,126,2,0.0159
2026-09-01T13:48:28,Isuzu,1,0,0.0
2026-09-01T13:48:28,Iveco,2,0,0.0
2026-09-01T13:48:28,Jaguar,19,3,0.1579
2026-09-01T13:48:28,Jeep,22,1,0.0455
2026-09-01T13:48:28,Kia,147,12,0.0816
2026-09-01T13:48:28,Land-Rover,77,0,0.0
2026-09-01T13:48:28,Leapmotor,9,3,0.3333
2026-09-01T13:48:28,Lexus,88,5,0.0568
2026-09-01T13:48:28,Man,1,0,0.0
2026-09-01T13:48:28,Maserati,6,3,0.5
2026-09-01T13:48:28,Mazda,25,0,0.0
2026-09-01T13:48:28,Mercedes,839,112,0.1335
2026-09-01T13:48:28,Mg,62,16,0.2581
2026-09-01T13:48:28,Mini,261,49,0.1877
2026-09-01T13:48:28,Mitsubishi,127,0,0.0
2026-09-01T13:48:28,Mobilize,1,1,1.0
2026-09-01T13:48:28,Nissan,591,29,0.0491
2026-09-01T13:48:28,Opel,211,23,0.109
2026-09-01T13:48:28,Peugeot,2985,286,0.0958
2026-09-01T13:48:28,Porsche,46,13,0.2826
2026-09-01T13:48:28,Renault,4610,609,0.1321
2026-09-01T13:48:28,Seat,116,0,0.0
2026-09-01T13:48:28,Skoda,111,2,0.018
2026-09-01T13:48:28,Smart,5,4,0.8
2026-09-01T13:48:28,Suzuki,71,3,0.0423
2026-09-01T13:48:28,Tesla,3,3,1.0
2026-09-01T13:48:28,Toyota,471,5,0.0106
2026-09-01T13:48:28,Volkswagen,560,34,0.0607
2026-09-01T13:48:28,Volvo,148,44,0.2973
2026-09-02T13:05:34,Abarth,6,2,0.3333
2026-09-02T13:05:34,Alfa Romeo,18,0,0.0
2026-09-02T13:05:34,Alpine,51,24,0.4706
2026-09-02T13:05:34,Aston Martin,1,0,0.0
2026-09-02T13:05:34,Audi,331,28,0.0846
2026-09-02T13:05:34,Bmw,768,89,0.1159
2026-09-02T13:05:34,Byd,2,1,0.5
2026-09-02T13:05:34,Citroen,1379,61,0.0442
2026-09-02T13:05:34,Cupra,40,3,0.075
2026-09-02T13:05:34,Dacia,1522,214,0.1406
2026-09-02T13:05:34,Ds,347,38,0.1095
2026-09-02T13:05:34,Fiat,115,21,0.1826
2026-09-02T13:05:34,Ford,414,52,0.1256
2026-09-02T13:05:34,Fuso,1,0,0.0
2026-09-02T13:05:34,Honda,4,1,0.25
2026-09-02T13:05:34,Hyundai,126,2,0.0159
2026-09-02T13:05:34,Infiniti,1,0,0.0
2026-09-02T13:05:34,Isuzu,1,0,0.0
2026-09-02T13:05:34,Iveco,2,0,0.0
2026-09-02T13:05:34,Jaguar,19,3,0.1579
2026-09-02T13:05:34,Jeep,23,1,0.0435
2026-09-02T13:05:34,Kia,151,13,0.0861
2026-09-02T13:05:34,Land-Rover,76,0,0.0
2026-09-02T13:05:34,Leapmotor,9,3,0.3333
2026-09-02T13:05:34,Lexus,87,5,0.0575
2026-09-02T13:05:34,Man,1,0,0.0
2026-09-02T13:05:34,Maserati,5,3,0.6
2026-09-02T13:05:34,Mazda,25,0,0.0
2026-09-02T13:05:34,Mercedes,838,112,0.1337
2026-09-02T13:05:34,Mg,62,16,0.2581
2026-09-02T13:05:34,Mini,260,50,0.1923
2026-09-02T13:05:34,Mitsubishi,127,0,0.0
2026-09-02T13:05:34,Mobilize,1,1,1.0
2026-09-02T13:05:34,Nissan,599,28,0.0467
2026-09-02T13:05:34,Opel,214,25,0.1168
2026-09-02T13:05:34,Peugeot,3020,292,0.0967
2026-09-02T13:05:34,Porsche,50,13,0.26
2026-09-02T13:05:34,Renault,4632,616,0.133
2026-09-02T13:05:34,Seat,120,0,0.0
2026-09-02T13:05:34,Skoda,111,2,0.018
2026-09-02T13:05:34,Smart,5,4,0.8
2026-09-02T13:05:34,Suzuki,71,3,0.0423
2026-09-02T13:05:34,Tesla,3,3,1.0
2026-09-02T13:05:34,Toyota,473,7,0.0148
2026-09-02T13:05:34,Volkswagen,561,33,0.0588
2026-09-02T13:05:34,Volvo,153,46,0.3007
2026-09-03T13:07:19,Abarth,5,2,0.4
2026-09-03T13:07:19,Alfa Romeo,17,0,0.0
2026-09-03T13:07:19,Alpine,51,24,0.4706
2026-09-03T13:07:19,Aston Martin,1,0,0.0
2026-09-03T13:07:19,Audi,326,29,0.089
2026-09-03T13:07:19,Bmw,768,88,0.1146
2026-09-03T13:07:19,Byd,2,1,0.5
2026-09-03T13:07:19,Citroen,1371,60,0.0438
2026-09-03T13:07:19,Cupra,39,3,0.0769
2026-09-03T13:07:19,Dacia,1529,217,0.1419
2026-09-03T13:07:19,Ds,346,38,0.1098
2026-09-03T13:07:19,Fiat,114,22,0.193
2026-09-03T13:07:19,Ford,410,50,0.122
2026-09-03T13:07:19,Fuso,1,0,0.0
2026-09-03T13:07:19,Honda,4,1,0.25
2026-09-03T13:07:19,Hyundai,128,2,0.0156
2026-09-03T13:07:19,Infiniti,1,0,0.0
2026-09-03T13:07:19,Isuzu,1,0,0.0
2026-09-03T13:07:19,Iveco,2,0,0.0
2026-09-03T13:07:19,Jaguar,19,3,0.1579
2026-09-03T13:07:19,Jeep,22,1,0.0455
2026-09-03T13:07:19,Kia,150,13,0.0867
2026-09-03T13:07:19,Land-Rover,76,0,0.0
2026-09-03T13:07:19,Leapmotor,9,3,0.3333
2026-09-03T13:07:19,Lexus,85,5,0.0588
2026-09-03T13:07:19,Maserati,5,3,0.6
2026-09-03T13:07:19,Mazda,24,0,0.0
2026-09-03T13:07:19,Mercedes,846,110,0.13
2026-09-03T13:07:19,Mg,60,14,0.2333
2026-09-03T13:07:19,Mini,264,50,0.1894
2026-09-03T13:07:19,Mitsubishi,128,0,0.0
2026-09-03T13:07:19,Mobilize,1,1,1.0
2026-09-03T13:07:19,Nissan,602,27,0.0449
2026-09-03T13:07:19,Opel,217,25,0.1152
2026-09-03T13:07:19,Peugeot,3035,293,0.0965
2026-09-03T13:07:19,Porsche,48,12,0.25
2026-09-03T13:07:19,Renault,4612,618,0.134
2026-09-03T13:07:19,Seat,119,0,0.0
2026-09-03T13:07:19,Skoda,108,2,0.0185
2026-09-03T13:07:19,Smart,6,5,0.8333
2026-09-03T13:07:19,Suzuki,72,3,0.0417
2026-09-03T13:07:19,Tesla,2,2,1.0
2026-09-03T13:07:19,Toyota,471,8,0.017
2026-09-03T13:07:19,Volkswagen,557,34,0.061
2026-09-03T13:07:19,Volvo,152,46,0.3026
2026-09-04T13:01:23,Abarth,5,2,0.4
2026-09-04T13:01:23,Alfa Romeo,17,0,0.0
2026-09-04T13:01:23,Alpine,50,23,0.46
2026-09-04T13:01:23,Aston Martin,1,0,0.0
2026-09-04T13:01:23,Audi,323,29,0.0898
2026-09-04T13:01:23,Bmw,769,88,0.1144
2026-09-04T13:01:23,Byd,4,3,0.75
2026-09-04T13:01:23,Citroen,1372,59,0.043
2026-09-04T13:01:23,Cupra,40,3,0.075
2026-09-04T13:01:23,Dacia,1524,218,0.143
2026-09-04T13:01:23,Ds,343,39,0.1137
2026-09-04T13:01:23,Fiat,117,23,0.1966
2026-09-04T13:01:23,Ford,407,51,0.1253
2026-09-04T13:01:23,Fuso,1,0,0.0
2026-09-04T13:01:23,Honda,4,1,0.25
2026-09-04T13:01:23,Hyundai,129,2,0.0155
2026-09-04T13:01:23,Infiniti,1,0,0.0
2026-09-04T13:01:23,Isuzu,1,0,0.0
2026-09-04T13:01:23,Iveco,2,0,0.0
2026-09-04T13:01:23,Jaguar,19,3,0.1579
2026-09-04T13:01:23,Jeep,23,1,0.0435
2026-09-04T13:01:23,Kia,149,13,0.0872
2026-09-04T13:01:23,Land-Rover,78,0,0.0
2026-09-04T13:01:23,Leapmotor,9,3,0.3333
2026-09-04T13:01:23,Lexus,79,5,0.0633
2026-09-04T13:01:23,Man,1,0,0.0
2026-09-04T13:01:23,Maserati,5,3,0.6
2026-09-04T13:01:23,Mazda,25,0,0.0
2026-09-04T13:01:23,Mercedes,849,112,0.1319
2026-09-04T13:01:23,Mg,57,12,0.2105
2026-09-04T13:01:23,Mini,255,48,0.1882
2026-09-04T13:01:23,Mitsubishi,127,0,0.0
2026-09-04T13:01:23,Mobilize,1,1,1.0
2026-09-04T13:01:23,Nissan,607,28,0.0461
2026-09-04T13:01:23,Opel,219,25,0.1142
2026-09-04T13:01:23,Peugeot,3034,294,0.0969
2026-09-04T13:01:23,Porsche,47,11,0.234
2026-09-04T13:01:23,Renault,4637,620,0.1337
2026-09-04T13:01:23,Seat,116,0,0.0
2026-09-04T13:01:23,Skoda,108,2,0.0185
2026-09-04T13:01:23,Smart,6,5,0.8333
2026-09-04T13:01:23,Suzuki,73,3,0.0411
2026-09-04T13:01:23,Tesla,2,2,1.0
2026-09-04T13:01:23,Toyota,478,8,0.0167
2026-09-04T13:01:23,Volkswagen,554,34,0.0614
2026-09-04T13:01:23,Volvo,152,48,0.3158
2026-09-05T12:14:00,Abarth,5,2,0.4
2026-09-05T12:14:00,Alfa Romeo,17,0,0.0
2026-09-05T12:14:00,Alpine,50,23,0.46
2026-09-05T12:14:00,Aston Martin,1,0,0.0
2026-09-05T12:14:00,Audi,322,28,0.087
2026-09-05T12:14:00,Bmw,764,92,0.1204
2026-09-05T12:14:00,Byd,5,4,0.8
2026-09-05T12:14:00,Citroen,1357,55,0.0405
2026-09-05T12:14:00,Cupra,40,3,0.075
2026-09-05T12:14:00,Dacia,1496,214,0.143
2026-09-05T12:14:00,Ds,336,37,0.1101
2026-09-05T12:14:00,Fiat,118,24,0.2034
2026-09-05T12:14:00,Ford,402,51,0.1269
2026-09-05T12:14:00,Fuso,1,0,0.0
2026-09-05T12:14:00,Honda,4,1,0.25
2026-09-05T12:14:00,Hyundai,125,2,0.016
2026-09-05T12:14:00,Infiniti,1,0,0.0
2026-09-05T12:14:00,Isuzu,1,0,0.0
2026-09-05T12:14:00,Iveco,2,0,0.0
2026-09-05T12:14:00,Jaguar,19,3,0.1579
2026-09-05T12:14:00,Jeep,23,1,0.0435
2026-09-05T12:14:00,Kia,148,13,0.0878
2026-09-05T12:14:00,Land-Rover,79,0,0.0
2026-09-05T12:14:00,Leapmotor,9,3,0.3333
2026-09-05T12:14:00,Lexus,80,5,0.0625
2026-09-05T12:14:00,Maserati,5,3,0.6
2026-09-05T12:14:00,Mazda,24,0,0.0
2026-09-05T12:14:00,Mercedes,838,113,0.1348
2026-09-05T12:14:00,Mg,57,13,0.2281
2026-09-05T12:14:00,Mini,244,46,0.1885
2026-09-05T12:14:00,Mitsubishi,125,0,0.0
2026-09-05T12:14:00,Mobilize,1,1,1.0
2026-09-05T12:14:00,Nissan,605,27,0.0446
2026-09-05T12:14:00,Opel,216,25,0.1157
2026-09-05T12:14:00,Peugeot,3002,289,0.0963
2026-09-05T12:14:00,Porsche,47,11,0.234
2026-09-05T12:14:00,Renault,4593,609,0.1326
2026-09-05T12:14:00,Seat,114,0,0.0
2026-09-05T12:14:00,Skoda,107,2,0.0187
2026-09-05T12:14:00,Smart,6,5,0.8333
2026-09-05T12:14:00,Suzuki,71,3,0.0423
2026-09-05T12:14:00,Tesla,2,2,1.0
2026-09-05T12:14:00,Toyota,465,8,0.0172
2026-09-05T12:14:00,Volkswagen,544,34,0.0625
2026-09-05T12:14:00,Volvo,149,48,0.3221
2026-09-06T12:28:25,Abarth,5,2,0.4
2026-09-06T12:28:25,Alfa Romeo,14,0,0.0
2026-09-06T12:28:25,Alpine,50,23,0.46
2026-09-06T12:28:25,Aston Martin,1,0,0.0
2026-09-06T12:28:25,Audi,317,28,0.0883
2026-09-06T12:28:25,Bmw,754,90,0.1194
2026-09-06T12:28:25,Byd,5,4,0.8
2026-09-06T12:28:25,Citroen,1337,54,0.0404
2026-09-06T12:28:25,Cupra,39,3,0.0769
2026-09-06T12:28:25,Dacia,1436,201,0.14
2026-09-06T12:28:25,Ds,333,36,0.1081
2026-09-06T12:28:25,Fiat,117,24,0.2051
2026-09-06T12:28:25,Ford,401,51,0.1272
2026-09-06T12:28:25,Fuso,1,0,0.0
2026-09-06T12:28:25,Honda,4,1,0.25
2026-09-06T12:28:25,Hyundai,124,2,0.0161
2026-09-06T12:28:25,Infiniti,1,0,0.0
2026-09-06T12:28:25,Isuzu,1,0,0.0
2026-09-06T12:28:25,Iveco,2,0,0.0
2026-09-06T12:28:25,Jaguar,17,3,0.1765
2026-09-06T12:28:25,Jeep,23,1,0.0435
2026-09-06T12:28:25,Kia,145,13,0.0897
2026-09-06T12:28:25,Land-Rover,76,0,0.0
2026-09-06T12:28:25,Leapmotor,9,3,0.3333
2026-09-06T12:28:25,Lexus,79,5,0.0633
2026-09-06T12:28:25,Maserati,5,3,0.6
2026-09-06T12:28:25,Mazda,23,0,0.0
2026-09-06T12:28:25,Mercedes,827,113,0.1366
2026-09-06T12:28:25,Mg,56,13,0.2321
2026-09-06T12:28:25,Mini,237,41,0.173
2026-09-06T12:28:25,Mitsubishi,117,0,0.0
2026-09-06T12:28:25,Mobilize,1,1,1.0
2026-09-06T12:28:25,Nissan,598,27,0.0452
2026-09-06T12:28:25,Opel,207,23,0.1111
2026-09-06T12:28:25,Peugeot,2959,287,0.097
2026-09-06T12:28:25,Porsche,47,11,0.234
2026-09-06T12:28:25,Renault,4407,594,0.1348
2026-09-06T12:28:25,Seat,113,0,0.0
2026-09-06T12:28:25,Skoda,103,2,0.0194
2026-09-06T12:28:25,Smart,5,4,0.8
2026-09-06T12:28:25,Suzuki,71,3,0.0423
2026-09-06T12:28:25,Tesla,2,2,1.0
2026-09-06T12:28:25,Toyota,452,8,0.0177
2026-09-06T12:28:25,Volkswagen,529,33,0.0624
2026-09-06T12:28:25,Volvo,147,48,0.3265
2026-09-07T14:36:34,Abarth,5,2,0.4
2026-09-07T14:36:34,Alfa Romeo,15,0,0.0
2026-09-07T14:36:34,Alpine,49,23,0.4694
2026-09-07T14:36:34,Aston Martin,1,0,0.0
2026-09-07T14:36:34,Audi,319,28,0.0878
2026-09-07T14:36:34,Bmw,756,90,0.119
2026-09-07T14:36:34,Byd,5,4,0.8
2026-09-07T14:36:34,Citroen,1335,54,0.0404
2026-09-07T14:36:34,Cupra,38,3,0.0789
2026-09-07T14:36:34,Dacia,1451,208,0.1433
2026-09-07T14:36:34,Ds,328,36,0.1098
2026-09-07T14:36:34,Fiat,120,24,0.2
2026-09-07T14:36:34,Ford,401,51,0.1272
2026-09-07T14:36:34,Fuso,1,0,0.0
2026-09-07T14:36:34,Honda,4,1,0.25
2026-09-07T14:36:34,Hyundai,124,2,0.0161
2026-09-07T14:36:34,Infiniti,1,0,0.0
2026-09-07T14:36:34,Isuzu,1,0,0.0
2026-09-07T14:36:34,Iveco,2,0,0.0
2026-09-07T14:36:34,Jaguar,18,3,0.1667
2026-09-07T14:36:34,Jeep,23,1,0.0435
2026-09-07T14:36:34,Kia,147,13,0.0884
2026-09-07T14:36:34,Land-Rover,78,0,0.0
2026-09-07T14:36:34,Leapmotor,9,3,0.3333
2026-09-07T14:36:34,Lexus,80,5,0.0625
2026-09-07T14:36:34,Maserati,5,3,0.6
2026-09-07T14:36:34,Mazda,25,0,0.0
2026-09-07T14:36:34,Mercedes,831,114,0.1372
2026-09-07T14:36:34,Mg,56,13,0.2321
2026-09-07T14:36:34,Mini,237,41,0.173
2026-09-07T14:36:34,Mitsubishi,125,0,0.0
2026-09-07T14:36:34,Mobilize,1,1,1.0
2026-09-07T14:36:34,Nissan,594,26,0.0438
2026-09-07T14:36:34,Opel,212,23,0.1085
2026-09-07T14:36:34,Peugeot,2953,285,0.0965
2026-09-07T14:36:34,Porsche,46,11,0.2391
2026-09-07T14:36:34,Renault,4464,598,0.134
2026-09-07T14:36:34,Seat,114,0,0.0
2026-09-07T14:36:34,Skoda,104,2,0.0192
2026-09-07T14:36:34,Smart,5,4,0.8
2026-09-07T14:36:34,Suzuki,71,3,0.0423
2026-09-07T14:36:34,Tesla,2,2,1.0
2026-09-07T14:36:34,Toyota,441,8,0.0181
2026-09-07T14:36:34,Volkswagen,526,33,0.0627
2026-09-07T14:36:34,Volvo,148,48,0.3243
2026-09-08T13:10:34,Abarth,5,2,0.4
2026-09-08T13:10:34,Alfa Romeo,16,0,0.0
2026-09-08T13:10:34,Alpine,50,24,0.48
2026-09-08T13:10:34,Aston Martin,1,0,0.0
2026-09-08T13:10:34,Audi,318,27,0.0849
2026-09-08T13:10:34,Bmw,752,87,0.1157
2026-09-08T13:10:34,Byd,5,4,0.8
2026-09-08T13:10:34,Citroen,1338,56,0.0419
2026-09-08T13:10:34,Cupra,38,3,0.0789
2026-09-08T13:10:34,Dacia,1457,213,0.1462
2026-09-08T13:10:34,Ds,331,36,0.1088
2026-09-08T13:10:34,Fiat,119,24,0.2017
2026-09-08T13:10:34,Ford,405,53,0.1309
2026-09-08T13:10:34,Fuso,1,0,0.0
2026-09-08T13:10:34,Honda,5,1,0.2
2026-09-08T13:10:34,Hyundai,123,2,0.0163
2026-09-08T13:10:34,Infiniti,1,0,0.0
2026-09-08T13:10:34,Isuzu,1,0,0.0
2026-09-08T13:10:34,Iveco,2,0,0.0
2026-09-08T13:10:34,Jaguar,17,3,0.1765
2026-09-08T13:10:34,Jeep,22,1,0.0455
2026-09-08T13:10:34,Kia,146,13,0.089
2026-09-08T13:10:34,Land-Rover,77,0,0.0
2026-09-08T13:10:34,Leapmotor,9,3,0.3333
2026-09-08T13:10:34,Lexus,83,5,0.0602
2026-09-08T13:10:34,Maserati,5,3,0.6
2026-09-08T13:10:34,Mazda,24,0,0.0
2026-09-08T13:10:34,Mercedes,828,114,0.1377
2026-09-08T13:10:34,Mg,59,14,0.2373
2026-09-08T13:10:34,Mini,241,43,0.1784
2026-09-08T13:10:34,Mitsubishi,121,0,0.0
2026-09-08T13:10:34,Mobilize,1,1,1.0
2026-09-08T13:10:34,Nissan,595,25,0.042
2026-09-08T13:10:34,Opel,212,23,0.1085
2026-09-08T13:10:34,Peugeot,2903,274,0.0944
2026-09-08T13:10:34,Porsche,48,12,0.25
2026-09-08T13:10:34,Renault,4447,598,0.1345
2026-09-08T13:10:34,Seat,115,0,0.0
2026-09-08T13:10:34,Skoda,102,2,0.0196
2026-09-08T13:10:34,Smart,5,4,0.8
2026-09-08T13:10:34,Suzuki,68,3,0.0441
2026-09-08T13:10:34,Tesla,2,2,1.0
2026-09-08T13:10:34,Toyota,454,7,0.0154
2026-09-08T13:10:34,Volkswagen,525,34,0.0648
2026-09-08T13:10:34,Volvo,147,49,0.3333
2026-09-09T13:16:12,Abarth,3,0,0.0
2026-09-09T13:16:12,Alfa Romeo,16,0,0.0
2026-09-09T13:16:12,Alpine,50,24,0.48
2026-09-09T13:16:12,Aston Martin,1,0,0.0
2026-09-09T13:16:12,Audi,317,26,0.082
2026-09-09T13:16:12,Bmw,767,87,0.1134
2026-09-09T13:16:12,Byd,5,4,0.8
2026-09-09T13:16:12,Citroen,1342,60,0.0447
2026-09-09T13:16:12,Cupra,37,3,0.0811
2026-09-09T13:16:12,Dacia,1453,209,0.1438
2026-09-09T13:16:12,Ds,336,37,0.1101
2026-09-09T13:16:12,Fiat,122,25,0.2049
2026-09-09T13:16:12,Ford,405,53,0.1309
2026-09-09T13:16:12,Honda,5,1,0.2
2026-09-09T13:16:12,Hyundai,121,2,0.0165
2026-09-09T13:16:12,Infiniti,1,0,0.0
2026-09-09T13:16:12,Isuzu,1,0,0.0
2026-09-09T13:16:12,Iveco,2,0,0.0
2026-09-09T13:16:12,Jaguar,16,3,0.1875
2026-09-09T13:16:12,Jeep,22,1,0.0455
2026-09-09T13:16:12,Kia,146,13,0.089
2026-09-09T13:16:12,Land-Rover,78,0,0.0
2026-09-09T13:16:12,Leapmotor,9,3,0.3333
2026-09-09T13:16:12,Lexus,81,5,0.0617
2026-09-09T13:16:12,Maserati,5,3,0.6
2026-09-09T13:16:12,Mazda,25,0,0.0
2026-09-09T13:16:12,Mercedes,823,114,0.1385
2026-09-09T13:16:12,Mg,55,13,0.2364
2026-09-09T13:16:12,Mini,239,40,0.1674
2026-09-09T13:16:12,Mitsubishi,121,0,0.0
2026-09-09T13:16:12,Mobilize,1,1,1.0
2026-09-09T13:16:12,Nissan,586,25,0.0427
2026-09-09T13:16:12,Opel,216,21,0.0972
2026-09-09T13:16:12,Peugeot,2956,280,0.0947
2026-09-09T13:16:12,Porsche,50,12,0.24
2026-09-09T13:16:12,Renault,4490,599,0.1334
2026-09-09T13:16:12,Seat,117,0,0.0
2026-09-09T13:16:12,Skoda,103,2,0.0194
2026-09-09T13:16:12,Smart,5,4,0.8
2026-09-09T13:16:12,Suzuki,67,3,0.0448
2026-09-09T13:16:12,Tesla,1,1,1.0
2026-09-09T13:16:12,Toyota,445,8,0.018
2026-09-09T13:16:12,Volkswagen,529,34,0.0643
2026-09-09T13:16:12,Volvo,144,48,0.3333
2026-09-10T13:13:27,Abarth,3,0,0.0
2026-09-10T13:13:27,Alfa Romeo,16,0,0.0
2026-09-10T13:13:27,Alpine,49,24,0.4898
2026-09-10T13:13:27,Aston Martin,1,0,0.0
2026-09-10T13:13:27,Audi,317,25,0.0789
2026-09-10T13:13:27,Bmw,764,86,0.1126
2026-09-10T13:13:27,Byd,4,3,0.75
2026-09-10T13:13:27,Citroen,1335,57,0.0427
2026-09-10T13:13:27,Cupra,37,3,0.0811
2026-09-10T13:13:27,Dacia,1452,211,0.1453
2026-09-10T13:13:27,Ds,335,37,0.1104
2026-09-10T13:13:27,Fiat,123,25,0.2033
2026-09-10T13:13:27,Ford,406,53,0.1305
2026-09-10T13:13:27,Honda,5,1,0.2
2026-09-10T13:13:27,Hyundai,120,2,0.0167
2026-09-10T13:13:27,Infiniti,1,0,0.0
2026-09-10T13:13:27,Isuzu,1,0,0.0
2026-09-10T13:13:27,Iveco,2,0,0.0
2026-09-10T13:13:27,Jaguar,18,3,0.1667
2026-09-10T13:13:27,Jeep,22,1,0.0455
2026-09-10T13:13:27,Kia,144,11,0.0764
2026-09-10T13:13:27,Land-Rover,78,0,0.0
2026-09-10T13:13:27,Leapmotor,9,3,0.3333
2026-09-10T13:13:27,Lexus,80,5,0.0625
2026-09-10T13:13:27,Maserati,5,3,0.6
2026-09-10T13:13:27,Mazda,26,0,0.0
2026-09-10T13:13:27,Mercedes,825,113,0.137
2026-09-10T13:13:27,Mg,57,13,0.2281
2026-09-10T13:13:27,Mini,249,38,0.1526
2026-09-10T13:13:27,Mitsubishi,123,0,0.0
2026-09-10T13:13:27,Mobilize,1,1,1.0
2026-09-10T13:13:27,Nissan,583,24,0.0412
2026-09-10T13:13:27,Opel,217,21,0.0968
2026-09-10T13:13:27,Peugeot,2960,288,0.0973
2026-09-10T13:13:27,Porsche,49,12,0.2449
2026-09-10T13:13:27,Renault,4509,608,0.1348
2026-09-10T13:13:27,Seat,114,0,0.0
2026-09-10T13:13:27,Skoda,104,2,0.0192
2026-09-10T13:13:27,Smart,5,4,0.8
2026-09-10T13:13:27,Suzuki,67,3,0.0448
2026-09-10T13:13:27,Tesla,1,1,1.0
2026-09-10T13:13:27,Toyota,453,8,0.0177
2026-09-10T13:13:27,Volkswagen,526,31,0.0589
2026-09-10T13:13:27,Volvo,144,47,0.3264
2026-09-11T13:07:36,Abarth,4,0,0.0
2026-09-11T13:07:36,Alfa Romeo,15,0,0.0
2026-09-11T13:07:36,Alpine,49,23,0.4694
2026-09-11T13:07:36,Aston Martin,1,0,0.0
2026-09-11T13:07:36,Audi,321,27,0.0841
2026-09-11T13:07:36,Bmw,762,88,0.1155
2026-09-11T13:07:36,Byd,4,3,0.75
2026-09-11T13:07:36,Citroen,1248,50,0.0401
2026-09-11T13:07:36,Cupra,38,3,0.0789
2026-09-11T13:07:36,Dacia,1440,208,0.1444
2026-09-11T13:07:36,Ds,334,35,0.1048
2026-09-11T13:07:36,Fiat,125,25,0.2
2026-09-11T13:07:36,Ford,396,52,0.1313
2026-09-11T13:07:36,Honda,6,1,0.1667
2026-09-11T13:07:36,Hyundai,118,2,0.0169
2026-09-11T13:07:36,Infiniti,1,0,0.0
2026-09-11T13:07:36,Isuzu,1,0,0.0
2026-09-11T13:07:36,Iveco,2,0,0.0
2026-09-11T13:07:36,Jaecoo,1,0,0.0
2026-09-11T13:07:36,Jaguar,18,3,0.1667
2026-09-11T13:07:36,Jeep,22,1,0.0455
2026-09-11T13:07:36,Kia,139,10,0.0719
2026-09-11T13:07:36,Land-Rover,78,0,0.0
2026-09-11T13:07:36,Leapmotor,7,3,0.4286
2026-09-11T13:07:36,Lexus,82,6,0.0732
2026-09-11T13:07:36,Maserati,6,3,0.5
2026-09-11T13:07:36,Mazda,25,0,0.0
2026-09-11T13:07:36,Mercedes,820,110,0.1341
2026-09-11T13:07:36,Mg,62,14,0.2258
2026-09-11T13:07:36,Mini,247,37,0.1498
2026-09-11T13:07:36,Mitsubishi,119,0,0.0
2026-09-11T13:07:36,Mobilize,1,1,1.0
2026-09-11T13:07:36,Nissan,574,22,0.0383
2026-09-11T13:07:36,Opel,161,10,0.0621
2026-09-11T13:07:36,Peugeot,2822,272,0.0964
2026-09-11T13:07:36,Porsche,48,12,0.25
2026-09-11T13:07:36,Renault,4486,598,0.1333
2026-09-11T13:07:36,Seat,115,0,0.0
2026-09-11T13:07:36,Skoda,106,2,0.0189
2026-09-11T13:07:36,Smart,6,5,0.8333
2026-09-11T13:07:36,Suzuki,67,3,0.0448
2026-09-11T13:07:36,Tesla,1,1,1.0
2026-09-11T13:07:36,Toyota,454,8,0.0176
2026-09-11T13:07:36,Volkswagen,529,31,0.0586
2026-09-11T13:07:36,Volvo,144,46,0.3194
2026-09-12T12:31:05,Abarth,4,0,0.0
2026-09-12T12:31:05,Alfa Romeo,16,0,0.0
2026-09-12T12:31:05,Alpine,48,23,0.4792
2026-09-12T12:31:05,Aston Martin,1,0,0.0
2026-09-12T12:31:05,Audi,319,26,0.0815
2026-09-12T12:31:05,Bmw,744,88,0.1183
2026-09-12T12:31:05,Byd,4,3,0.75
2026-09-12T12:31:05,Citroen,1295,56,0.0432
2026-09-12T12:31:05,Cupra,38,3,0.0789
2026-09-12T12:31:05,Dacia,1396,207,0.1483
2026-09-12T12:31:05,Ds,330,36,0.1091
2026-09-12T12:31:05,Fiat,122,24,0.1967
2026-09-12T12:31:05,Ford,385,52,0.1351
2026-09-12T12:31:05,Honda,5,1,0.2
2026-09-12T12:31:05,Hyundai,115,2,0.0174
2026-09-12T12:31:05,Infiniti,1,0,0.0
2026-09-12T12:31:05,Isuzu,1,0,0.0
2026-09-12T12:31:05,Iveco,2,0,0.0
2026-09-12T12:31:05,Jaecoo,1,0,0.0
2026-09-12T12:31:05,Jaguar,18,3,0.1667
2026-09-12T12:31:05,Jeep,22,1,0.0455
2026-09-12T12:31:05,Kia,135,10,0.0741
2026-09-12T12:31:05,Land-Rover,80,0,0.0
2026-09-12T12:31:05,Leapmotor,9,4,0.4444
2026-09-12T12:31:05,Lexus,85,5,0.0588
2026-09-12T12:31:05,Maserati,6,3,0.5
2026-09-12T12:31:05,Mazda,24,0,0.0
2026-09-12T12:31:05,Mercedes,809,110,0.136
2026-09-12T12:31:05,Mg,62,15,0.2419
2026-09-12T12:31:05,Mini,235,35,0.1489
2026-09-12T12:31:05,Mitsubishi,118,0,0.0
2026-09-12T12:31:05,Mobilize,1,1,1.0
2026-09-12T12:31:05,Nissan,563,22,0.0391
2026-09-12T12:31:05,Opel,207,20,0.0966
2026-09-12T12:31:05,Peugeot,2898,284,0.098
2026-09-12T12:31:05,Porsche,48,12,0.25
2026-09-12T12:31:05,Renault,4367,584,0.1337
2026-09-12T12:31:05,Seat,110,0,0.0
2026-09-12T12:31:05,Skoda,104,2,0.0192
2026-09-12T12:31:05,Smart,6,5,0.8333
2026-09-12T12:31:05,Suzuki,67,3,0.0448
2026-09-12T12:31:05,Tesla,1,1,1.0
2026-09-12T12:31:05,Toyota,432,8,0.0185
2026-09-12T12:31:05,Volkswagen,521,31,0.0595
2026-09-12T12:31:05,Volvo,137,44,0.3212
2026-09-13T13:32:35,Abarth,3,0,0.0
2026-09-13T13:32:35,Alfa Romeo,15,0,0.0
2026-09-13T13:32:35,Alpine,47,23,0.4894
2026-09-13T13:32:35,Aston Martin,1,0,0.0
2026-09-13T13:32:35,Audi,308,25,0.0812
2026-09-13T13:32:35,Bmw,692,84,0.1214
2026-09-13T13:32:35,Byd,4,3,0.75
2026-09-13T13:32:35,Citroen,1265,54,0.0427
2026-09-13T13:32:35,Cupra,22,1,0.0455
2026-09-13T13:32:35,Dacia,1346,198,0.1471
2026-09-13T13:32:35,Ds,331,37,0.1118
2026-09-13T13:32:35,Fiat,119,23,0.1933
2026-09-13T13:32:35,Ford,374,53,0.1417
2026-09-13T13:32:35,Honda,5,1,0.2
2026-09-13T13:32:35,Hyundai,112,1,0.0089
2026-09-13T13:32:35,Infiniti,1,0,0.0
2026-09-13T13:32:35,Isuzu,1,0,0.0
2026-09-13T13:32:35,Iveco,2,0,0.0
2026-09-13T13:32:35,Jaecoo,1,0,0.0
2026-09-13T13:32:35,Jaguar,19,3,0.1579
2026-09-13T13:32:35,Jeep,21,1,0.0476
2026-09-13T13:32:35,Kia,130,10,0.0769
2026-09-13T13:32:35,Land-Rover,80,0,0.0
2026-09-13T13:32:35,Leapmotor,7,2,0.2857
2026-09-13T13:32:35,Lexus,86,5,0.0581
2026-09-13T13:32:35,Maserati,6,3,0.5
2026-09-13T13:32:35,Mazda,22,0,0.0
2026-09-13T13:32:35,Mercedes,787,106,0.1347
2026-09-13T13:32:35,Mg,60,14,0.2333
2026-09-13T13:32:35,Mini,209,32,0.1531
2026-09-13T13:32:35,Mitsubishi,114,0,0.0
2026-09-13T13:32:35,Mobilize,1,1,1.0
2026-09-13T13:32:35,Nissan,546,22,0.0403
2026-09-13T13:32:35,Opel,203,18,0.0887
2026-09-13T13:32:35,Peugeot,2810,263,0.0936
2026-09-13T13:32:35,Porsche,48,12,0.25
2026-09-13T13:32:35,Renault,4230,563,0.1331
2026-09-13T13:32:35,Seat,94,0,0.0
2026-09-13T13:32:35,Skoda,87,0,0.0
2026-09-13T13:32:35,Smart,6,5,0.8333
2026-09-13T13:32:35,Subaru,1,0,0.0
2026-09-13T13:32:35,Suzuki,66,3,0.0455
2026-09-13T13:32:35,Tesla,1,1,1.0
2026-09-13T13:32:35,Toyota,415,7,0.0169
2026-09-13T13:32:35,Volkswagen,474,26,0.0549
2026-09-13T13:32:35,Volvo,133,42,0.3158
2026-09-14T07:51:44,Abarth,3,0,0.0
2026-09-14T07:51:44,Alfa Romeo,17,0,0.0
2026-09-14T07:51:44,Alpine,47,23,0.4894
2026-09-14T07:51:44,Aston Martin,1,0,0.0
2026-09-14T07:51:44,Audi,305,25,0.082
2026-09-14T07:51:44,Bmw,720,86,0.1194
2026-09-14T07:51:44,Byd,4,3,0.75
2026-09-14T07:51:44,Citroen,1251,53,0.0424
2026-09-14T07:51:44,Cupra,37,3,0.0811
2026-09-14T07:51:44,Dacia,1330,195,0.1466
2026-09-14T07:51:44,Ds,326,36,0.1104
2026-09-14T07:51:44,Fiat,120,24,0.2
2026-09-14T07:51:44,Ford,364,52,0.1429
2026-09-14T07:51:44,Honda,5,1,0.2
2026-09-14T07:51:44,Hyundai,108,1,0.0093
2026-09-14T07:51:44,Infiniti,1,0,0.0
2026-09-14T07:51:44,Isuzu,1,0,0.0
2026-09-14T07:51:44,Iveco,2,0,0.0
2026-09-14T07:51:44,Jaecoo,1,0,0.0
2026-09-14T07:51:44,Jaguar,19,3,0.1579
2026-09-14T07:51:44,Jeep,21,1,0.0476
2026-09-14T07:51:44,Kia,133,10,0.0752
2026-09-14T07:51:44,Land-Rover,80,0,0.0
2026-09-14T07:51:44,Leapmotor,6,1,0.1667
2026-09-14T07:51:44,Lexus,84,5,0.0595
2026-09-14T07:51:44,Maserati,6,3,0.5
2026-09-14T07:51:44,Mazda,24,0,0.0
2026-09-14T07:51:44,Mercedes,784,105,0.1339
2026-09-14T07:51:44,Mg,60,14,0.2333
2026-09-14T07:51:44,Mini,223,34,0.1525
2026-09-14T07:51:44,Mitsubishi,112,0,0.0
2026-09-14T07:51:44,Mobilize,1,1,1.0
2026-09-14T07:51:44,Nissan,543,21,0.0387
2026-09-14T07:51:44,Opel,200,18,0.09
2026-09-14T07:51:44,Peugeot,2758,253,0.0917
2026-09-14T07:51:44,Porsche,48,12,0.25
2026-09-14T07:51:44,Renault,4198,561,0.1336
2026-09-14T07:51:44,Seat,108,0,0.0
2026-09-14T07:51:44,Skoda,102,2,0.0196
2026-09-14T07:51:44,Smart,6,5,0.8333
2026-09-14T07:51:44,Suzuki,61,2,0.0328
2026-09-14T07:51:44,Tesla,1,1,1.0
2026-09-14T07:51:44,Toyota,399,7,0.0175
2026-09-14T07:51:44,Volkswagen,508,31,0.061
2026-09-14T07:51:44,Volvo,132,42,0.3182
2026-09-14T15:27:02,Abarth,3,0,0.0
2026-09-14T15:27:02,Alfa Romeo,16,0,0.0
2026-09-14T15:27:02,Alpine,47,23,0.4894
2026-09-14T15:27:02,Aston Martin,1,0,0.0
2026-09-14T15:27:02,Audi,303,25,0.0825
2026-09-14T15:27:02,Bmw,725,86,0.1186
2026-09-14T15:27:02,Byd,4,3,0.75
2026-09-14T15:27:02,Citroen,1251,53,0.0424
2026-09-14T15:27:02,Cupra,37,3,0.0811
2026-09-14T15:27:02,Dacia,1324,194,0.1465
2026-09-14T15:27:02,Ds,326,35,0.1074
2026-09-14T15:27:02,Fiat,122,24,0.1967
2026-09-14T15:27:02,Ford,366,52,0.1421
2026-09-14T15:27:02,Honda,5,1,0.2
2026-09-14T15:27:02,Hyundai,107,1,0.0093
2026-09-14T15:27:02,Infiniti,1,0,0.0
2026-09-14T15:27:02,Isuzu,1,0,0.0
2026-09-14T15:27:02,Iveco,2,0,0.0
2026-09-14T15:27:02,Jaecoo,1,0,0.0
2026-09-14T15:27:02,Jaguar,20,4,0.2
2026-09-14T15:27:02,Jeep,21,1,0.0476
2026-09-14T15:27:02,Kia,133,10,0.0752
2026-09-14T15:27:02,Land-Rover,80,0,0.0
2026-09-14T15:27:02,Leapmotor,6,1,0.1667
2026-09-14T15:27:02,Lexus,84,5,0.0595
2026-09-14T15:27:02,Maserati,7,3,0.4286
2026-09-14T15:27:02,Mazda,24,0,0.0
2026-09-14T15:27:02,Mercedes,784,104,0.1327
2026-09-14T15:27:02,Mg,61,13,0.2131
2026-09-14T15:27:02,Mini,222,34,0.1532
2026-09-14T15:27:02,Mitsubishi,111,0,0.0
2026-09-14T15:27:02,Mobilize,1,1,1.0
2026-09-14T15:27:02,Nissan,537,20,0.0372
2026-09-14T15:27:02,Opel,200,18,0.09
2026-09-14T15:27:02,Peugeot,2761,259,0.0938
2026-09-14T15:27:02,Porsche,48,12,0.25
2026-09-14T15:27:02,Renault,4179,564,0.135
2026-09-14T15:27:02,Seat,108,0,0.0
2026-09-14T15:27:02,Skoda,105,2,0.019
2026-09-14T15:27:02,Smart,6,5,0.8333
2026-09-14T15:27:02,Suzuki,61,2,0.0328
2026-09-14T15:27:02,Tesla,1,1,1.0
2026-09-14T15:27:02,Toyota,402,7,0.0174
2026-09-14T15:27:02,Volkswagen,510,31,0.0608
2026-09-14T15:27:02,Volvo,131,42,0.3206
2026-09-15T13:59:59,Abarth,3,0,0.0
2026-09-15T13:59:59,Alfa Romeo,16,0,0.0
2026-09-15T13:59:59,Alpine,46,22,0.4783
2026-09-15T13:59:59,Aston Martin,1,0,0.0
2026-09-15T13:59:59,Audi,300,25,0.0833
2026-09-15T13:59:59,Bmw,717,87,0.1213
2026-09-15T13:59:59,Byd,4,3,0.75
2026-09-15T13:59:59,Citroen,1264,55,0.0435
2026-09-15T13:59:59,Cupra,37,3,0.0811
2026-09-15T13:59:59,Dacia,1348,198,0.1469
2026-09-15T13:59:59,Ds,334,36,0.1078
2026-09-15T13:59:59,Fiat,124,24,0.1935
2026-09-15T13:59:59,Ford,363,48,0.1322
2026-09-15T13:59:59,Honda,5,1,0.2
2026-09-15T13:59:59,Hyundai,106,1,0.0094
2026-09-15T13:59:59,Infiniti,1,0,0.0
2026-09-15T13:59:59,Isuzu,1,0,0.0
2026-09-15T13:59:59,Iveco,2,0,0.0
2026-09-15T13:59:59,Jaecoo,1,0,0.0
2026-09-15T13:59:59,Jaguar,20,5,0.25
2026-09-15T13:59:59,Jeep,20,1,0.05
2026-09-15T13:59:59,Kia,135,10,0.0741
2026-09-15T13:59:59,Land-Rover,81,0,0.0
2026-09-15T13:59:59,Leapmotor,6,1,0.1667
2026-09-15T13:59:59,Lexus,84,5,0.0595
2026-09-15T13:59:59,Maserati,7,3,0.4286
2026-09-15T13:59:59,Mazda,24,0,0.0
2026-09-15T13:59:59,Mercedes,787,103,0.1309
2026-09-15T13:59:59,Mg,60,12,0.2
2026-09-15T13:59:59,Mini,221,31,0.1403
2026-09-15T13:59:59,Mitsubishi,111,0,0.0
2026-09-15T13:59:59,Mobilize,1,1,1.0
2026-09-15T13:59:59,Nissan,534,20,0.0375
2026-09-15T13:59:59,Opel,201,17,0.0846
2026-09-15T13:59:59,Peugeot,2798,267,0.0954
2026-09-15T13:59:59,Porsche,49,12,0.2449
2026-09-15T13:59:59,Renault,4179,556,0.133
2026-09-15T13:59:59,Seat,111,0,0.0
2026-09-15T13:59:59,Skoda,102,2,0.0196
2026-09-15T13:59:59,Smart,6,5,0.8333
2026-09-15T13:59:59,Suzuki,62,2,0.0323
2026-09-15T13:59:59,Tesla,2,2,1.0
2026-09-15T13:59:59,Toyota,402,7,0.0174
2026-09-15T13:59:59,Volkswagen,516,31,0.0601
2026-09-15T13:59:59,Volvo,132,43,0.3258
2026-09-16T13:53:26,Abarth,3,0,0.0
2026-09-16T13:53:26,Alfa Romeo,16,0,0.0
2026-09-16T13:53:26,Alpine,46,22,0.4783
2026-09-16T13:53:26,Aston Martin,1,0,0.0
2026-09-16T13:53:26,Audi,298,26,0.0872
2026-09-16T13:53:26,Bmw,719,84,0.1168
2026-09-16T13:53:26,Byd,4,3,0.75
2026-09-16T13:53:26,Citroen,1271,54,0.0425
2026-09-16T13:53:26,Cupra,37,3,0.0811
2026-09-16T13:53:26,Dacia,1359,198,0.1457
2026-09-16T13:53:26,Ds,340,37,0.1088
2026-09-16T13:53:26,Fiat,124,24,0.1935
2026-09-16T13:53:26,Ford,373,49,0.1314
2026-09-16T13:53:26,Fuso,1,0,0.0
2026-09-16T13:53:26,Honda,5,1,0.2
2026-09-16T13:53:26,Hyundai,106,1,0.0094
2026-09-16T13:53:26,Infiniti,1,0,0.0
2026-09-16T13:53:26,Isuzu,1,0,0.0
2026-09-16T13:53:26,Iveco,3,0,0.0
2026-09-16T13:53:26,Jaecoo,1,0,0.0
2026-09-16T13:53:26,Jaguar,19,5,0.2632
2026-09-16T13:53:26,Jeep,20,1,0.05
2026-09-16T13:53:26,Kia,140,10,0.0714
2026-09-16T13:53:26,Land-Rover,86,0,0.0
2026-09-16T13:53:26,Leapmotor,6,1,0.1667
2026-09-16T13:53:26,Lexus,84,5,0.0595
2026-09-16T13:53:26,Maserati,7,3,0.4286
2026-09-16T13:53:26,Mazda,25,0,0.0
2026-09-16T13:53:26,Mercedes,780,102,0.1308
2026-09-16T13:53:26,Mg,62,12,0.1935
2026-09-16T13:53:26,Mini,227,35,0.1542
2026-09-16T13:53:26,Mitsubishi,112,0,0.0
2026-09-16T13:53:26,Mobilize,1,1,1.0
2026-09-16T13:53:26,Nissan,532,20,0.0376
2026-09-16T13:53:26,Opel,204,18,0.0882
2026-09-16T13:53:26,Peugeot,2810,267,0.095
2026-09-16T13:53:26,Porsche,49,12,0.2449
2026-09-16T13:53:26,Renault,4162,561,0.1348
2026-09-16T13:53:26,Seat,112,0,0.0
2026-09-16T13:53:26,Skoda,106,2,0.0189
2026-09-16T13:53:26,Smart,6,5,0.8333
2026-09-16T13:53:26,Suzuki,60,2,0.0333
2026-09-16T13:53:26,Tesla,2,2,1.0
2026-09-16T13:53:26,Toyota,401,7,0.0175
2026-09-16T13:53:26,Volkswagen,513,29,0.0565
2026-09-16T13:53:26,Volvo,133,43,0.3233
2026-09-17T13:57:31,Abarth,3,0,0.0
2026-09-17T13:57:31,Alfa Romeo,17,0,0.0
2026-09-17T13:57:31,Alpine,46,22,0.4783
2026-09-17T13:57:31,Aston Martin,1,0,0.0
2026-09-17T13:57:31,Audi,296,24,0.0811
2026-09-17T13:57:31,Bmw,705,81,0.1149
2026-09-17T13:57:31,Byd,4,3,0.75
2026-09-17T13:57:31,Citroen,1273,54,0.0424
2026-09-17T13:57:31,Cupra,37,3,0.0811
2026-09-17T13:57:31,Dacia,1377,194,0.1409
2026-09-17T13:57:31,Ds,342,38,0.1111
2026-09-17T13:57:31,Fiat,129,25,0.1938
2026-09-17T13:57:31,Ford,372,48,0.129
2026-09-17T13:57:31,Fuso,1,0,0.0
2026-09-17T13:57:31,Honda,4,0,0.0
2026-09-17T13:57:31,Hyundai,104,0,0.0
2026-09-17T13:57:31,Infiniti,1,0,0.0
2026-09-17T13:57:31,Isuzu,1,0,0.0
2026-09-17T13:57:31,Iveco,3,0,0.0
2026-09-17T13:57:31,Jaecoo,1,0,0.0
2026-09-17T13:57:31,Jaguar,19,5,0.2632
2026-09-17T13:57:31,Jeep,19,1,0.0526
2026-09-17T13:57:31,Kia,140,9,0.0643
2026-09-17T13:57:31,Land-Rover,85,0,0.0
2026-09-17T13:57:31,Leapmotor,6,1,0.1667
2026-09-17T13:57:31,Lexus,83,4,0.0482
2026-09-17T13:57:31,Maserati,7,3,0.4286
2026-09-17T13:57:31,Mazda,25,0,0.0
2026-09-17T13:57:31,Mercedes,772,99,0.1282
2026-09-17T13:57:31,Mg,63,12,0.1905
2026-09-17T13:57:31,Mini,227,33,0.1454
2026-09-17T13:57:31,Mitsubishi,112,0,0.0
2026-09-17T13:57:31,Mobilize,2,2,1.0
2026-09-17T13:57:31,Nissan,527,19,0.0361
2026-09-17T13:57:31,Opel,206,19,0.0922
2026-09-17T13:57:31,Peugeot,2819,260,0.0922
2026-09-17T13:57:31,Porsche,49,12,0.2449
2026-09-17T13:57:31,Renault,4183,564,0.1348
2026-09-17T13:57:31,Seat,113,0,0.0
2026-09-17T13:57:31,Skoda,101,1,0.0099
2026-09-17T13:57:31,Smart,6,5,0.8333
2026-09-17T13:57:31,Suzuki,66,2,0.0303
2026-09-17T13:57:31,Tesla,2,2,1.0
2026-09-17T13:57:31,Toyota,402,7,0.0174
2026-09-17T13:57:31,Volkswagen,505,28,0.0554
2026-09-17T13:57:31,Volvo,133,43,0.3233
2026-09-18T13:15:53,Abarth,2,0,0.0
2026-09-18T13:15:53,Alfa Romeo,17,0,0.0
2026-09-18T13:15:53,Alpine,46,22,0.4783
2026-09-18T13:15:53,Aston Martin,1,0,0.0
2026-09-18T13:15:53,Audi,298,24,0.0805
2026-09-18T13:15:53,Bmw,701,80,0.1141
2026-09-18T13:15:53,Byd,4,3,0.75
2026-09-18T13:15:53,Citroen,1276,53,0.0415
2026-09-18T13:15:53,Cupra,35,3,0.0857
2026-09-18T13:15:53,Dacia,1373,192,0.1398
2026-09-18T13:15:53,Ds,337,36,0.1068
2026-09-18T13:15:53,Fiat,127,25,0.1969
2026-09-18T13:15:53,Ford,372,46,0.1237
2026-09-18T13:15:53,Fuso,1,0,0.0
2026-09-18T13:15:53,Honda,4,0,0.0
2026-09-18T13:15:53,Hyundai,104,0,0.0
2026-09-18T13:15:53,Infiniti,1,0,0.0
2026-09-18T13:15:53,Isuzu,1,0,0.0
2026-09-18T13:15:53,Iveco,3,0,0.0
2026-09-18T13:15:53,Jaecoo,2,0,0.0
2026-09-18T13:15:53,Jaguar,19,5,0.2632
2026-09-18T13:15:53,Jeep,18,1,0.0556
2026-09-18T13:15:53,Kia,138,9,0.0652
2026-09-18T13:15:53,Land-Rover,86,0,0.0
2026-09-18T13:15:53,Leapmotor,7,2,0.2857
2026-09-18T13:15:53,Lexus,82,4,0.0488
2026-09-18T13:15:53,Maserati,7,3,0.4286
2026-09-18T13:15:53,Mazda,26,0,0.0
2026-09-18T13:15:53,Mercedes,776,95,0.1224
2026-09-18T13:15:53,Mg,63,11,0.1746
2026-09-18T13:15:53,Mini,231,31,0.1342
2026-09-18T13:15:53,Mitsubishi,112,0,0.0
2026-09-18T13:15:53,Mobilize,3,3,1.0
2026-09-18T13:15:53,Nissan,514,16,0.0311
2026-09-18T13:15:53,Opel,209,19,0.0909
2026-09-18T13:15:53,Peugeot,2842,263,0.0925
2026-09-18T13:15:53,Porsche,49,12,0.2449
2026-09-18T13:15:53,Renault,4200,584,0.139
2026-09-18T13:15:53,Seat,111,0,0.0
2026-09-18T13:15:53,Skoda,104,1,0.0096
2026-09-18T13:15:53,Smart,7,6,0.8571
2026-09-18T13:15:53,Suzuki,66,2,0.0303
2026-09-18T13:15:53,Tesla,2,2,1.0
2026-09-18T13:15:53,Toyota,404,6,0.0149
2026-09-18T13:15:53,Volkswagen,509,27,0.053
2026-09-18T13:15:53,Volvo,133,43,0.3233
2026-09-19T12:46:35,Abarth,2,0,0.0
2026-09-19T12:46:35,Alfa Romeo,17,0,0.0
2026-09-19T12:46:35,Alpine,45,21,0.4667
2026-09-19T12:46:35,Aston Martin,1,0,0.0
2026-09-19T12:46:35,Audi,300,24,0.08
2026-09-19T12:46:35,Bmw,693,79,0.114
2026-09-19T12:46:35,Byd,4,3,0.75
2026-09-19T12:46:35,Citroen,1264,52,0.0411
2026-09-19T12:46:35,Cupra,35,3,0.0857
2026-09-19T12:46:35,Dacia,1355,175,0.1292
2026-09-19T12:46:35,Ds,334,35,0.1048
2026-09-19T12:46:35,Fiat,128,26,0.2031
2026-09-19T12:46:35,Ford,380,47,0.1237
2026-09-19T12:46:35,Fuso,1,0,0.0
2026-09-19T12:46:35,Honda,4,0,0.0
2026-09-19T12:46:35,Hyundai,104,0,0.0
2026-09-19T12:46:35,Infiniti,1,0,0.0
2026-09-19T12:46:35,Isuzu,1,0,0.0
2026-09-19T12:46:35,Iveco,3,0,0.0
2026-09-19T12:46:35,Jaecoo,2,0,0.0
2026-09-19T12:46:35,Jaguar,19,5,0.2632
2026-09-19T12:46:35,Jeep,19,1,0.0526
2026-09-19T12:46:35,Kia,137,9,0.0657
2026-09-19T12:46:35,Land-Rover,86,0,0.0
2026-09-19T12:46:35,Leapmotor,7,2,0.2857
2026-09-19T12:46:35,Lexus,84,4,0.0476
2026-09-19T12:46:35,Maserati,7,3,0.4286
2026-09-19T12:46:35,Mazda,26,0,0.0
2026-09-19T12:46:35,Mercedes,763,93,0.1219
2026-09-19T12:46:35,Mg,67,11,0.1642
2026-09-19T12:46:35,Mini,222,28,0.1261
2026-09-19T12:46:35,Mitsubishi,110,0,0.0
2026-09-19T12:46:35,Mobilize,3,3,1.0
2026-09-19T12:46:35,Nissan,502,16,0.0319
2026-09-19T12:46:35,Opel,206,17,0.0825
2026-09-19T12:46:35,Peugeot,2822,258,0.0914
2026-09-19T12:46:35,Porsche,49,12,0.2449
2026-09-19T12:46:35,Renault,4170,565,0.1355
2026-09-19T12:46:35,Seat,111,0,0.0
2026-09-19T12:46:35,Skoda,104,1,0.0096
2026-09-19T12:46:35,Smart,7,6,0.8571
2026-09-19T12:46:35,Suzuki,67,2,0.0299
2026-09-19T12:46:35,Tesla,2,2,1.0
2026-09-19T12:46:35,Toyota,404,6,0.0149
2026-09-19T12:46:35,Volkswagen,503,27,0.0537
2026-09-19T12:46:35,Volvo,132,43,0.3258
