date_releve,marque,modele,nb_total,nb_electrique,proportion_electrique
2026-07-17T10:15:22,Abarth,500,4,1,0.25
2026-07-17T10:15:22,Abarth,500c,1,1,1.0
2026-07-17T10:15:22,Abarth,600,1,1,1.0
2026-07-17T10:15:22,Alfa Romeo,Giulia,2,0,0.0
2026-07-17T10:15:22,Alfa Romeo,Giulietta,2,0,0.0
2026-07-17T10:15:22,Alfa Romeo,Junior,1,0,0.0
2026-07-17T10:15:22,Alfa Romeo,Stelvio,5,0,0.0
2026-07-17T10:15:22,Alfa Romeo,Tonale,8,0,0.0
2026-07-17T10:15:22,Alpine,A110,29,0,0.0
2026-07-17T10:15:22,Alpine,A290,12,12,1.0
2026-07-17T10:15:22,Alpine,A390,3,3,1.0
2026-07-17T10:15:22,Aston Martin,V8 Vantage,1,0,0.0
2026-07-17T10:15:22,Audi,A1,1,0,0.0
2026-07-17T10:15:22,Audi,A1 Allstreet,3,0,0.0
2026-07-17T10:15:22,Audi,A1 Citycarver,1,0,0.0
2026-07-17T10:15:22,Audi,A1 Sportback,57,0,0.0
2026-07-17T10:15:22,Audi,A3,1,0,0.0
2026-07-17T10:15:22,Audi,A3 Allstreet,5,0,0.0
2026-07-17T10:15:22,Audi,A3 Berline,2,0,0.0
2026-07-17T10:15:22,Audi,A3 Sportback,36,0,0.0
2026-07-17T10:15:22,Audi,A4,2,0,0.0
2026-07-17T10:15:22,Audi,A4 Allroad,1,0,0.0
2026-07-17T10:15:22,Audi,A4 Avant,2,0,0.0
2026-07-17T10:15:22,Audi,A5,4,0,0.0
2026-07-17T10:15:22,Audi,A5 Avant,8,0,0.0
2026-07-17T10:15:22,Audi,A5 Sportback,4,0,0.0
2026-07-17T10:15:22,Audi,A6,2,0,0.0
2026-07-17T10:15:22,Audi,A6 Allroad,1,0,0.0
2026-07-17T10:15:22,Audi,A6 Avant,7,0,0.0
2026-07-17T10:15:22,Audi,A6 Avant E-Tron,2,2,1.0
2026-07-17T10:15:22,Audi,A6 Sportback E-Tron,2,2,1.0
2026-07-17T10:15:22,Audi,A7 Sportback,1,0,0.0
2026-07-17T10:15:22,Audi,A8,1,0,0.0
2026-07-17T10:15:22,Audi,E-Tron Gt,1,1,1.0
2026-07-17T10:15:22,Audi,Q2,44,0,0.0
2026-07-17T10:15:22,Audi,Q3,34,0,0.0
2026-07-17T10:15:22,Audi,Q3 Sportback,22,0,0.0
2026-07-17T10:15:22,Audi,Q4 E-Tron,5,5,1.0
2026-07-17T10:15:22,Audi,Q4 Sportback E-Tron,6,6,1.0
2026-07-17T10:15:22,Audi,Q5,16,0,0.0
2026-07-17T10:15:22,Audi,Q5 Sportback,9,0,0.0
2026-07-17T10:15:22,Audi,Q6 E-Tron,4,4,1.0
2026-07-17T10:15:22,Audi,Q6 Sportback E-Tron,4,4,1.0
2026-07-17T10:15:22,Audi,Q7,1,0,0.0
2026-07-17T10:15:22,Audi,Q8,1,0,0.0
2026-07-17T10:15:22,Audi,Q8 E-Tron,1,1,1.0
2026-07-17T10:15:22,Audi,Q8 E-Tron Sportback,2,2,1.0
2026-07-17T10:15:22,Audi,R8 Spyder,1,0,0.0
2026-07-17T10:15:22,Audi,Rs Q3 Sportback,1,0,0.0
2026-07-17T10:15:22,Audi,Rs3 Sportback,1,0,0.0
2026-07-17T10:15:22,Audi,Rs4 Avant,1,0,0.0
2026-07-17T10:15:22,Audi,Rs5,1,0,0.0
2026-07-17T10:15:22,Audi,Rs6 Avant,1,0,0.0
2026-07-17T10:15:22,Audi,S3,1,0,0.0
2026-07-17T10:15:22,Audi,S4 Avant,1,0,0.0
2026-07-17T10:15:22,Audi,S6 Avant E-Tron,2,2,1.0
2026-07-17T10:15:22,Audi,Tt,2,0,0.0
2026-07-17T10:15:22,Audi,Tt Roadster,1,0,0.0
2026-07-17T10:15:22,Bmw,I3,4,4,1.0
2026-07-17T10:15:22,Bmw,I4,31,31,1.0
2026-07-17T10:15:22,Bmw,I8,1,0,0.0
2026-07-17T10:15:22,Bmw,Ix,5,5,1.0
2026-07-17T10:15:22,Bmw,Ix3,3,3,1.0
2026-07-17T10:15:22,Bmw,M2 Coupé,4,0,0.0
2026-07-17T10:15:22,Bmw,M3 Touring,1,0,0.0
2026-07-17T10:15:22,Bmw,M4 Coupé,3,0,0.0
2026-07-17T10:15:22,Bmw,M5,2,0,0.0
2026-07-17T10:15:22,Bmw,Série 1,129,0,0.0
2026-07-17T10:15:22,Bmw,Série 2 Active Tourer,74,0,0.0
2026-07-17T10:15:22,Bmw,Série 2 Cabriolet,1,0,0.0
2026-07-17T10:15:22,Bmw,Série 2 Coupé,8,0,0.0
2026-07-17T10:15:22,Bmw,Série 2 Gran Coupé,22,0,0.0
2026-07-17T10:15:22,Bmw,Série 2 Gran Tourer,4,0,0.0
2026-07-17T10:15:22,Bmw,Série 3,13,0,0.0
2026-07-17T10:15:22,Bmw,Série 3 Gran Turismo,4,0,0.0
2026-07-17T10:15:22,Bmw,Série 3 Touring,39,0,0.0
2026-07-17T10:15:22,Bmw,Série 4 Cabriolet,6,0,0.0
2026-07-17T10:15:22,Bmw,Série 4 Coupé,14,0,0.0
2026-07-17T10:15:22,Bmw,Série 4 Gran Coupé,23,0,0.0
2026-07-17T10:15:22,Bmw,Série 5,18,6,0.3333
2026-07-17T10:15:22,Bmw,Série 5 Touring,11,2,0.1818
2026-07-17T10:15:22,Bmw,Série 6 Gran Turismo,1,0,0.0
2026-07-17T10:15:22,Bmw,Série 7,2,0,0.0
2026-07-17T10:15:22,Bmw,Série 8,1,0,0.0
2026-07-17T10:15:22,Bmw,Série 8 Gran Coupé,2,0,0.0
2026-07-17T10:15:22,Bmw,X1,141,33,0.234
2026-07-17T10:15:22,Bmw,X2,72,6,0.0833
2026-07-17T10:15:22,Bmw,X3,75,0,0.0
2026-07-17T10:15:22,Bmw,X3 M,1,0,0.0
2026-07-17T10:15:22,Bmw,X4,8,0,0.0
2026-07-17T10:15:22,Bmw,X4 M,2,0,0.0
2026-07-17T10:15:22,Bmw,X5,33,0,0.0
2026-07-17T10:15:22,Bmw,X6,2,0,0.0
2026-07-17T10:15:22,Bmw,Xm,5,0,0.0
2026-07-17T10:15:22,Bmw,Z4 Roadster,6,0,0.0
2026-07-17T10:15:22,Byd,Atto 2,2,2,1.0
2026-07-17T10:15:22,Byd,Atto 3,1,1,1.0
2026-07-17T10:15:22,Byd,Dolphin,1,1,1.0
2026-07-17T10:15:22,Byd,Seal 6 Dm-I,1,0,0.0
2026-07-17T10:15:22,Byd,Seal 6 Dm-I Touring,1,0,0.0
2026-07-17T10:15:22,Byd,Tang,3,3,1.0
2026-07-17T10:15:22,Citroen,Ami,13,13,1.0
2026-07-17T10:15:22,Citroen,Berlingo,17,3,0.1765
2026-07-17T10:15:22,Citroen,Berlingo Van,40,0,0.0
2026-07-17T10:15:22,Citroen,C1,12,0,0.0
2026-07-17T10:15:22,Citroen,C3,774,11,0.0142
2026-07-17T10:15:22,Citroen,C3 Aircross,164,8,0.0488
2026-07-17T10:15:22,Citroen,C4,126,32,0.254
2026-07-17T10:15:22,Citroen,C4 Cactus,12,0,0.0
2026-07-17T10:15:22,Citroen,C4 Picasso,5,0,0.0
2026-07-17T10:15:22,Citroen,C4 Spacetourer,7,0,0.0
2026-07-17T10:15:22,Citroen,C4 X,8,1,0.125
2026-07-17T10:15:22,Citroen,C5 Aircross,215,4,0.0186
2026-07-17T10:15:22,Citroen,C5 X,15,0,0.0
2026-07-17T10:15:22,Citroen,Grand C4 Picasso,1,0,0.0
2026-07-17T10:15:22,Citroen,Grand C4 Spacetourer,6,0,0.0
2026-07-17T10:15:22,Citroen,Holidays,1,0,0.0
2026-07-17T10:15:22,Citroen,Jumper,19,0,0.0
2026-07-17T10:15:22,Citroen,Jumpy,31,2,0.0645
2026-07-17T10:15:22,Citroen,Spacetourer,9,0,0.0
2026-07-17T10:15:22,Cupra,Born,2,2,1.0
2026-07-17T10:15:22,Cupra,Formentor,20,0,0.0
2026-07-17T10:15:22,Cupra,Leon,7,0,0.0
2026-07-17T10:15:22,Cupra,Leon St,2,0,0.0
2026-07-17T10:15:22,Cupra,Raval,1,1,1.0
2026-07-17T10:15:22,Cupra,Terramar,3,0,0.0
2026-07-17T10:15:22,Dacia,Bigster,43,0,0.0
2026-07-17T10:15:22,Dacia,Duster,404,0,0.0
2026-07-17T10:15:22,Dacia,Jogger,131,0,0.0
2026-07-17T10:15:22,Dacia,Lodgy,7,0,0.0
2026-07-17T10:15:22,Dacia,Logan,3,0,0.0
2026-07-17T10:15:22,Dacia,Sandero,631,0,0.0
2026-07-17T10:15:22,Dacia,Spring,163,163,1.0
2026-07-17T10:15:22,Ds,4,13,6,0.4615
2026-07-17T10:15:22,Ds,8,6,6,1.0
2026-07-17T10:15:22,Ds,Ds,3,0,0.0
2026-07-17T10:15:22,Ds,Ds 3,46,13,0.2826
2026-07-17T10:15:22,Ds,Ds 3 Crossback,46,6,0.1304
2026-07-17T10:15:22,Ds,Ds 4,115,0,0.0
2026-07-17T10:15:22,Ds,Ds 7,46,0,0.0
2026-07-17T10:15:22,Ds,Ds 7 Crossback,53,0,0.0
2026-07-17T10:15:22,Ds,Ds 9,1,0,0.0
2026-07-17T10:15:22,Fiat,500,47,47,1.0
2026-07-17T10:15:22,Fiat,500c,5,5,1.0
2026-07-17T10:15:22,Fiat,500l,2,2,1.0
2026-07-17T10:15:22,Fiat,500x,21,21,1.0
2026-07-17T10:15:22,Fiat,600,13,13,1.0
2026-07-17T10:15:22,Fiat,Doblo Cargo,1,1,1.0
2026-07-17T10:15:22,Fiat,Ducato,6,6,1.0
2026-07-17T10:15:22,Fiat,Grande Panda,5,5,1.0
2026-07-17T10:15:22,Fiat,Panda,7,7,1.0
2026-07-17T10:15:22,Fiat,Punto,1,1,1.0
2026-07-17T10:15:22,Fiat,Scudo,6,6,1.0
2026-07-17T10:15:22,Fiat,Talento,1,1,1.0
2026-07-17T10:15:22,Fiat,Tipo,3,3,1.0
2026-07-17T10:15:22,Fiat,Tipo Cross,2,2,1.0
2026-07-17T10:15:22,Fiat,Tipo Sw,1,1,1.0
2026-07-17T10:15:22,Fiat,Topolino,1,1,1.0
2026-07-17T10:15:22,Ford,B-Max,4,0,0.0
2026-07-17T10:15:22,Ford,C-Max,1,0,0.0
2026-07-17T10:15:22,Ford,Capri,9,9,1.0
2026-07-17T10:15:22,Ford,Ecosport,16,0,0.0
2026-07-17T10:15:22,Ford,Edge,1,0,0.0
2026-07-17T10:15:22,Ford,Explorer,16,15,0.9375
2026-07-17T10:15:22,Ford,Fiesta,43,0,0.0
2026-07-17T10:15:22,Ford,Fiesta Active,1,0,0.0
2026-07-17T10:15:22,Ford,Focus,27,0,0.0
2026-07-17T10:15:22,Ford,Focus Active,2,0,0.0
2026-07-17T10:15:22,Ford,Focus Active Sw,1,0,0.0
2026-07-17T10:15:22,Ford,Focus Sw,1,0,0.0
2026-07-17T10:15:22,Ford,Galaxy,2,0,0.0
2026-07-17T10:15:22,Ford,Ka et plus,1,0,0.0
2026-07-17T10:15:22,Ford,Kuga,72,0,0.0
2026-07-17T10:15:22,Ford,Mondeo,1,0,0.0
2026-07-17T10:15:22,Ford,Mondeo Sw,1,0,0.0
2026-07-17T10:15:22,Ford,Mustang Mach-E,4,4,1.0
2026-07-17T10:15:22,Ford,Puma,130,15,0.1154
2026-07-17T10:15:22,Ford,Ranger,11,0,0.0
2026-07-17T10:15:22,Ford,S-Max,4,0,0.0
2026-07-17T10:15:22,Ford,Tourneo Connect,1,0,0.0
2026-07-17T10:15:22,Ford,Tourneo Courier,9,1,0.1111
2026-07-17T10:15:22,Ford,Tourneo Custom,4,0,0.0
2026-07-17T10:15:22,Ford,Transit 2t,12,1,0.0833
2026-07-17T10:15:22,Ford,Transit Connect,3,0,0.0
2026-07-17T10:15:22,Ford,Transit Courier,5,3,0.6
2026-07-17T10:15:22,Ford,Transit Custom,22,1,0.0455
2026-07-17T10:15:22,Ford,Transit Custom Kombi,3,0,0.0
2026-07-17T10:15:22,Ford,Transit Custom Nugget,1,0,0.0
2026-07-17T10:15:22,Honda,Civic,1,0,0.0
2026-07-17T10:15:22,Honda,Cr-V,1,0,0.0
2026-07-17T10:15:22,Honda,Hr-V,2,0,0.0
2026-07-17T10:15:22,Honda,Jazz,2,0,0.0
2026-07-17T10:15:22,Hyundai,Bayon,5,0,0.0
2026-07-17T10:15:22,Hyundai,I10,1,0,0.0
2026-07-17T10:15:22,Hyundai,I20,34,0,0.0
2026-07-17T10:15:22,Hyundai,I30,3,0,0.0
2026-07-17T10:15:22,Hyundai,I30 Fastback,1,0,0.0
2026-07-17T10:15:22,Hyundai,I30 Sw,4,0,0.0
2026-07-17T10:15:22,Hyundai,Ioniq,1,1,1.0
2026-07-17T10:15:22,Hyundai,Ix20,2,0,0.0
2026-07-17T10:15:22,Hyundai,Kona,20,1,0.05
2026-07-17T10:15:22,Hyundai,Santa Fe,2,0,0.0
2026-07-17T10:15:22,Hyundai,Tucson,48,0,0.0
2026-07-17T10:15:22,Isuzu,D-Max,1,0,0.0
2026-07-17T10:15:22,Iveco,Daily,1,0,0.0
2026-07-17T10:15:22,Jaguar,E-Pace,7,7,1.0
2026-07-17T10:15:22,Jaguar,F-Pace,4,4,1.0
2026-07-17T10:15:22,Jaguar,F-Type Cabriolet,1,1,1.0
2026-07-17T10:15:22,Jaguar,I-Pace,2,2,1.0
2026-07-17T10:15:22,Jaguar,Xe,1,1,1.0
2026-07-17T10:15:22,Jeep,Avenger,2,0,0.0
2026-07-17T10:15:22,Jeep,Cherokee,1,0,0.0
2026-07-17T10:15:22,Jeep,Compass,6,0,0.0
2026-07-17T10:15:22,Jeep,Gladiator,1,0,0.0
2026-07-17T10:15:22,Jeep,Renegade,16,0,0.0
2026-07-17T10:15:22,Jeep,Wrangler,1,0,0.0
2026-07-17T10:15:22,Jeep,Wrangler Unlimited,3,0,0.0
2026-07-17T10:15:22,Kia,Ceed,7,0,0.0
2026-07-17T10:15:22,Kia,Ceed Sw,3,0,0.0
2026-07-17T10:15:22,Kia,Ev3,2,2,1.0
2026-07-17T10:15:22,Kia,Ev4,2,2,1.0
2026-07-17T10:15:22,Kia,Ev5,2,2,1.0
2026-07-17T10:15:22,Kia,Ev6,1,1,1.0
2026-07-17T10:15:22,Kia,Niro,14,0,0.0
2026-07-17T10:15:22,Kia,Picanto,27,0,0.0
2026-07-17T10:15:22,Kia,Pro Ceed,7,0,0.0
2026-07-17T10:15:22,Kia,Pv5 Cargo,1,1,1.0
2026-07-17T10:15:22,Kia,Pv5 Passenger,2,2,1.0
2026-07-17T10:15:22,Kia,Rio,5,0,0.0
2026-07-17T10:15:22,Kia,Sorento,1,0,0.0
2026-07-17T10:15:22,Kia,Sportage,50,0,0.0
2026-07-17T10:15:22,Kia,Stonic,23,0,0.0
2026-07-17T10:15:22,Kia,Xceed,6,0,0.0
2026-07-17T10:15:22,Land-Rover,Defender,8,0,0.0
2026-07-17T10:15:22,Land-Rover,Discovery Sport,6,0,0.0
2026-07-17T10:15:22,Land-Rover,Range Rover,8,0,0.0
2026-07-17T10:15:22,Land-Rover,Range Rover Evoque,31,0,0.0
2026-07-17T10:15:22,Land-Rover,Range Rover Evoque Cabriolet,1,0,0.0
2026-07-17T10:15:22,Land-Rover,Range Rover Sport,17,0,0.0
2026-07-17T10:15:22,Land-Rover,Range Rover Velar,12,0,0.0
2026-07-17T10:15:22,Leapmotor,B10,2,1,0.5
2026-07-17T10:15:22,Leapmotor,C10,4,1,0.25
2026-07-17T10:15:22,Leapmotor,T03,2,2,1.0
2026-07-17T10:15:22,Lexus,Es,1,0,0.0
2026-07-17T10:15:22,Lexus,Lbx,28,0,0.0
2026-07-17T10:15:22,Lexus,Nx,30,0,0.0
2026-07-17T10:15:22,Lexus,Rx,3,0,0.0
2026-07-17T10:15:22,Lexus,Rz,4,4,1.0
2026-07-17T10:15:22,Lexus,Ux,10,0,0.0
2026-07-17T10:15:22,Man,Tge Fg,1,0,0.0
2026-07-17T10:15:22,Maserati,Ghibli,1,1,1.0
2026-07-17T10:15:22,Maserati,Granturismo,1,1,1.0
2026-07-17T10:15:22,Maserati,Grecale,5,5,1.0
2026-07-17T10:15:22,Maserati,Mc20 Cielo,2,2,1.0
2026-07-17T10:15:22,Mazda,Cx-3,4,0,0.0
2026-07-17T10:15:22,Mazda,Cx-30,8,0,0.0
2026-07-17T10:15:22,Mazda,Cx-5,4,0,0.0
2026-07-17T10:15:22,Mazda,Cx-60,2,0,0.0
2026-07-17T10:15:22,Mazda,Mazda2,4,0,0.0
2026-07-17T10:15:22,Mazda,Mazda3,3,0,0.0
2026-07-17T10:15:22,Mercedes,Amg Gt,1,0,0.0
2026-07-17T10:15:22,Mercedes,Citan,15,5,0.3333
2026-07-17T10:15:22,Mercedes,Cla,68,22,0.3235
2026-07-17T10:15:22,Mercedes,Cla Shooting Brake,46,12,0.2609
2026-07-17T10:15:22,Mercedes,Classe A,164,0,0.0
2026-07-17T10:15:22,Mercedes,Classe A Berline,5,0,0.0
2026-07-17T10:15:22,Mercedes,Classe B,60,0,0.0
2026-07-17T10:15:22,Mercedes,Classe C,33,0,0.0
2026-07-17T10:15:22,Mercedes,Classe C All-Terrain,1,0,0.0
2026-07-17T10:15:22,Mercedes,Classe C Break,21,0,0.0
2026-07-17T10:15:22,Mercedes,Classe C Coupé,3,0,0.0
2026-07-17T10:15:22,Mercedes,Classe Cls,1,0,0.0
2026-07-17T10:15:22,Mercedes,Classe E,9,0,0.0
2026-07-17T10:15:22,Mercedes,Classe E All-Terrain,1,0,0.0
2026-07-17T10:15:22,Mercedes,Classe E Break,6,0,0.0
2026-07-17T10:15:22,Mercedes,Classe E Coupé,2,0,0.0
2026-07-17T10:15:22,Mercedes,Classe G,1,0,0.0
2026-07-17T10:15:22,Mercedes,Classe S,4,0,0.0
2026-07-17T10:15:22,Mercedes,Classe S Coupé,1,0,0.0
2026-07-17T10:15:22,Mercedes,Classe Sl,1,0,0.0
2026-07-17T10:15:22,Mercedes,Classe T,1,0,0.0
2026-07-17T10:15:22,Mercedes,Classe V,2,0,0.0
2026-07-17T10:15:22,Mercedes,Cle Cabriolet,1,0,0.0
2026-07-17T10:15:22,Mercedes,Cle Coupé,3,0,0.0
2026-07-17T10:15:22,Mercedes,Eqa,19,19,1.0
2026-07-17T10:15:22,Mercedes,Eqb,8,8,1.0
2026-07-17T10:15:22,Mercedes,Eqc,2,2,1.0
2026-07-17T10:15:22,Mercedes,Eqe,6,6,1.0
2026-07-17T10:15:22,Mercedes,Eqe Suv,4,4,1.0
2026-07-17T10:15:22,Mercedes,Eqs,5,5,1.0
2026-07-17T10:15:22,Mercedes,Eqt,1,1,1.0
2026-07-17T10:15:22,Mercedes,Gla,116,0,0.0
2026-07-17T10:15:22,Mercedes,Glb,40,19,0.475
2026-07-17T10:15:22,Mercedes,Glc,62,10,0.1613
2026-07-17T10:15:22,Mercedes,Glc Coupé,9,0,0.0
2026-07-17T10:15:22,Mercedes,Gle,7,0,0.0
2026-07-17T10:15:22,Mercedes,Gle Coupé,8,0,0.0
2026-07-17T10:15:22,Mercedes,Gls,1,0,0.0
2026-07-17T10:15:22,Mercedes,Sprinter,24,3,0.125
2026-07-17T10:15:22,Mercedes,Vito,32,2,0.0625
2026-07-17T10:15:22,Mercedes,Vito Tourer,1,0,0.0
2026-07-17T10:15:22,Mg,Ehs,12,0,0.0
2026-07-17T10:15:22,Mg,Marvel R,3,3,1.0
2026-07-17T10:15:22,Mg,Mg3,10,0,0.0
2026-07-17T10:15:22,Mg,Mg4,7,7,1.0
2026-07-17T10:15:22,Mg,Mg5,4,4,1.0
2026-07-17T10:15:22,Mg,Zs,27,13,0.4815
2026-07-17T10:15:22,Mini,Aceman,2,2,1.0
2026-07-17T10:15:22,Mini,Cabrio,30,30,1.0
2026-07-17T10:15:22,Mini,Clubman,21,21,1.0
2026-07-17T10:15:22,Mini,Cooper 3 Portes,5,5,1.0
2026-07-17T10:15:22,Mini,Cooper 5 Portes,3,3,1.0
2026-07-17T10:15:22,Mini,Countryman,72,72,1.0
2026-07-17T10:15:22,Mini,Mini,158,158,1.0
2026-07-17T10:15:22,Mitsubishi,Asx,12,0,0.0
2026-07-17T10:15:22,Mitsubishi,Colt,11,0,0.0
2026-07-17T10:15:22,Mitsubishi,Eclipse Cross,87,0,0.0
2026-07-17T10:15:22,Mitsubishi,Outlander,3,0,0.0
2026-07-17T10:15:22,Mitsubishi,Space Star,8,0,0.0
2026-07-17T10:15:22,Mobilize,Duo,3,3,1.0
2026-07-17T10:15:22,Nissan,Ariya,6,5,0.8333
2026-07-17T10:15:22,Nissan,Interstar,1,0,0.0
2026-07-17T10:15:22,Nissan,Juke,236,0,0.0
2026-07-17T10:15:22,Nissan,Leaf,15,14,0.9333
2026-07-17T10:15:22,Nissan,Micra,66,7,0.1061
2026-07-17T10:15:22,Nissan,Navara,1,0,0.0
2026-07-17T10:15:22,Nissan,Np300 Navara,1,0,0.0
2026-07-17T10:15:22,Nissan,Nv300,1,0,0.0
2026-07-17T10:15:22,Nissan,Primastar,3,0,0.0
2026-07-17T10:15:22,Nissan,Primastar Combi,1,0,0.0
2026-07-17T10:15:22,Nissan,Qashqai,246,0,0.0
2026-07-17T10:15:22,Nissan,Townstar,5,3,0.6
2026-07-17T10:15:22,Nissan,X-Trail,34,0,0.0
2026-07-17T10:15:22,Opel,Adam Rocks,1,0,0.0
2026-07-17T10:15:22,Opel,Astra,11,0,0.0
2026-07-17T10:15:22,Opel,Astra Sports Tourer,3,0,0.0
2026-07-17T10:15:22,Opel,Combo Cargo,2,0,0.0
2026-07-17T10:15:22,Opel,Corsa,69,11,0.1594
2026-07-17T10:15:22,Opel,Crossland X,22,0,0.0
2026-07-17T10:15:22,Opel,Frontera,1,0,0.0
2026-07-17T10:15:22,Opel,Grandland,16,1,0.0625
2026-07-17T10:15:22,Opel,Grandland X,12,0,0.0
2026-07-17T10:15:22,Opel,Insignia Grand Sport,5,0,0.0
2026-07-17T10:15:22,Opel,Insignia Sports Tourer,1,0,0.0
2026-07-17T10:15:22,Opel,Karl,1,0,0.0
2026-07-17T10:15:22,Opel,Mokka,33,4,0.1212
2026-07-17T10:15:22,Opel,Mokka X,4,0,0.0
2026-07-17T10:15:22,Opel,Movano,1,0,0.0
2026-07-17T10:15:22,Opel,Vivaro,9,0,0.0
2026-07-17T10:15:22,Opel,Zafira,1,0,0.0
2026-07-17T10:15:22,Peugeot,108,14,0,0.0
2026-07-17T10:15:22,Peugeot,2008,600,77,0.1283
2026-07-17T10:15:22,Peugeot,208,930,114,0.1226
2026-07-17T10:15:22,Peugeot,3008,444,47,0.1059
2026-07-17T10:15:22,Peugeot,308,297,26,0.0875
2026-07-17T10:15:22,Peugeot,308 Sw,97,4,0.0412
2026-07-17T10:15:22,Peugeot,408,50,4,0.08
2026-07-17T10:15:22,Peugeot,5008,123,5,0.0407
2026-07-17T10:15:22,Peugeot,508,21,0,0.0
2026-07-17T10:15:22,Peugeot,508 Sw,19,0,0.0
2026-07-17T10:15:22,Peugeot,Boxer,22,0,0.0
2026-07-17T10:15:22,Peugeot,E-208,2,2,1.0
2026-07-17T10:15:22,Peugeot,Expert,69,9,0.1304
2026-07-17T10:15:22,Peugeot,Partner,128,7,0.0547
2026-07-17T10:15:22,Peugeot,Rifter,23,2,0.087
2026-07-17T10:15:22,Peugeot,Traveller,6,0,0.0
2026-07-17T10:15:22,Porsche,718 Cayman,1,0,0.0
2026-07-17T10:15:22,Porsche,911 Cabriolet,5,0,0.0
2026-07-17T10:15:22,Porsche,911 Coupé,4,0,0.0
2026-07-17T10:15:22,Porsche,911 Speedster,1,0,0.0
2026-07-17T10:15:22,Porsche,911 Targa,1,0,0.0
2026-07-17T10:15:22,Porsche,Cayenne,4,0,0.0
2026-07-17T10:15:22,Porsche,Cayenne Coupé,5,0,0.0
2026-07-17T10:15:22,Porsche,Cayman,1,0,0.0
2026-07-17T10:15:22,Porsche,Macan,5,3,0.6
2026-07-17T10:15:22,Porsche,Panamera,3,0,0.0
2026-07-17T10:15:22,Porsche,Panamera Sport Turismo,3,0,0.0
2026-07-17T10:15:22,Porsche,Taycan,8,8,1.0
2026-07-17T10:15:22,Renault,4,10,10,1.0
2026-07-17T10:15:22,Renault,5,38,37,0.9737
2026-07-17T10:15:22,Renault,Arkana,366,0,0.0
2026-07-17T10:15:22,Renault,Austral,237,0,0.0
2026-07-17T10:15:22,Renault,Captur,777,0,0.0
2026-07-17T10:15:22,Renault,Clio,1368,0,0.0
2026-07-17T10:15:22,Renault,Clio Estate,3,0,0.0
2026-07-17T10:15:22,Renault,Espace,94,0,0.0
2026-07-17T10:15:22,Renault,Express,23,0,0.0
2026-07-17T10:15:22,Renault,Grand Scénic,25,0,0.0
2026-07-17T10:15:22,Renault,Kadjar,68,0,0.0
2026-07-17T10:15:22,Renault,Kangoo,28,0,0.0
2026-07-17T10:15:22,Renault,Kangoo Express,14,2,0.1429
2026-07-17T10:15:22,Renault,Kangoo Van,29,8,0.2759
2026-07-17T10:15:22,Renault,Koleos,18,0,0.0
2026-07-17T10:15:22,Renault,Master,284,13,0.0458
2026-07-17T10:15:22,Renault,Mégane,267,167,0.6255
2026-07-17T10:15:22,Renault,Mégane Estate,22,0,0.0
2026-07-17T10:15:22,Renault,Rafale,58,0,0.0
2026-07-17T10:15:22,Renault,Scénic,74,34,0.4595
2026-07-17T10:15:22,Renault,Symbioz,171,0,0.0
2026-07-17T10:15:22,Renault,Talisman,8,0,0.0
2026-07-17T10:15:22,Renault,Talisman Estate,9,0,0.0
2026-07-17T10:15:22,Renault,Trafic,120,1,0.0083
2026-07-17T10:15:22,Renault,Trafic Combi,11,0,0.0
2026-07-17T10:15:22,Renault,Twingo,143,67,0.4685
2026-07-17T10:15:22,Renault,Twizy,2,2,1.0
2026-07-17T10:15:22,Renault,Zoé,48,48,1.0
2026-07-17T10:15:22,Seat,Arona,37,0,0.0
2026-07-17T10:15:22,Seat,Ateca,27,0,0.0
2026-07-17T10:15:22,Seat,Ibiza,30,0,0.0
2026-07-17T10:15:22,Seat,Leon,17,0,0.0
2026-07-17T10:15:22,Seat,Leon St,3,0,0.0
2026-07-17T10:15:22,Seat,Tarraco,1,0,0.0
2026-07-17T10:15:22,Skoda,Enyaq,2,2,1.0
2026-07-17T10:15:22,Skoda,Enyaq Coupé,1,1,1.0
2026-07-17T10:15:22,Skoda,Fabia,31,0,0.0
2026-07-17T10:15:22,Skoda,Fabia Combi,1,0,0.0
2026-07-17T10:15:22,Skoda,Kamiq,31,0,0.0
2026-07-17T10:15:22,Skoda,Karoq,15,0,0.0
2026-07-17T10:15:22,Skoda,Kodiaq,7,0,0.0
2026-07-17T10:15:22,Skoda,Octavia,3,0,0.0
2026-07-17T10:15:22,Skoda,Octavia Combi,7,0,0.0
2026-07-17T10:15:22,Skoda,Scala,5,0,0.0
2026-07-17T10:15:22,Skoda,Superb,1,0,0.0
2026-07-17T10:15:22,Skoda,Superb Combi,1,0,0.0
2026-07-17T10:15:22,Smart,1,1,1,1.0
2026-07-17T10:15:22,Smart,3,2,2,1.0
2026-07-17T10:15:22,Smart,5,2,2,1.0
2026-07-17T10:15:22,Smart,Fortwo Coupé,2,2,1.0
2026-07-17T10:15:22,Subaru,Impreza,1,0,0.0
2026-07-17T10:15:22,Subaru,Solterra,1,1,1.0
2026-07-17T10:15:22,Suzuki,Across,1,0,0.0
2026-07-17T10:15:22,Suzuki,E Vitara,2,2,1.0
2026-07-17T10:15:22,Suzuki,Ignis,4,0,0.0
2026-07-17T10:15:22,Suzuki,S-Cross,16,0,0.0
2026-07-17T10:15:22,Suzuki,Swift,31,0,0.0
2026-07-17T10:15:22,Suzuki,Vitara,21,1,0.0476
2026-07-17T10:15:22,Tesla,Model Y,1,1,1.0
2026-07-17T10:15:22,Toyota,Auris,1,0,0.0
2026-07-17T10:15:22,Toyota,Aygo,17,0,0.0
2026-07-17T10:15:22,Toyota,Aygo X,84,0,0.0
2026-07-17T10:15:22,Toyota,Bz4x,4,4,1.0
2026-07-17T10:15:22,Toyota,Bz4x Touring,2,2,1.0
2026-07-17T10:15:22,Toyota,C-Hr,89,0,0.0
2026-07-17T10:15:22,Toyota,C-Hr et plus,3,3,1.0
2026-07-17T10:15:22,Toyota,Camry,1,0,0.0
2026-07-17T10:15:22,Toyota,Corolla,18,0,0.0
2026-07-17T10:15:22,Toyota,Corolla Touring Sports,16,0,0.0
2026-07-17T10:15:22,Toyota,Hilux,1,0,0.0
2026-07-17T10:15:22,Toyota,Prius,3,0,0.0
2026-07-17T10:15:22,Toyota,Prius Hybride Rechargeable,1,0,0.0
2026-07-17T10:15:22,Toyota,Prius et plus,1,0,0.0
2026-07-17T10:15:22,Toyota,Proace,7,3,0.4286
2026-07-17T10:15:22,Toyota,Proace City,2,0,0.0
2026-07-17T10:15:22,Toyota,Proace City Verso,3,0,0.0
2026-07-17T10:15:22,Toyota,Proace Combi,1,0,0.0
2026-07-17T10:15:22,Toyota,Proace Max,1,0,0.0
2026-07-17T10:15:22,Toyota,Proace Verso,1,0,0.0
2026-07-17T10:15:22,Toyota,Rav4,18,0,0.0
2026-07-17T10:15:22,Toyota,Yaris,181,0,0.0
2026-07-17T10:15:22,Toyota,Yaris Cross,108,0,0.0
2026-07-17T10:15:22,Volkswagen,3,16,16,1.0
2026-07-17T10:15:22,Volkswagen,4,8,8,1.0
2026-07-17T10:15:22,Volkswagen,5,5,5,1.0
2026-07-17T10:15:22,Volkswagen,7,1,1,1.0
2026-07-17T10:15:22,Volkswagen,Arteon,4,0,0.0
2026-07-17T10:15:22,Volkswagen,Buzz,4,4,1.0
2026-07-17T10:15:22,Volkswagen,Caddy,2,0,0.0
2026-07-17T10:15:22,Volkswagen,Caddy Cargo,2,0,0.0
2026-07-17T10:15:22,Volkswagen,Caddy Maxi,1,0,0.0
2026-07-17T10:15:22,Volkswagen,Caddy Van,2,0,0.0
2026-07-17T10:15:22,Volkswagen,Caravelle,4,2,0.5
2026-07-17T10:15:22,Volkswagen,Crafter,3,0,0.0
2026-07-17T10:15:22,Volkswagen,Golf,57,0,0.0
2026-07-17T10:15:22,Volkswagen,Golf Sportsvan,1,0,0.0
2026-07-17T10:15:22,Volkswagen,Golf Sw,6,0,0.0
2026-07-17T10:15:22,Volkswagen,Passat Sw,7,0,0.0
2026-07-17T10:15:22,Volkswagen,Polo,111,0,0.0
2026-07-17T10:15:22,Volkswagen,T-Cross,59,0,0.0
2026-07-17T10:15:22,Volkswagen,T-Roc,115,0,0.0
2026-07-17T10:15:22,Volkswagen,T-Roc Cabriolet,7,0,0.0
2026-07-17T10:15:22,Volkswagen,Taigo,43,0,0.0
2026-07-17T10:15:22,Volkswagen,Tayron,1,0,0.0
2026-07-17T10:15:22,Volkswagen,Tiguan,72,0,0.0
2026-07-17T10:15:22,Volkswagen,Tiguan Allspace,2,0,0.0
2026-07-17T10:15:22,Volkswagen,Touran,6,0,0.0
2026-07-17T10:15:22,Volkswagen,Transporter,13,1,0.0769
2026-07-17T10:15:22,Volvo,C40,1,1,1.0
2026-07-17T10:15:22,Volvo,Ec40,7,7,1.0
2026-07-17T10:15:22,Volvo,Es90,3,3,1.0
2026-07-17T10:15:22,Volvo,Ex30,15,15,1.0
2026-07-17T10:15:22,Volvo,Ex30 Cross Country,5,5,1.0
2026-07-17T10:15:22,Volvo,Ex40,9,9,1.0
2026-07-17T10:15:22,Volvo,Ex90,2,2,1.0
2026-07-17T10:15:22,Volvo,S60,2,0,0.0
2026-07-17T10:15:22,Volvo,S90,1,0,0.0
2026-07-17T10:15:22,Volvo,V60,15,0,0.0
2026-07-17T10:15:22,Volvo,Xc40,49,9,0.1837
2026-07-17T10:15:22,Volvo,Xc60,45,0,0.0
2026-07-17T10:15:22,Volvo,Xc90,6,0,0.0
2026-07-17T09:17:59,Abarth,500,4,1,0.25
2026-07-17T09:17:59,Abarth,500c,1,1,1.0
2026-07-17T09:17:59,Abarth,600,1,1,1.0
2026-07-17T09:17:59,Alfa Romeo,Giulia,2,0,0.0
2026-07-17T09:17:59,Alfa Romeo,Giulietta,2,0,0.0
2026-07-17T09:17:59,Alfa Romeo,Junior,1,0,0.0
2026-07-17T09:17:59,Alfa Romeo,Stelvio,5,0,0.0
2026-07-17T09:17:59,Alfa Romeo,Tonale,8,0,0.0
2026-07-17T09:17:59,Alpine,A110,29,0,0.0
2026-07-17T09:17:59,Alpine,A290,12,12,1.0
2026-07-17T09:17:59,Alpine,A390,3,3,1.0
2026-07-17T09:17:59,Aston Martin,V8 Vantage,1,0,0.0
2026-07-17T09:17:59,Audi,A1,1,0,0.0
2026-07-17T09:17:59,Audi,A1 Allstreet,3,0,0.0
2026-07-17T09:17:59,Audi,A1 Citycarver,1,0,0.0
2026-07-17T09:17:59,Audi,A1 Sportback,57,0,0.0
2026-07-17T09:17:59,Audi,A3,1,0,0.0
2026-07-17T09:17:59,Audi,A3 Allstreet,5,0,0.0
2026-07-17T09:17:59,Audi,A3 Berline,2,0,0.0
2026-07-17T09:17:59,Audi,A3 Sportback,39,0,0.0
2026-07-17T09:17:59,Audi,A4,2,0,0.0
2026-07-17T09:17:59,Audi,A4 Allroad,1,0,0.0
2026-07-17T09:17:59,Audi,A4 Avant,2,0,0.0
2026-07-17T09:17:59,Audi,A5,4,0,0.0
2026-07-17T09:17:59,Audi,A5 Avant,8,0,0.0
2026-07-17T09:17:59,Audi,A5 Sportback,4,0,0.0
2026-07-17T09:17:59,Audi,A6,2,0,0.0
2026-07-17T09:17:59,Audi,A6 Allroad,1,0,0.0
2026-07-17T09:17:59,Audi,A6 Avant,7,0,0.0
2026-07-17T09:17:59,Audi,A6 Avant E-Tron,2,2,1.0
2026-07-17T09:17:59,Audi,A6 Sportback E-Tron,2,2,1.0
2026-07-17T09:17:59,Audi,A7 Sportback,1,0,0.0
2026-07-17T09:17:59,Audi,A8,1,0,0.0
2026-07-17T09:17:59,Audi,E-Tron Gt,1,1,1.0
2026-07-17T09:17:59,Audi,Q2,45,0,0.0
2026-07-17T09:17:59,Audi,Q3,34,0,0.0
2026-07-17T09:17:59,Audi,Q3 Sportback,22,0,0.0
2026-07-17T09:17:59,Audi,Q4 E-Tron,5,5,1.0
2026-07-17T09:17:59,Audi,Q4 Sportback E-Tron,6,6,1.0
2026-07-17T09:17:59,Audi,Q5,16,0,0.0
2026-07-17T09:17:59,Audi,Q5 Sportback,9,0,0.0
2026-07-17T09:17:59,Audi,Q6 E-Tron,4,4,1.0
2026-07-17T09:17:59,Audi,Q6 Sportback E-Tron,4,4,1.0
2026-07-17T09:17:59,Audi,Q7,1,0,0.0
2026-07-17T09:17:59,Audi,Q8,1,0,0.0
2026-07-17T09:17:59,Audi,Q8 E-Tron,1,1,1.0
2026-07-17T09:17:59,Audi,Q8 E-Tron Sportback,2,2,1.0
2026-07-17T09:17:59,Audi,R8 Spyder,1,0,0.0
2026-07-17T09:17:59,Audi,Rs Q3 Sportback,1,0,0.0
2026-07-17T09:17:59,Audi,Rs3 Sportback,1,0,0.0
2026-07-17T09:17:59,Audi,Rs4 Avant,1,0,0.0
2026-07-17T09:17:59,Audi,Rs5,1,0,0.0
2026-07-17T09:17:59,Audi,Rs6 Avant,1,0,0.0
2026-07-17T09:17:59,Audi,S3,1,0,0.0
2026-07-17T09:17:59,Audi,S4 Avant,1,0,0.0
2026-07-17T09:17:59,Audi,S6 Avant E-Tron,2,2,1.0
2026-07-17T09:17:59,Audi,Tt,2,0,0.0
2026-07-17T09:17:59,Audi,Tt Roadster,1,0,0.0
2026-07-17T09:17:59,Bmw,I3,4,4,1.0
2026-07-17T09:17:59,Bmw,I4,31,31,1.0
2026-07-17T09:17:59,Bmw,I8,1,0,0.0
2026-07-17T09:17:59,Bmw,Ix,5,5,1.0
2026-07-17T09:17:59,Bmw,Ix3,3,3,1.0
2026-07-17T09:17:59,Bmw,M2 Coupé,4,0,0.0
2026-07-17T09:17:59,Bmw,M3 Touring,1,0,0.0
2026-07-17T09:17:59,Bmw,M4 Coupé,3,0,0.0
2026-07-17T09:17:59,Bmw,M5,2,0,0.0
2026-07-17T09:17:59,Bmw,Série 1,129,0,0.0
2026-07-17T09:17:59,Bmw,Série 2 Active Tourer,74,0,0.0
2026-07-17T09:17:59,Bmw,Série 2 Cabriolet,1,0,0.0
2026-07-17T09:17:59,Bmw,Série 2 Coupé,8,0,0.0
2026-07-17T09:17:59,Bmw,Série 2 Gran Coupé,22,0,0.0
2026-07-17T09:17:59,Bmw,Série 2 Gran Tourer,4,0,0.0
2026-07-17T09:17:59,Bmw,Série 3,13,0,0.0
2026-07-17T09:17:59,Bmw,Série 3 Gran Turismo,4,0,0.0
2026-07-17T09:17:59,Bmw,Série 3 Touring,39,0,0.0
2026-07-17T09:17:59,Bmw,Série 4 Cabriolet,6,0,0.0
2026-07-17T09:17:59,Bmw,Série 4 Coupé,14,0,0.0
2026-07-17T09:17:59,Bmw,Série 4 Gran Coupé,23,0,0.0
2026-07-17T09:17:59,Bmw,Série 5,18,6,0.3333
2026-07-17T09:17:59,Bmw,Série 5 Touring,11,2,0.1818
2026-07-17T09:17:59,Bmw,Série 6 Gran Turismo,1,0,0.0
2026-07-17T09:17:59,Bmw,Série 7,2,0,0.0
2026-07-17T09:17:59,Bmw,Série 8,1,0,0.0
2026-07-17T09:17:59,Bmw,Série 8 Gran Coupé,2,0,0.0
2026-07-17T09:17:59,Bmw,X1,141,33,0.234
2026-07-17T09:17:59,Bmw,X2,72,6,0.0833
2026-07-17T09:17:59,Bmw,X3,75,0,0.0
2026-07-17T09:17:59,Bmw,X3 M,1,0,0.0
2026-07-17T09:17:59,Bmw,X4,8,0,0.0
2026-07-17T09:17:59,Bmw,X4 M,2,0,0.0
2026-07-17T09:17:59,Bmw,X5,33,0,0.0
2026-07-17T09:17:59,Bmw,X6,2,0,0.0
2026-07-17T09:17:59,Bmw,Xm,5,0,0.0
2026-07-17T09:17:59,Bmw,Z4 Roadster,6,0,0.0
2026-07-17T09:17:59,Byd,Atto 2,2,2,1.0
2026-07-17T09:17:59,Byd,Atto 3,1,1,1.0
2026-07-17T09:17:59,Byd,Dolphin,1,1,1.0
2026-07-17T09:17:59,Byd,Seal 6 Dm-I,1,0,0.0
2026-07-17T09:17:59,Byd,Seal 6 Dm-I Touring,1,0,0.0
2026-07-17T09:17:59,Byd,Tang,3,3,1.0
2026-07-17T09:17:59,Citroen,Ami,13,13,1.0
2026-07-17T09:17:59,Citroen,Berlingo,17,3,0.1765
2026-07-17T09:17:59,Citroen,Berlingo Van,40,0,0.0
2026-07-17T09:17:59,Citroen,C1,12,0,0.0
2026-07-17T09:17:59,Citroen,C3,774,11,0.0142
2026-07-17T09:17:59,Citroen,C3 Aircross,164,8,0.0488
2026-07-17T09:17:59,Citroen,C4,126,32,0.254
2026-07-17T09:17:59,Citroen,C4 Cactus,12,0,0.0
2026-07-17T09:17:59,Citroen,C4 Picasso,5,0,0.0
2026-07-17T09:17:59,Citroen,C4 Spacetourer,7,0,0.0
2026-07-17T09:17:59,Citroen,C4 X,8,1,0.125
2026-07-17T09:17:59,Citroen,C5 Aircross,215,4,0.0186
2026-07-17T09:17:59,Citroen,C5 X,15,0,0.0
2026-07-17T09:17:59,Citroen,Grand C4 Picasso,1,0,0.0
2026-07-17T09:17:59,Citroen,Grand C4 Spacetourer,6,0,0.0
2026-07-17T09:17:59,Citroen,Holidays,1,0,0.0
2026-07-17T09:17:59,Citroen,Jumper,19,0,0.0
2026-07-17T09:17:59,Citroen,Jumpy,31,2,0.0645
2026-07-17T09:17:59,Citroen,Spacetourer,9,0,0.0
2026-07-17T09:17:59,Cupra,Born,2,2,1.0
2026-07-17T09:17:59,Cupra,Formentor,20,0,0.0
2026-07-17T09:17:59,Cupra,Leon,7,0,0.0
2026-07-17T09:17:59,Cupra,Leon St,2,0,0.0
2026-07-17T09:17:59,Cupra,Raval,1,1,1.0
2026-07-17T09:17:59,Cupra,Terramar,3,0,0.0
2026-07-17T09:17:59,Dacia,Bigster,43,0,0.0
2026-07-17T09:17:59,Dacia,Duster,404,0,0.0
2026-07-17T09:17:59,Dacia,Jogger,131,0,0.0
2026-07-17T09:17:59,Dacia,Lodgy,7,0,0.0
2026-07-17T09:17:59,Dacia,Logan,3,0,0.0
2026-07-17T09:17:59,Dacia,Sandero,631,0,0.0
2026-07-17T09:17:59,Dacia,Spring,163,163,1.0
2026-07-17T09:17:59,Ds,4,13,6,0.4615
2026-07-17T09:17:59,Ds,8,6,6,1.0
2026-07-17T09:17:59,Ds,Ds,3,0,0.0
2026-07-17T09:17:59,Ds,Ds 3,46,13,0.2826
2026-07-17T09:17:59,Ds,Ds 3 Crossback,46,6,0.1304
2026-07-17T09:17:59,Ds,Ds 4,115,0,0.0
2026-07-17T09:17:59,Ds,Ds 7,46,0,0.0
2026-07-17T09:17:59,Ds,Ds 7 Crossback,53,0,0.0
2026-07-17T09:17:59,Ds,Ds 9,1,0,0.0
2026-07-17T09:17:59,Fiat,500,47,16,0.3404
2026-07-17T09:17:59,Fiat,500c,5,1,0.2
2026-07-17T09:17:59,Fiat,500l,2,0,0.0
2026-07-17T09:17:59,Fiat,500x,21,0,0.0
2026-07-17T09:17:59,Fiat,600,13,3,0.2308
2026-07-17T09:17:59,Fiat,Doblo Cargo,1,0,0.0
2026-07-17T09:17:59,Fiat,Ducato,6,0,0.0
2026-07-17T09:17:59,Fiat,Grande Panda,5,3,0.6
2026-07-17T09:17:59,Fiat,Panda,7,0,0.0
2026-07-17T09:17:59,Fiat,Punto,1,0,0.0
2026-07-17T09:17:59,Fiat,Scudo,6,1,0.1667
2026-07-17T09:17:59,Fiat,Talento,1,0,0.0
2026-07-17T09:17:59,Fiat,Tipo,3,0,0.0
2026-07-17T09:17:59,Fiat,Tipo Cross,2,0,0.0
2026-07-17T09:17:59,Fiat,Tipo Sw,1,0,0.0
2026-07-17T09:17:59,Fiat,Topolino,1,1,1.0
2026-07-17T09:17:59,Ford,B-Max,4,0,0.0
2026-07-17T09:17:59,Ford,C-Max,1,0,0.0
2026-07-17T09:17:59,Ford,Capri,9,9,1.0
2026-07-17T09:17:59,Ford,Ecosport,16,0,0.0
2026-07-17T09:17:59,Ford,Edge,1,0,0.0
2026-07-17T09:17:59,Ford,Explorer,16,15,0.9375
2026-07-17T09:17:59,Ford,Fiesta,43,0,0.0
2026-07-17T09:17:59,Ford,Fiesta Active,1,0,0.0
2026-07-17T09:17:59,Ford,Focus,27,0,0.0
2026-07-17T09:17:59,Ford,Focus Active,2,0,0.0
2026-07-17T09:17:59,Ford,Focus Active Sw,1,0,0.0
2026-07-17T09:17:59,Ford,Focus Sw,1,0,0.0
2026-07-17T09:17:59,Ford,Galaxy,2,0,0.0
2026-07-17T09:17:59,Ford,Ka et plus,1,0,0.0
2026-07-17T09:17:59,Ford,Kuga,72,0,0.0
2026-07-17T09:17:59,Ford,Mondeo,1,0,0.0
2026-07-17T09:17:59,Ford,Mondeo Sw,1,0,0.0
2026-07-17T09:17:59,Ford,Mustang Mach-E,4,4,1.0
2026-07-17T09:17:59,Ford,Puma,130,15,0.1154
2026-07-17T09:17:59,Ford,Ranger,11,0,0.0
2026-07-17T09:17:59,Ford,S-Max,4,0,0.0
2026-07-17T09:17:59,Ford,Tourneo Connect,1,0,0.0
2026-07-17T09:17:59,Ford,Tourneo Courier,9,1,0.1111
2026-07-17T09:17:59,Ford,Tourneo Custom,4,0,0.0
2026-07-17T09:17:59,Ford,Transit 2t,12,1,0.0833
2026-07-17T09:17:59,Ford,Transit Connect,3,0,0.0
2026-07-17T09:17:59,Ford,Transit Courier,5,3,0.6
2026-07-17T09:17:59,Ford,Transit Custom,22,1,0.0455
2026-07-17T09:17:59,Ford,Transit Custom Kombi,3,0,0.0
2026-07-17T09:17:59,Ford,Transit Custom Nugget,1,0,0.0
2026-07-17T09:17:59,Honda,Civic,1,0,0.0
2026-07-17T09:17:59,Honda,Cr-V,1,0,0.0
2026-07-17T09:17:59,Honda,Hr-V,2,0,0.0
2026-07-17T09:17:59,Honda,Jazz,2,0,0.0
2026-07-17T09:17:59,Hyundai,Bayon,5,5,1.0
2026-07-17T09:17:59,Hyundai,I10,1,1,1.0
2026-07-17T09:17:59,Hyundai,I20,34,34,1.0
2026-07-17T09:17:59,Hyundai,I30,3,3,1.0
2026-07-17T09:17:59,Hyundai,I30 Fastback,1,1,1.0
2026-07-17T09:17:59,Hyundai,I30 Sw,4,4,1.0
2026-07-17T09:17:59,Hyundai,Ioniq,1,1,1.0
2026-07-17T09:17:59,Hyundai,Ix20,2,2,1.0
2026-07-17T09:17:59,Hyundai,Kona,20,20,1.0
2026-07-17T09:17:59,Hyundai,Santa Fe,2,2,1.0
2026-07-17T09:17:59,Hyundai,Tucson,48,48,1.0
2026-07-17T09:17:59,Skoda,Enyaq,2,2,1.0
2026-07-17T09:17:59,Skoda,Enyaq Coupé,1,1,1.0
2026-07-17T09:17:59,Skoda,Fabia,31,0,0.0
2026-07-17T09:17:59,Skoda,Fabia Combi,1,0,0.0
2026-07-17T09:17:59,Skoda,Kamiq,31,0,0.0
2026-07-17T09:17:59,Skoda,Karoq,15,0,0.0
2026-07-17T09:17:59,Skoda,Kodiaq,7,0,0.0
2026-07-17T09:17:59,Skoda,Octavia,3,0,0.0
2026-07-17T09:17:59,Skoda,Octavia Combi,7,0,0.0
2026-07-17T09:17:59,Skoda,Scala,5,0,0.0
2026-07-17T09:17:59,Skoda,Superb,1,0,0.0
2026-07-17T09:17:59,Skoda,Superb Combi,1,0,0.0
2026-07-17T09:17:59,Smart,1,1,1,1.0
2026-07-17T09:17:59,Smart,3,2,2,1.0
2026-07-17T09:17:59,Smart,5,2,2,1.0
2026-07-17T09:17:59,Smart,Fortwo Coupé,2,2,1.0
2026-07-17T09:17:59,Subaru,Impreza,1,0,0.0
2026-07-17T09:17:59,Subaru,Solterra,1,1,1.0
2026-07-17T09:17:59,Suzuki,Across,1,0,0.0
2026-07-17T09:17:59,Suzuki,E Vitara,2,2,1.0
2026-07-17T09:17:59,Suzuki,Ignis,4,0,0.0
2026-07-17T09:17:59,Suzuki,S-Cross,16,0,0.0
2026-07-17T09:17:59,Suzuki,Swift,31,0,0.0
2026-07-17T09:17:59,Suzuki,Vitara,21,1,0.0476
2026-07-17T09:17:59,Tesla,Model Y,1,1,1.0
2026-07-17T09:17:59,Toyota,Auris,1,0,0.0
2026-07-17T09:17:59,Toyota,Aygo,17,0,0.0
2026-07-17T09:17:59,Toyota,Aygo X,84,0,0.0
2026-07-17T09:17:59,Toyota,Bz4x,4,4,1.0
2026-07-17T09:17:59,Toyota,Bz4x Touring,2,2,1.0
2026-07-17T09:17:59,Toyota,C-Hr,89,0,0.0
2026-07-17T09:17:59,Toyota,C-Hr et plus,3,3,1.0
2026-07-17T09:17:59,Toyota,Camry,1,0,0.0
2026-07-17T09:17:59,Toyota,Corolla,19,0,0.0
2026-07-17T09:17:59,Toyota,Corolla Touring Sports,16,0,0.0
2026-07-17T09:17:59,Toyota,Hilux,1,0,0.0
2026-07-17T09:17:59,Toyota,Prius,3,0,0.0
2026-07-17T09:17:59,Toyota,Prius Hybride Rechargeable,1,0,0.0
2026-07-17T09:17:59,Toyota,Prius et plus,1,0,0.0
2026-07-17T09:17:59,Toyota,Proace,7,3,0.4286
2026-07-17T09:17:59,Toyota,Proace City,2,0,0.0
2026-07-17T09:17:59,Toyota,Proace City Verso,3,0,0.0
2026-07-17T09:17:59,Toyota,Proace Combi,1,0,0.0
2026-07-17T09:17:59,Toyota,Proace Max,1,0,0.0
2026-07-17T09:17:59,Toyota,Proace Verso,1,0,0.0
2026-07-17T09:17:59,Toyota,Rav4,18,0,0.0
2026-07-17T09:17:59,Toyota,Yaris,181,0,0.0
2026-07-17T09:17:59,Toyota,Yaris Cross,108,0,0.0
2026-07-17T09:17:59,Volkswagen,3,16,16,1.0
2026-07-17T09:17:59,Volkswagen,4,8,8,1.0
2026-07-17T09:17:59,Volkswagen,5,5,5,1.0
2026-07-17T09:17:59,Volkswagen,7,1,1,1.0
2026-07-17T09:17:59,Volkswagen,Arteon,4,0,0.0
2026-07-17T09:17:59,Volkswagen,Buzz,4,4,1.0
2026-07-17T09:17:59,Volkswagen,Caddy,2,0,0.0
2026-07-17T09:17:59,Volkswagen,Caddy Cargo,2,0,0.0
2026-07-17T09:17:59,Volkswagen,Caddy Maxi,1,0,0.0
2026-07-17T09:17:59,Volkswagen,Caddy Van,2,0,0.0
2026-07-17T09:17:59,Volkswagen,Caravelle,4,2,0.5
2026-07-17T09:17:59,Volkswagen,Crafter,3,0,0.0
2026-07-17T09:17:59,Volkswagen,Golf,57,0,0.0
2026-07-17T09:17:59,Volkswagen,Golf Sportsvan,1,0,0.0
2026-07-17T09:17:59,Volkswagen,Golf Sw,6,0,0.0
2026-07-17T09:17:59,Volkswagen,Passat Sw,7,0,0.0
2026-07-17T09:17:59,Volkswagen,Polo,111,0,0.0
2026-07-17T09:17:59,Volkswagen,T-Cross,59,0,0.0
2026-07-17T09:17:59,Volkswagen,T-Roc,115,0,0.0
2026-07-17T09:17:59,Volkswagen,T-Roc Cabriolet,7,0,0.0
2026-07-17T09:17:59,Volkswagen,Taigo,43,0,0.0
2026-07-17T09:17:59,Volkswagen,Tayron,1,0,0.0
2026-07-17T09:17:59,Volkswagen,Tiguan,72,0,0.0
2026-07-17T09:17:59,Volkswagen,Tiguan Allspace,2,0,0.0
2026-07-17T09:17:59,Volkswagen,Touran,6,0,0.0
2026-07-17T09:17:59,Volkswagen,Transporter,13,1,0.0769
2026-07-17T09:17:59,Volvo,C40,1,1,1.0
2026-07-17T09:17:59,Volvo,Ec40,7,7,1.0
2026-07-17T09:17:59,Volvo,Es90,3,3,1.0
2026-07-17T09:17:59,Volvo,Ex30,15,15,1.0
2026-07-17T09:17:59,Volvo,Ex30 Cross Country,5,5,1.0
2026-07-17T09:17:59,Volvo,Ex40,9,9,1.0
2026-07-17T09:17:59,Volvo,Ex90,2,2,1.0
2026-07-17T09:17:59,Volvo,S60,2,0,0.0
2026-07-17T09:17:59,Volvo,S90,1,0,0.0
2026-07-17T09:17:59,Volvo,V60,15,0,0.0
2026-07-17T09:17:59,Volvo,Xc40,49,9,0.1837
2026-07-17T09:17:59,Volvo,Xc60,45,0,0.0
2026-07-17T09:17:59,Volvo,Xc90,6,0,0.0
2026-07-17T10:51:42,Abarth,500,4,1,0.25
2026-07-17T10:51:42,Abarth,500c,1,1,1.0
2026-07-17T10:51:42,Abarth,600,1,1,1.0
2026-07-17T10:51:42,Alfa Romeo,Giulia,2,0,0.0
2026-07-17T10:51:42,Alfa Romeo,Giulietta,2,0,0.0
2026-07-17T10:51:42,Alfa Romeo,Junior,1,0,0.0
2026-07-17T10:51:42,Alfa Romeo,Stelvio,5,0,0.0
2026-07-17T10:51:42,Alfa Romeo,Tonale,8,0,0.0
2026-07-17T10:51:42,Alpine,A110,29,0,0.0
2026-07-17T10:51:42,Alpine,A290,12,12,1.0
2026-07-17T10:51:42,Alpine,A390,3,3,1.0
2026-07-17T10:51:42,Aston Martin,V8 Vantage,1,0,0.0
2026-07-17T10:51:42,Audi,A1,1,0,0.0
2026-07-17T10:51:42,Audi,A1 Allstreet,3,0,0.0
2026-07-17T10:51:42,Audi,A1 Citycarver,1,0,0.0
2026-07-17T10:51:42,Audi,A1 Sportback,57,0,0.0
2026-07-17T10:51:42,Audi,A3,1,0,0.0
2026-07-17T10:51:42,Audi,A3 Allstreet,5,0,0.0
2026-07-17T10:51:42,Audi,A3 Berline,2,0,0.0
2026-07-17T10:51:42,Audi,A3 Sportback,39,0,0.0
2026-07-17T10:51:42,Audi,A4,2,0,0.0
2026-07-17T10:51:42,Audi,A4 Allroad,1,0,0.0
2026-07-17T10:51:42,Audi,A4 Avant,2,0,0.0
2026-07-17T10:51:42,Audi,A5,4,0,0.0
2026-07-17T10:51:42,Audi,A5 Avant,8,0,0.0
2026-07-17T10:51:42,Audi,A5 Sportback,4,0,0.0
2026-07-17T10:51:42,Audi,A6,2,0,0.0
2026-07-17T10:51:42,Audi,A6 Allroad,1,0,0.0
2026-07-17T10:51:42,Audi,A6 Avant,7,0,0.0
2026-07-17T10:51:42,Audi,A6 Avant E-Tron,2,2,1.0
2026-07-17T10:51:42,Audi,A6 Sportback E-Tron,2,2,1.0
2026-07-17T10:51:42,Audi,A7 Sportback,1,0,0.0
2026-07-17T10:51:42,Audi,A8,1,0,0.0
2026-07-17T10:51:42,Audi,E-Tron Gt,1,1,1.0
2026-07-17T10:51:42,Audi,Q2,45,0,0.0
2026-07-17T10:51:42,Audi,Q3,34,0,0.0
2026-07-17T10:51:42,Audi,Q3 Sportback,22,0,0.0
2026-07-17T10:51:42,Audi,Q4 E-Tron,5,5,1.0
2026-07-17T10:51:42,Audi,Q4 Sportback E-Tron,6,6,1.0
2026-07-17T10:51:42,Audi,Q5,16,0,0.0
2026-07-17T10:51:42,Audi,Q5 Sportback,9,0,0.0
2026-07-17T10:51:42,Audi,Q6 E-Tron,4,4,1.0
2026-07-17T10:51:42,Audi,Q6 Sportback E-Tron,4,4,1.0
2026-07-17T10:51:42,Audi,Q7,1,0,0.0
2026-07-17T10:51:42,Audi,Q8,1,0,0.0
2026-07-17T10:51:42,Audi,Q8 E-Tron,1,1,1.0
2026-07-17T10:51:42,Audi,Q8 E-Tron Sportback,2,2,1.0
2026-07-17T10:51:42,Audi,R8 Spyder,1,0,0.0
2026-07-17T10:51:42,Audi,Rs Q3 Sportback,1,0,0.0
2026-07-17T10:51:42,Audi,Rs3 Sportback,1,0,0.0
2026-07-17T10:51:42,Audi,Rs4 Avant,1,0,0.0
2026-07-17T10:51:42,Audi,Rs5,1,0,0.0
2026-07-17T10:51:42,Audi,Rs6 Avant,1,0,0.0
2026-07-17T10:51:42,Audi,S3,1,0,0.0
2026-07-17T10:51:42,Audi,S4 Avant,1,0,0.0
2026-07-17T10:51:42,Audi,S6 Avant E-Tron,2,2,1.0
2026-07-17T10:51:42,Audi,Tt,2,0,0.0
2026-07-17T10:51:42,Audi,Tt Roadster,1,0,0.0
2026-07-17T10:51:42,Bmw,I3,4,4,1.0
2026-07-17T10:51:42,Bmw,I4,31,31,1.0
2026-07-17T10:51:42,Bmw,I8,1,0,0.0
2026-07-17T10:51:42,Bmw,Ix,5,5,1.0
2026-07-17T10:51:42,Bmw,Ix3,3,3,1.0
2026-07-17T10:51:42,Bmw,M2 Coupé,4,0,0.0
2026-07-17T10:51:42,Bmw,M3 Touring,1,0,0.0
2026-07-17T10:51:42,Bmw,M4 Coupé,3,0,0.0
2026-07-17T10:51:42,Bmw,M5,2,0,0.0
2026-07-17T10:51:42,Bmw,Série 1,129,0,0.0
2026-07-17T10:51:42,Bmw,Série 2 Active Tourer,74,0,0.0
2026-07-17T10:51:42,Bmw,Série 2 Cabriolet,1,0,0.0
2026-07-17T10:51:42,Bmw,Série 2 Coupé,8,0,0.0
2026-07-17T10:51:42,Bmw,Série 2 Gran Coupé,22,0,0.0
2026-07-17T10:51:42,Bmw,Série 2 Gran Tourer,4,0,0.0
2026-07-17T10:51:42,Bmw,Série 3,13,0,0.0
2026-07-17T10:51:42,Bmw,Série 3 Gran Turismo,4,0,0.0
2026-07-17T10:51:42,Bmw,Série 3 Touring,39,0,0.0
2026-07-17T10:51:42,Bmw,Série 4 Cabriolet,6,0,0.0
2026-07-17T10:51:42,Bmw,Série 4 Coupé,14,0,0.0
2026-07-17T10:51:42,Bmw,Série 4 Gran Coupé,23,0,0.0
2026-07-17T10:51:42,Bmw,Série 5,18,6,0.3333
2026-07-17T10:51:42,Bmw,Série 5 Touring,11,2,0.1818
2026-07-17T10:51:42,Bmw,Série 6 Gran Turismo,1,0,0.0
2026-07-17T10:51:42,Bmw,Série 7,2,0,0.0
2026-07-17T10:51:42,Bmw,Série 8,1,0,0.0
2026-07-17T10:51:42,Bmw,Série 8 Gran Coupé,2,0,0.0
2026-07-17T10:51:42,Bmw,X1,141,33,0.234
2026-07-17T10:51:42,Bmw,X2,72,6,0.0833
2026-07-17T10:51:42,Bmw,X3,75,0,0.0
2026-07-17T10:51:42,Bmw,X3 M,1,0,0.0
2026-07-17T10:51:42,Bmw,X4,8,0,0.0
2026-07-17T10:51:42,Bmw,X4 M,2,0,0.0
2026-07-17T10:51:42,Bmw,X5,33,0,0.0
2026-07-17T10:51:42,Bmw,X6,2,0,0.0
2026-07-17T10:51:42,Bmw,Xm,5,0,0.0
2026-07-17T10:51:42,Bmw,Z4 Roadster,6,0,0.0
2026-07-17T10:51:42,Byd,Atto 2,2,2,1.0
2026-07-17T10:51:42,Byd,Atto 3,1,1,1.0
2026-07-17T10:51:42,Byd,Dolphin,1,1,1.0
2026-07-17T10:51:42,Byd,Seal 6 Dm-I,1,0,0.0
2026-07-17T10:51:42,Byd,Seal 6 Dm-I Touring,1,0,0.0
2026-07-17T10:51:42,Byd,Tang,3,3,1.0
2026-07-17T10:51:42,Citroen,Ami,13,13,1.0
2026-07-17T10:51:42,Citroen,Berlingo,17,3,0.1765
2026-07-17T10:51:42,Citroen,Berlingo Van,40,0,0.0
2026-07-17T10:51:42,Citroen,C1,12,0,0.0
2026-07-17T10:51:42,Citroen,C3,774,11,0.0142
2026-07-17T10:51:42,Citroen,C3 Aircross,164,8,0.0488
2026-07-17T10:51:42,Citroen,C4,126,32,0.254
2026-07-17T10:51:42,Citroen,C4 Cactus,12,0,0.0
2026-07-17T10:51:42,Citroen,C4 Picasso,5,0,0.0
2026-07-17T10:51:42,Citroen,C4 Spacetourer,7,0,0.0
2026-07-17T10:51:42,Citroen,C4 X,8,1,0.125
2026-07-17T10:51:42,Citroen,C5 Aircross,215,4,0.0186
2026-07-17T10:51:42,Citroen,C5 X,15,0,0.0
2026-07-17T10:51:42,Citroen,Grand C4 Picasso,1,0,0.0
2026-07-17T10:51:42,Citroen,Grand C4 Spacetourer,6,0,0.0
2026-07-17T10:51:42,Citroen,Holidays,1,0,0.0
2026-07-17T10:51:42,Citroen,Jumper,19,0,0.0
2026-07-17T10:51:42,Citroen,Jumpy,30,2,0.0667
2026-07-17T10:51:42,Citroen,Spacetourer,9,0,0.0
2026-07-17T10:51:42,Cupra,Born,2,2,1.0
2026-07-17T10:51:42,Cupra,Formentor,20,0,0.0
2026-07-17T10:51:42,Cupra,Leon,7,0,0.0
2026-07-17T10:51:42,Cupra,Leon St,2,0,0.0
2026-07-17T10:51:42,Cupra,Raval,1,1,1.0
2026-07-17T10:51:42,Cupra,Terramar,3,0,0.0
2026-07-17T10:51:42,Dacia,Bigster,43,0,0.0
2026-07-17T10:51:42,Dacia,Duster,404,0,0.0
2026-07-17T10:51:42,Dacia,Jogger,131,0,0.0
2026-07-17T10:51:42,Dacia,Lodgy,7,0,0.0
2026-07-17T10:51:42,Dacia,Logan,3,0,0.0
2026-07-17T10:51:42,Dacia,Sandero,631,0,0.0
2026-07-17T10:51:42,Dacia,Spring,163,163,1.0
2026-07-17T10:51:42,Ds,4,13,6,0.4615
2026-07-17T10:51:42,Ds,8,6,6,1.0
2026-07-17T10:51:42,Ds,Ds,3,0,0.0
2026-07-17T10:51:42,Ds,Ds 3,46,13,0.2826
2026-07-17T10:51:42,Ds,Ds 3 Crossback,46,6,0.1304
2026-07-17T10:51:42,Ds,Ds 4,115,0,0.0
2026-07-17T10:51:42,Ds,Ds 7,46,0,0.0
2026-07-17T10:51:42,Ds,Ds 7 Crossback,53,0,0.0
2026-07-17T10:51:42,Ds,Ds 9,1,0,0.0
2026-07-17T10:51:42,Fiat,500,47,16,0.3404
2026-07-17T10:51:42,Fiat,500c,5,1,0.2
2026-07-17T10:51:42,Fiat,500l,2,0,0.0
2026-07-17T10:51:42,Fiat,500x,21,0,0.0
2026-07-17T10:51:42,Fiat,600,13,3,0.2308
2026-07-17T10:51:42,Fiat,Doblo Cargo,1,0,0.0
2026-07-17T10:51:42,Fiat,Ducato,6,0,0.0
2026-07-17T10:51:42,Fiat,Grande Panda,5,3,0.6
2026-07-17T10:51:42,Fiat,Panda,7,0,0.0
2026-07-17T10:51:42,Fiat,Punto,1,0,0.0
2026-07-17T10:51:42,Fiat,Scudo,6,1,0.1667
2026-07-17T10:51:42,Fiat,Talento,1,0,0.0
2026-07-17T10:51:42,Fiat,Tipo,3,0,0.0
2026-07-17T10:51:42,Fiat,Tipo Cross,2,0,0.0
2026-07-17T10:51:42,Fiat,Tipo Sw,1,0,0.0
2026-07-17T10:51:42,Fiat,Topolino,1,1,1.0
2026-07-17T10:51:42,Ford,B-Max,4,0,0.0
2026-07-17T10:51:42,Ford,C-Max,1,0,0.0
2026-07-17T10:51:42,Ford,Capri,9,9,1.0
2026-07-17T10:51:42,Ford,Ecosport,16,0,0.0
2026-07-17T10:51:42,Ford,Edge,1,0,0.0
2026-07-17T10:51:42,Ford,Explorer,16,15,0.9375
2026-07-17T10:51:42,Ford,Fiesta,43,0,0.0
2026-07-17T10:51:42,Ford,Fiesta Active,1,0,0.0
2026-07-17T10:51:42,Ford,Focus,27,0,0.0
2026-07-17T10:51:42,Ford,Focus Active,2,0,0.0
2026-07-17T10:51:42,Ford,Focus Active Sw,1,0,0.0
2026-07-17T10:51:42,Ford,Focus Sw,1,0,0.0
2026-07-17T10:51:42,Ford,Galaxy,2,0,0.0
2026-07-17T10:51:42,Ford,Ka et plus,1,0,0.0
2026-07-17T10:51:42,Ford,Kuga,72,0,0.0
2026-07-17T10:51:42,Ford,Mondeo,1,0,0.0
2026-07-17T10:51:42,Ford,Mondeo Sw,1,0,0.0
2026-07-17T10:51:42,Ford,Mustang Mach-E,4,4,1.0
2026-07-17T10:51:42,Ford,Puma,130,15,0.1154
2026-07-17T10:51:42,Ford,Ranger,11,0,0.0
2026-07-17T10:51:42,Ford,S-Max,4,0,0.0
2026-07-17T10:51:42,Ford,Tourneo Connect,1,0,0.0
2026-07-17T10:51:42,Ford,Tourneo Courier,9,1,0.1111
2026-07-17T10:51:42,Ford,Tourneo Custom,4,0,0.0
2026-07-17T10:51:42,Ford,Transit 2t,12,1,0.0833
2026-07-17T10:51:42,Ford,Transit Connect,3,0,0.0
2026-07-17T10:51:42,Ford,Transit Courier,5,3,0.6
2026-07-17T10:51:42,Ford,Transit Custom,22,1,0.0455
2026-07-17T10:51:42,Ford,Transit Custom Kombi,3,0,0.0
2026-07-17T10:51:42,Ford,Transit Custom Nugget,1,0,0.0
2026-07-17T10:51:42,Honda,Civic,1,0,0.0
2026-07-17T10:51:42,Honda,Cr-V,1,0,0.0
2026-07-17T10:51:42,Honda,Hr-V,2,0,0.0
2026-07-17T10:51:42,Honda,Jazz,2,0,0.0
2026-07-17T10:51:42,Hyundai,Bayon,5,0,0.0
2026-07-17T10:51:42,Hyundai,I10,1,0,0.0
2026-07-17T10:51:42,Hyundai,I20,34,0,0.0
2026-07-17T10:51:42,Hyundai,I30,3,0,0.0
2026-07-17T10:51:42,Hyundai,I30 Fastback,1,0,0.0
2026-07-17T10:51:42,Hyundai,I30 Sw,4,0,0.0
2026-07-17T10:51:42,Hyundai,Ioniq,1,1,1.0
2026-07-17T10:51:42,Hyundai,Ix20,2,0,0.0
2026-07-17T10:51:42,Hyundai,Kona,20,1,0.05
2026-07-17T10:51:42,Hyundai,Santa Fe,2,0,0.0
2026-07-17T10:51:42,Hyundai,Tucson,48,0,0.0
2026-07-17T10:51:42,Isuzu,D-Max,1,0,0.0
2026-07-17T10:51:42,Iveco,Daily,1,0,0.0
2026-07-17T10:51:42,Jaguar,E-Pace,7,0,0.0
2026-07-17T10:51:42,Jaguar,F-Pace,4,0,0.0
2026-07-17T10:51:42,Jaguar,F-Type Cabriolet,1,0,0.0
2026-07-17T10:51:42,Jaguar,I-Pace,2,2,1.0
2026-07-17T10:51:42,Jaguar,Xe,1,0,0.0
2026-07-17T10:51:42,Jeep,Avenger,2,0,0.0
2026-07-17T10:51:42,Jeep,Cherokee,1,0,0.0
2026-07-17T10:51:42,Jeep,Compass,6,0,0.0
2026-07-17T10:51:42,Jeep,Gladiator,1,0,0.0
2026-07-17T10:51:42,Jeep,Renegade,16,0,0.0
2026-07-17T10:51:42,Jeep,Wrangler,1,0,0.0
2026-07-17T10:51:42,Jeep,Wrangler Unlimited,3,0,0.0
2026-07-17T10:51:42,Kia,Ceed,7,7,1.0
2026-07-17T10:51:42,Kia,Ceed Sw,3,3,1.0
2026-07-17T10:51:42,Kia,Ev3,2,2,1.0
2026-07-17T10:51:42,Kia,Ev4,2,2,1.0
2026-07-17T10:51:42,Kia,Ev5,2,2,1.0
2026-07-17T10:51:42,Kia,Ev6,1,1,1.0
2026-07-17T10:51:42,Kia,Niro,14,14,1.0
2026-07-17T10:51:42,Kia,Picanto,27,27,1.0
2026-07-17T10:51:42,Kia,Pro Ceed,7,7,1.0
2026-07-17T10:51:42,Kia,Pv5 Cargo,1,1,1.0
2026-07-17T10:51:42,Kia,Pv5 Passenger,2,2,1.0
2026-07-17T10:51:42,Kia,Rio,5,5,1.0
2026-07-17T10:51:42,Kia,Sorento,1,1,1.0
2026-07-17T10:51:42,Kia,Sportage,50,50,1.0
2026-07-17T10:51:42,Kia,Stonic,23,23,1.0
2026-07-17T10:51:42,Kia,Xceed,6,6,1.0
2026-07-17T10:51:42,Peugeot,108,14,0,0.0
2026-07-17T10:51:42,Peugeot,2008,601,77,0.1281
2026-07-17T10:51:42,Peugeot,208,932,115,0.1234
2026-07-17T10:51:42,Peugeot,3008,444,47,0.1059
2026-07-17T10:51:42,Peugeot,308,297,26,0.0875
2026-07-17T10:51:42,Peugeot,308 Sw,97,4,0.0412
2026-07-17T10:51:42,Peugeot,408,50,4,0.08
2026-07-17T10:51:42,Peugeot,5008,123,5,0.0407
2026-07-17T10:51:42,Peugeot,508,21,0,0.0
2026-07-17T10:51:42,Peugeot,508 Sw,19,0,0.0
2026-07-17T10:51:42,Peugeot,Boxer,22,0,0.0
2026-07-17T10:51:42,Peugeot,E-208,2,2,1.0
2026-07-17T10:51:42,Peugeot,Expert,69,9,0.1304
2026-07-17T10:51:42,Peugeot,Partner,128,7,0.0547
2026-07-17T10:51:42,Peugeot,Rifter,23,2,0.087
2026-07-17T10:51:42,Peugeot,Traveller,6,0,0.0
2026-07-17T10:51:42,Porsche,718 Cayman,1,0,0.0
2026-07-17T10:51:42,Porsche,911 Cabriolet,5,0,0.0
2026-07-17T10:51:42,Porsche,911 Coupé,4,0,0.0
2026-07-17T10:51:42,Porsche,911 Speedster,1,0,0.0
2026-07-17T10:51:42,Porsche,911 Targa,1,0,0.0
2026-07-17T10:51:42,Porsche,Cayenne,4,0,0.0
2026-07-17T10:51:42,Porsche,Cayenne Coupé,5,0,0.0
2026-07-17T10:51:42,Porsche,Cayman,1,0,0.0
2026-07-17T10:51:42,Porsche,Macan,5,3,0.6
2026-07-17T10:51:42,Porsche,Panamera,3,0,0.0
2026-07-17T10:51:42,Porsche,Panamera Sport Turismo,3,0,0.0
2026-07-17T10:51:42,Porsche,Taycan,8,8,1.0
2026-07-17T10:51:42,Renault,4,10,10,1.0
2026-07-17T10:51:42,Renault,5,38,37,0.9737
2026-07-17T10:51:42,Renault,Arkana,366,0,0.0
2026-07-17T10:51:42,Renault,Austral,237,0,0.0
2026-07-17T10:51:42,Renault,Captur,778,0,0.0
2026-07-17T10:51:42,Renault,Clio,1369,0,0.0
2026-07-17T10:51:42,Renault,Clio Estate,3,0,0.0
2026-07-17T10:51:42,Renault,Espace,94,0,0.0
2026-07-17T10:51:42,Renault,Express,23,0,0.0
2026-07-17T10:51:42,Renault,Grand Scénic,25,0,0.0
2026-07-17T10:51:42,Renault,Kadjar,68,0,0.0
2026-07-17T10:51:42,Renault,Kangoo,28,0,0.0
2026-07-17T10:51:42,Renault,Kangoo Express,14,2,0.1429
2026-07-17T10:51:42,Renault,Kangoo Van,29,8,0.2759
2026-07-17T10:51:42,Renault,Koleos,18,0,0.0
2026-07-17T10:51:42,Renault,Master,284,13,0.0458
2026-07-17T10:51:42,Renault,Mégane,267,167,0.6255
2026-07-17T10:51:42,Renault,Mégane Estate,21,0,0.0
2026-07-17T10:51:42,Renault,Rafale,58,0,0.0
2026-07-17T10:51:42,Renault,Scénic,74,34,0.4595
2026-07-17T10:51:42,Renault,Symbioz,171,0,0.0
2026-07-17T10:51:42,Renault,Talisman,8,0,0.0
2026-07-17T10:51:42,Renault,Talisman Estate,9,0,0.0
2026-07-17T10:51:42,Renault,Trafic,120,1,0.0083
2026-07-17T10:51:42,Renault,Trafic Combi,11,0,0.0
2026-07-17T10:51:42,Renault,Twingo,142,67,0.4718
2026-07-17T10:51:42,Renault,Twizy,2,2,1.0
2026-07-17T10:51:42,Renault,Zoé,48,48,1.0
2026-07-17T10:51:42,Seat,Arona,37,0,0.0
2026-07-17T10:51:42,Seat,Ateca,27,0,0.0
2026-07-17T10:51:42,Seat,Ibiza,30,0,0.0
2026-07-17T10:51:42,Seat,Leon,17,0,0.0
2026-07-17T10:51:42,Seat,Leon St,3,0,0.0
2026-07-17T10:51:42,Seat,Tarraco,1,0,0.0
2026-07-17T10:51:42,Skoda,Enyaq,2,2,1.0
2026-07-17T10:51:42,Skoda,Enyaq Coupé,1,1,1.0
2026-07-17T10:51:42,Skoda,Fabia,31,0,0.0
2026-07-17T10:51:42,Skoda,Fabia Combi,1,0,0.0
2026-07-17T10:51:42,Skoda,Kamiq,31,0,0.0
2026-07-17T10:51:42,Skoda,Karoq,15,0,0.0
2026-07-17T10:51:42,Skoda,Kodiaq,7,0,0.0
2026-07-17T10:51:42,Skoda,Octavia,3,0,0.0
2026-07-17T10:51:42,Skoda,Octavia Combi,7,0,0.0
2026-07-17T10:51:42,Skoda,Scala,5,0,0.0
2026-07-17T10:51:42,Skoda,Superb,1,0,0.0
2026-07-17T10:51:42,Skoda,Superb Combi,1,0,0.0
2026-07-17T10:51:42,Smart,1,1,1,1.0
2026-07-17T10:51:42,Smart,3,2,2,1.0
2026-07-17T10:51:42,Smart,5,2,2,1.0
2026-07-17T10:51:42,Smart,Fortwo Coupé,2,2,1.0
2026-07-17T10:51:42,Subaru,Impreza,1,0,0.0
2026-07-17T10:51:42,Subaru,Solterra,1,1,1.0
2026-07-17T10:51:42,Suzuki,Across,1,0,0.0
2026-07-17T10:51:42,Suzuki,E Vitara,2,2,1.0
2026-07-17T10:51:42,Suzuki,Ignis,4,0,0.0
2026-07-17T10:51:42,Suzuki,S-Cross,16,0,0.0
2026-07-17T10:51:42,Suzuki,Swift,31,0,0.0
2026-07-17T10:51:42,Suzuki,Vitara,21,1,0.0476
2026-07-17T10:51:42,Tesla,Model Y,1,1,1.0
2026-07-17T10:51:42,Toyota,Auris,1,0,0.0
2026-07-17T10:51:42,Toyota,Aygo,17,0,0.0
2026-07-17T10:51:42,Toyota,Aygo X,84,0,0.0
2026-07-17T10:51:42,Toyota,Bz4x,4,4,1.0
2026-07-17T10:51:42,Toyota,Bz4x Touring,2,2,1.0
2026-07-17T10:51:42,Toyota,C-Hr,89,0,0.0
2026-07-17T10:51:42,Toyota,C-Hr et plus,3,3,1.0
2026-07-17T10:51:42,Toyota,Camry,1,0,0.0
2026-07-17T10:51:42,Toyota,Corolla,19,0,0.0
2026-07-17T10:51:42,Toyota,Corolla Touring Sports,16,0,0.0
2026-07-17T10:51:42,Toyota,Hilux,1,0,0.0
2026-07-17T10:51:42,Toyota,Prius,3,0,0.0
2026-07-17T10:51:42,Toyota,Prius Hybride Rechargeable,1,0,0.0
2026-07-17T10:51:42,Toyota,Prius et plus,1,0,0.0
2026-07-17T10:51:42,Toyota,Proace,7,3,0.4286
2026-07-17T10:51:42,Toyota,Proace City,2,0,0.0
2026-07-17T10:51:42,Toyota,Proace City Verso,3,0,0.0
2026-07-17T10:51:42,Toyota,Proace Combi,1,0,0.0
2026-07-17T10:51:42,Toyota,Proace Max,1,0,0.0
2026-07-17T10:51:42,Toyota,Proace Verso,1,0,0.0
2026-07-17T10:51:42,Toyota,Rav4,18,0,0.0
2026-07-17T10:51:42,Toyota,Yaris,181,0,0.0
2026-07-17T10:51:42,Toyota,Yaris Cross,108,0,0.0
2026-07-18T10:13:09,Abarth,500,4,1,0.25
2026-07-18T10:13:09,Abarth,500c,1,1,1.0
2026-07-18T10:13:09,Abarth,600,1,1,1.0
2026-07-18T10:13:09,Alfa Romeo,Giulia,2,0,0.0
2026-07-18T10:13:09,Alfa Romeo,Giulietta,2,0,0.0
2026-07-18T10:13:09,Alfa Romeo,Junior,1,0,0.0
2026-07-18T10:13:09,Alfa Romeo,Stelvio,6,0,0.0
2026-07-18T10:13:09,Alfa Romeo,Tonale,8,0,0.0
2026-07-18T10:13:09,Alpine,A110,30,0,0.0
2026-07-18T10:13:09,Alpine,A290,12,12,1.0
2026-07-18T10:13:09,Alpine,A390,3,3,1.0
2026-07-18T10:13:09,Aston Martin,V8 Vantage,1,0,0.0
2026-07-18T10:13:09,Audi,A1,1,0,0.0
2026-07-18T10:13:09,Audi,A1 Allstreet,3,0,0.0
2026-07-18T10:13:09,Audi,A1 Citycarver,1,0,0.0
2026-07-18T10:13:09,Audi,A1 Sportback,56,0,0.0
2026-07-18T10:13:09,Audi,A3,1,0,0.0
2026-07-18T10:13:09,Audi,A3 Allstreet,5,0,0.0
2026-07-18T10:13:09,Audi,A3 Berline,2,0,0.0
2026-07-18T10:13:09,Audi,A3 Sportback,37,0,0.0
2026-07-18T10:13:09,Audi,A4,2,0,0.0
2026-07-18T10:13:09,Audi,A4 Allroad,1,0,0.0
2026-07-18T10:13:09,Audi,A4 Avant,2,0,0.0
2026-07-18T10:13:09,Audi,A5,4,0,0.0
2026-07-18T10:13:09,Audi,A5 Avant,8,0,0.0
2026-07-18T10:13:09,Audi,A5 Sportback,4,0,0.0
2026-07-18T10:13:09,Audi,A6,2,0,0.0
2026-07-18T10:13:09,Audi,A6 Allroad,1,0,0.0
2026-07-18T10:13:09,Audi,A6 Avant,5,0,0.0
2026-07-18T10:13:09,Audi,A6 Avant E-Tron,2,2,1.0
2026-07-18T10:13:09,Audi,A6 Sportback E-Tron,2,2,1.0
2026-07-18T10:13:09,Audi,A7 Sportback,1,0,0.0
2026-07-18T10:13:09,Audi,A8,1,0,0.0
2026-07-18T10:13:09,Audi,E-Tron Gt,1,1,1.0
2026-07-18T10:13:09,Audi,Q2,46,0,0.0
2026-07-18T10:13:09,Audi,Q3,34,0,0.0
2026-07-18T10:13:09,Audi,Q3 Sportback,24,0,0.0
2026-07-18T10:13:09,Audi,Q4 E-Tron,5,5,1.0
2026-07-18T10:13:09,Audi,Q4 Sportback E-Tron,5,5,1.0
2026-07-18T10:13:09,Audi,Q5,15,0,0.0
2026-07-18T10:13:09,Audi,Q5 Sportback,9,0,0.0
2026-07-18T10:13:09,Audi,Q6 E-Tron,4,4,1.0
2026-07-18T10:13:09,Audi,Q6 Sportback E-Tron,4,4,1.0
2026-07-18T10:13:09,Audi,Q7,1,0,0.0
2026-07-18T10:13:09,Audi,Q8,1,0,0.0
2026-07-18T10:13:09,Audi,Q8 E-Tron,1,1,1.0
2026-07-18T10:13:09,Audi,Q8 E-Tron Sportback,2,2,1.0
2026-07-18T10:13:09,Audi,R8 Spyder,1,0,0.0
2026-07-18T10:13:09,Audi,Rs Q3 Sportback,1,0,0.0
2026-07-18T10:13:09,Audi,Rs3 Sportback,1,0,0.0
2026-07-18T10:13:09,Audi,Rs4 Avant,1,0,0.0
2026-07-18T10:13:09,Audi,Rs5,1,0,0.0
2026-07-18T10:13:09,Audi,Rs6 Avant,1,0,0.0
2026-07-18T10:13:09,Audi,S3,1,0,0.0
2026-07-18T10:13:09,Audi,S3 Sportback,1,0,0.0
2026-07-18T10:13:09,Audi,S4 Avant,1,0,0.0
2026-07-18T10:13:09,Audi,S6 Avant E-Tron,2,2,1.0
2026-07-18T10:13:09,Audi,Tt,2,0,0.0
2026-07-18T10:13:09,Audi,Tt Roadster,1,0,0.0
2026-07-18T10:13:09,Bmw,I3,3,3,1.0
2026-07-18T10:13:09,Bmw,I4,32,32,1.0
2026-07-18T10:13:09,Bmw,I8,1,0,0.0
2026-07-18T10:13:09,Bmw,Ix,5,5,1.0
2026-07-18T10:13:09,Bmw,Ix3,3,3,1.0
2026-07-18T10:13:09,Bmw,M2 Coupé,4,0,0.0
2026-07-18T10:13:09,Bmw,M3 Touring,1,0,0.0
2026-07-18T10:13:09,Bmw,M4 Coupé,3,0,0.0
2026-07-18T10:13:09,Bmw,M5,1,0,0.0
2026-07-18T10:13:09,Bmw,Série 1,128,0,0.0
2026-07-18T10:13:09,Bmw,Série 2 Active Tourer,72,0,0.0
2026-07-18T10:13:09,Bmw,Série 2 Cabriolet,1,0,0.0
2026-07-18T10:13:09,Bmw,Série 2 Coupé,8,0,0.0
2026-07-18T10:13:09,Bmw,Série 2 Gran Coupé,22,0,0.0
2026-07-18T10:13:09,Bmw,Série 2 Gran Tourer,4,0,0.0
2026-07-18T10:13:09,Bmw,Série 3,13,0,0.0
2026-07-18T10:13:09,Bmw,Série 3 Gran Turismo,4,0,0.0
2026-07-18T10:13:09,Bmw,Série 3 Touring,36,0,0.0
2026-07-18T10:13:09,Bmw,Série 4 Cabriolet,6,0,0.0
2026-07-18T10:13:09,Bmw,Série 4 Coupé,13,0,0.0
2026-07-18T10:13:09,Bmw,Série 4 Gran Coupé,25,0,0.0
2026-07-18T10:13:09,Bmw,Série 5,19,6,0.3158
2026-07-18T10:13:09,Bmw,Série 5 Touring,11,2,0.1818
2026-07-18T10:13:09,Bmw,Série 6 Gran Turismo,1,0,0.0
2026-07-18T10:13:09,Bmw,Série 7,2,0,0.0
2026-07-18T10:13:09,Bmw,Série 8,1,0,0.0
2026-07-18T10:13:09,Bmw,Série 8 Gran Coupé,2,0,0.0
2026-07-18T10:13:09,Bmw,X1,147,33,0.2245
2026-07-18T10:13:09,Bmw,X2,71,6,0.0845
2026-07-18T10:13:09,Bmw,X3,74,0,0.0
2026-07-18T10:13:09,Bmw,X3 M,1,0,0.0
2026-07-18T10:13:09,Bmw,X4,8,0,0.0
2026-07-18T10:13:09,Bmw,X4 M,2,0,0.0
2026-07-18T10:13:09,Bmw,X5,33,0,0.0
2026-07-18T10:13:09,Bmw,X6,2,0,0.0
2026-07-18T10:13:09,Bmw,Xm,6,0,0.0
2026-07-18T10:13:09,Bmw,Z4 Roadster,6,0,0.0
2026-07-18T10:13:09,Byd,Atto 2,2,2,1.0
2026-07-18T10:13:09,Byd,Atto 3,1,1,1.0
2026-07-18T10:13:09,Byd,Dolphin,1,1,1.0
2026-07-18T10:13:09,Byd,Seal 6 Dm-I,1,0,0.0
2026-07-18T10:13:09,Byd,Seal 6 Dm-I Touring,1,0,0.0
2026-07-18T10:13:09,Byd,Tang,3,3,1.0
2026-07-18T10:13:09,Citroen,Ami,13,13,1.0
2026-07-18T10:13:09,Citroen,Berlingo,17,3,0.1765
2026-07-18T10:13:09,Citroen,Berlingo Van,39,0,0.0
2026-07-18T10:13:09,Citroen,C1,12,0,0.0
2026-07-18T10:13:09,Citroen,C3,765,11,0.0144
2026-07-18T10:13:09,Citroen,C3 Aircross,161,8,0.0497
2026-07-18T10:13:09,Citroen,C4,127,32,0.252
2026-07-18T10:13:09,Citroen,C4 Cactus,11,0,0.0
2026-07-18T10:13:09,Citroen,C4 Picasso,5,0,0.0
2026-07-18T10:13:09,Citroen,C4 Spacetourer,7,0,0.0
2026-07-18T10:13:09,Citroen,C4 X,8,1,0.125
2026-07-18T10:13:09,Citroen,C5 Aircross,211,4,0.019
2026-07-18T10:13:09,Citroen,C5 X,15,0,0.0
2026-07-18T10:13:09,Citroen,Grand C4 Picasso,1,0,0.0
2026-07-18T10:13:09,Citroen,Grand C4 Spacetourer,6,0,0.0
2026-07-18T10:13:09,Citroen,Holidays,1,0,0.0
2026-07-18T10:13:09,Citroen,Jumper,19,0,0.0
2026-07-18T10:13:09,Citroen,Jumpy,31,2,0.0645
2026-07-18T10:13:09,Citroen,Spacetourer,9,0,0.0
2026-07-18T10:13:09,Cupra,Born,2,2,1.0
2026-07-18T10:13:09,Cupra,Formentor,19,0,0.0
2026-07-18T10:13:09,Cupra,Leon,7,0,0.0
2026-07-18T10:13:09,Cupra,Leon St,2,0,0.0
2026-07-18T10:13:09,Cupra,Raval,2,2,1.0
2026-07-18T10:13:09,Cupra,Terramar,3,0,0.0
2026-07-18T10:13:09,Dacia,Bigster,44,0,0.0
2026-07-18T10:13:09,Dacia,Dokker,1,0,0.0
2026-07-18T10:13:09,Dacia,Duster,400,0,0.0
2026-07-18T10:13:09,Dacia,Jogger,134,0,0.0
2026-07-18T10:13:09,Dacia,Lodgy,7,0,0.0
2026-07-18T10:13:09,Dacia,Logan,3,0,0.0
2026-07-18T10:13:09,Dacia,Sandero,637,0,0.0
2026-07-18T10:13:09,Dacia,Spring,167,167,1.0
2026-07-18T10:13:09,Ds,4,13,6,0.4615
2026-07-18T10:13:09,Ds,8,6,6,1.0
2026-07-18T10:13:09,Ds,Ds,3,0,0.0
2026-07-18T10:13:09,Ds,Ds 3,43,12,0.2791
2026-07-18T10:13:09,Ds,Ds 3 Crossback,46,6,0.1304
2026-07-18T10:13:09,Ds,Ds 4,116,0,0.0
2026-07-18T10:13:09,Ds,Ds 7,46,0,0.0
2026-07-18T10:13:09,Ds,Ds 7 Crossback,50,0,0.0
2026-07-18T10:13:09,Ds,Ds 9,1,0,0.0
2026-07-18T10:13:09,Fiat,500,46,15,0.3261
2026-07-18T10:13:09,Fiat,500c,5,1,0.2
2026-07-18T10:13:09,Fiat,500l,1,0,0.0
2026-07-18T10:13:09,Fiat,500x,21,0,0.0
2026-07-18T10:13:09,Fiat,600,13,3,0.2308
2026-07-18T10:13:09,Fiat,Doblo Cargo,1,0,0.0
2026-07-18T10:13:09,Fiat,Ducato,6,0,0.0
2026-07-18T10:13:09,Fiat,Grande Panda,4,2,0.5
2026-07-18T10:13:09,Fiat,Panda,6,0,0.0
2026-07-18T10:13:09,Fiat,Punto,1,0,0.0
2026-07-18T10:13:09,Fiat,Scudo,6,1,0.1667
2026-07-18T10:13:09,Fiat,Talento,1,0,0.0
2026-07-18T10:13:09,Fiat,Tipo,4,0,0.0
2026-07-18T10:13:09,Fiat,Tipo Cross,2,0,0.0
2026-07-18T10:13:09,Fiat,Tipo Sw,1,0,0.0
2026-07-18T10:13:09,Ford,B-Max,3,0,0.0
2026-07-18T10:13:09,Ford,C-Max,1,0,0.0
2026-07-18T10:13:09,Ford,Capri,9,9,1.0
2026-07-18T10:13:09,Ford,Ecosport,17,0,0.0
2026-07-18T10:13:09,Ford,Edge,1,0,0.0
2026-07-18T10:13:09,Ford,Explorer,17,16,0.9412
2026-07-18T10:13:09,Ford,Fiesta,41,0,0.0
2026-07-18T10:13:09,Ford,Fiesta Active,2,0,0.0
2026-07-18T10:13:09,Ford,Focus,26,0,0.0
2026-07-18T10:13:09,Ford,Focus Active,1,0,0.0
2026-07-18T10:13:09,Ford,Focus Active Sw,1,0,0.0
2026-07-18T10:13:09,Ford,Focus Sw,1,0,0.0
2026-07-18T10:13:09,Ford,Galaxy,2,0,0.0
2026-07-18T10:13:09,Ford,Ka et plus,1,0,0.0
2026-07-18T10:13:09,Ford,Kuga,76,0,0.0
2026-07-18T10:13:09,Ford,Mondeo,1,0,0.0
2026-07-18T10:13:09,Ford,Mondeo Sw,1,0,0.0
2026-07-18T10:13:09,Ford,Mustang Mach-E,4,4,1.0
2026-07-18T10:13:09,Ford,Puma,132,15,0.1136
2026-07-18T10:13:09,Ford,Ranger,11,0,0.0
2026-07-18T10:13:09,Ford,S-Max,4,0,0.0
2026-07-18T10:13:09,Ford,Tourneo Connect,1,0,0.0
2026-07-18T10:13:09,Ford,Tourneo Courier,9,1,0.1111
2026-07-18T10:13:09,Ford,Tourneo Custom,4,0,0.0
2026-07-18T10:13:09,Ford,Transit 2t,11,1,0.0909
2026-07-18T10:13:09,Ford,Transit Connect,3,0,0.0
2026-07-18T10:13:09,Ford,Transit Courier,5,3,0.6
2026-07-18T10:13:09,Ford,Transit Custom,19,0,0.0
2026-07-18T10:13:09,Ford,Transit Custom Kombi,3,0,0.0
2026-07-18T10:13:09,Ford,Transit Custom Nugget,1,0,0.0
2026-07-18T10:13:09,Honda,Civic,1,0,0.0
2026-07-18T10:13:09,Honda,Cr-V,1,0,0.0
2026-07-18T10:13:09,Honda,Hr-V,2,0,0.0
2026-07-18T10:13:09,Honda,Jazz,2,0,0.0
2026-07-18T10:13:09,Hyundai,Bayon,5,0,0.0
2026-07-18T10:13:09,Hyundai,I10,1,0,0.0
2026-07-18T10:13:09,Hyundai,I20,33,0,0.0
2026-07-18T10:13:09,Hyundai,I30,3,0,0.0
2026-07-18T10:13:09,Hyundai,I30 Fastback,1,0,0.0
2026-07-18T10:13:09,Hyundai,I30 Sw,4,0,0.0
2026-07-18T10:13:09,Hyundai,Ioniq,1,1,1.0
2026-07-18T10:13:09,Hyundai,Ix20,2,0,0.0
2026-07-18T10:13:09,Hyundai,Kona,21,1,0.0476
2026-07-18T10:13:09,Hyundai,Santa Fe,2,0,0.0
2026-07-18T10:13:09,Hyundai,Tucson,47,0,0.0
2026-07-18T10:13:09,Isuzu,D-Max,1,0,0.0
2026-07-18T10:13:09,Iveco,Daily,1,0,0.0
2026-07-18T10:13:09,Jaguar,E-Pace,7,0,0.0
2026-07-18T10:13:09,Jaguar,F-Pace,4,0,0.0
2026-07-18T10:13:09,Jaguar,F-Type Cabriolet,1,0,0.0
2026-07-18T10:13:09,Jaguar,I-Pace,2,2,1.0
2026-07-18T10:13:09,Jaguar,Xe,1,0,0.0
2026-07-19T07:49:26,Abarth,500,4,1,0.25
2026-07-19T07:49:26,Abarth,500c,1,1,1.0
2026-07-19T07:49:26,Abarth,600,1,1,1.0
2026-07-19T07:49:26,Alfa Romeo,Giulia,2,0,0.0
2026-07-19T07:49:26,Alfa Romeo,Giulietta,2,0,0.0
2026-07-19T07:49:26,Alfa Romeo,Junior,1,0,0.0
2026-07-19T07:49:26,Alfa Romeo,Stelvio,6,0,0.0
2026-07-19T07:49:26,Alfa Romeo,Tonale,8,0,0.0
2026-07-19T07:49:26,Alpine,A110,30,0,0.0
2026-07-19T07:49:26,Alpine,A290,12,12,1.0
2026-07-19T07:49:26,Alpine,A390,3,3,1.0
2026-07-19T07:49:26,Aston Martin,V8 Vantage,1,0,0.0
2026-07-19T07:49:26,Audi,A1,1,0,0.0
2026-07-19T07:49:26,Audi,A1 Allstreet,3,0,0.0
2026-07-19T07:49:26,Audi,A1 Citycarver,1,0,0.0
2026-07-19T07:49:26,Audi,A1 Sportback,56,0,0.0
2026-07-19T07:49:26,Audi,A3,1,0,0.0
2026-07-19T07:49:26,Audi,A3 Allstreet,5,0,0.0
2026-07-19T07:49:26,Audi,A3 Berline,1,0,0.0
2026-07-19T07:49:26,Audi,A3 Sportback,33,0,0.0
2026-07-19T07:49:26,Audi,A4,2,0,0.0
2026-07-19T07:49:26,Audi,A4 Allroad,1,0,0.0
2026-07-19T07:49:26,Audi,A4 Avant,2,0,0.0
2026-07-19T07:49:26,Audi,A5,4,0,0.0
2026-07-19T07:49:26,Audi,A5 Avant,8,0,0.0
2026-07-19T07:49:26,Audi,A5 Sportback,4,0,0.0
2026-07-19T07:49:26,Audi,A6,2,0,0.0
2026-07-19T07:49:26,Audi,A6 Allroad,2,0,0.0
2026-07-19T07:49:26,Audi,A6 Avant,5,0,0.0
2026-07-19T07:49:26,Audi,A6 Avant E-Tron,2,2,1.0
2026-07-19T07:49:26,Audi,A6 Sportback E-Tron,2,2,1.0
2026-07-19T07:49:26,Audi,A7 Sportback,1,0,0.0
2026-07-19T07:49:26,Audi,A8,1,0,0.0
2026-07-19T07:49:26,Audi,E-Tron Gt,1,1,1.0
2026-07-19T07:49:26,Audi,E-Tron S Sportback,1,1,1.0
2026-07-19T07:49:26,Audi,Q2,48,0,0.0
2026-07-19T07:49:26,Audi,Q3,34,0,0.0
2026-07-19T07:49:26,Audi,Q3 Sportback,24,0,0.0
2026-07-19T07:49:26,Audi,Q4 E-Tron,5,5,1.0
2026-07-19T07:49:26,Audi,Q4 Sportback E-Tron,5,5,1.0
2026-07-19T07:49:26,Audi,Q5,15,0,0.0
2026-07-19T07:49:26,Audi,Q5 Sportback,9,0,0.0
2026-07-19T07:49:26,Audi,Q6 E-Tron,4,4,1.0
2026-07-19T07:49:26,Audi,Q6 Sportback E-Tron,4,4,1.0
2026-07-19T07:49:26,Audi,Q7,1,0,0.0
2026-07-19T07:49:26,Audi,Q8,1,0,0.0
2026-07-19T07:49:26,Audi,Q8 E-Tron,1,1,1.0
2026-07-19T07:49:26,Audi,Q8 E-Tron Sportback,2,2,1.0
2026-07-19T07:49:26,Audi,R8 Spyder,1,0,0.0
2026-07-19T07:49:26,Audi,Rs Q3 Sportback,1,0,0.0
2026-07-19T07:49:26,Audi,Rs3 Sportback,1,0,0.0
2026-07-19T07:49:26,Audi,Rs4 Avant,1,0,0.0
2026-07-19T07:49:26,Audi,Rs5,1,0,0.0
2026-07-19T07:49:26,Audi,Rs6 Avant,1,0,0.0
2026-07-19T07:49:26,Audi,S3,1,0,0.0
2026-07-19T07:49:26,Audi,S3 Sportback,1,0,0.0
2026-07-19T07:49:26,Audi,S4 Avant,1,0,0.0
2026-07-19T07:49:26,Audi,S6 Avant E-Tron,2,2,1.0
2026-07-19T07:49:26,Audi,Tt,2,0,0.0
2026-07-19T07:49:26,Audi,Tt Roadster,1,0,0.0
2026-07-19T07:49:26,Bmw,I3,3,3,1.0
2026-07-19T07:49:26,Bmw,I4,31,31,1.0
2026-07-19T07:49:26,Bmw,I8,1,0,0.0
2026-07-19T07:49:26,Bmw,Ix,4,4,1.0
2026-07-19T07:49:26,Bmw,Ix3,3,3,1.0
2026-07-19T07:49:26,Bmw,M2 Coupé,3,0,0.0
2026-07-19T07:49:26,Bmw,M3 Touring,1,0,0.0
2026-07-19T07:49:26,Bmw,M4 Coupé,3,0,0.0
2026-07-19T07:49:26,Bmw,M5,1,0,0.0
2026-07-19T07:49:26,Bmw,Série 1,126,0,0.0
2026-07-19T07:49:26,Bmw,Série 2 Active Tourer,73,0,0.0
2026-07-19T07:49:26,Bmw,Série 2 Cabriolet,1,0,0.0
2026-07-19T07:49:26,Bmw,Série 2 Coupé,8,0,0.0
2026-07-19T07:49:26,Bmw,Série 2 Gran Coupé,23,0,0.0
2026-07-19T07:49:26,Bmw,Série 2 Gran Tourer,4,0,0.0
2026-07-19T07:49:26,Bmw,Série 3,13,0,0.0
2026-07-19T07:49:26,Bmw,Série 3 Gran Turismo,4,0,0.0
2026-07-19T07:49:26,Bmw,Série 3 Touring,36,0,0.0
2026-07-19T07:49:26,Bmw,Série 4 Cabriolet,6,0,0.0
2026-07-19T07:49:26,Bmw,Série 4 Coupé,13,0,0.0
2026-07-19T07:49:26,Bmw,Série 4 Gran Coupé,25,0,0.0
2026-07-19T07:49:26,Bmw,Série 5,19,6,0.3158
2026-07-19T07:49:26,Bmw,Série 5 Touring,11,2,0.1818
2026-07-19T07:49:26,Bmw,Série 6 Gran Turismo,1,0,0.0
2026-07-19T07:49:26,Bmw,Série 7,2,0,0.0
2026-07-19T07:49:26,Bmw,Série 8,1,0,0.0
2026-07-19T07:49:26,Bmw,Série 8 Gran Coupé,2,0,0.0
2026-07-19T07:49:26,Bmw,X1,141,31,0.2199
2026-07-19T07:49:26,Bmw,X2,71,7,0.0986
2026-07-19T07:49:26,Bmw,X3,74,0,0.0
2026-07-19T07:49:26,Bmw,X3 M,1,0,0.0
2026-07-19T07:49:26,Bmw,X4,8,0,0.0
2026-07-19T07:49:26,Bmw,X4 M,2,0,0.0
2026-07-19T07:49:26,Bmw,X5,32,0,0.0
2026-07-19T07:49:26,Bmw,X6,2,0,0.0
2026-07-19T07:49:26,Bmw,Xm,6,0,0.0
2026-07-19T07:49:26,Bmw,Z4 Roadster,6,0,0.0
2026-07-19T07:49:26,Byd,Atto 2,2,2,1.0
2026-07-19T07:49:26,Byd,Atto 3,1,1,1.0
2026-07-19T07:49:26,Byd,Dolphin,1,1,1.0
2026-07-19T07:49:26,Byd,Seal 6 Dm-I,1,0,0.0
2026-07-19T07:49:26,Byd,Seal 6 Dm-I Touring,1,0,0.0
2026-07-19T07:49:26,Byd,Tang,4,4,1.0
2026-07-19T07:49:26,Citroen,Ami,13,13,1.0
2026-07-19T07:49:26,Citroen,Berlingo,16,3,0.1875
2026-07-19T07:49:26,Citroen,Berlingo Van,39,0,0.0
2026-07-19T07:49:26,Citroen,C1,12,0,0.0
2026-07-19T07:49:26,Citroen,C3,762,11,0.0144
2026-07-19T07:49:26,Citroen,C3 Aircross,159,8,0.0503
2026-07-19T07:49:26,Citroen,C4,130,34,0.2615
2026-07-19T07:49:26,Citroen,C4 Cactus,12,0,0.0
2026-07-19T07:49:26,Citroen,C4 Picasso,5,0,0.0
2026-07-19T07:49:26,Citroen,C4 Spacetourer,6,0,0.0
2026-07-19T07:49:26,Citroen,C4 X,8,1,0.125
2026-07-19T07:49:26,Citroen,C5 Aircross,211,4,0.019
2026-07-19T07:49:26,Citroen,C5 X,15,0,0.0
2026-07-19T07:49:26,Citroen,Grand C4 Picasso,1,0,0.0
2026-07-19T07:49:26,Citroen,Grand C4 Spacetourer,6,0,0.0
2026-07-19T07:49:26,Citroen,Holidays,1,0,0.0
2026-07-19T07:49:26,Citroen,Jumper,19,0,0.0
2026-07-19T07:49:26,Citroen,Jumpy,31,2,0.0645
2026-07-19T07:49:26,Citroen,Spacetourer,11,0,0.0
2026-07-19T07:49:26,Cupra,Born,2,2,1.0
2026-07-19T07:49:26,Cupra,Formentor,19,0,0.0
2026-07-19T07:49:26,Cupra,Leon,7,0,0.0
2026-07-19T07:49:26,Cupra,Leon St,2,0,0.0
2026-07-19T07:49:26,Cupra,Raval,2,2,1.0
2026-07-19T07:49:26,Cupra,Terramar,3,0,0.0
2026-07-19T07:49:26,Dacia,Bigster,44,0,0.0
2026-07-19T07:49:26,Dacia,Dokker,1,0,0.0
2026-07-19T07:49:26,Dacia,Duster,393,0,0.0
2026-07-19T07:49:26,Dacia,Jogger,133,0,0.0
2026-07-19T07:49:26,Dacia,Lodgy,7,0,0.0
2026-07-19T07:49:26,Dacia,Logan,2,0,0.0
2026-07-19T07:49:26,Dacia,Sandero,627,0,0.0
2026-07-19T07:49:26,Dacia,Spring,164,164,1.0
2026-07-19T07:49:26,Ds,4,13,6,0.4615
2026-07-19T07:49:26,Ds,8,6,6,1.0
2026-07-19T07:49:26,Ds,Ds,3,0,0.0
2026-07-19T07:49:26,Ds,Ds 3,41,11,0.2683
2026-07-19T07:49:26,Ds,Ds 3 Crossback,46,6,0.1304
2026-07-19T07:49:26,Ds,Ds 4,115,0,0.0
2026-07-19T07:49:26,Ds,Ds 7,46,0,0.0
2026-07-19T07:49:26,Ds,Ds 7 Crossback,49,0,0.0
2026-07-19T07:49:26,Ds,Ds 9,1,0,0.0
2026-07-19T07:49:26,Fiat,500,46,16,0.3478
2026-07-19T07:49:26,Fiat,500c,7,1,0.1429
2026-07-19T07:49:26,Fiat,500l,1,0,0.0
2026-07-19T07:49:26,Fiat,500x,21,0,0.0
2026-07-19T07:49:26,Fiat,600,14,3,0.2143
2026-07-19T07:49:26,Fiat,Doblo Cargo,2,0,0.0
2026-07-19T07:49:26,Fiat,Ducato,6,0,0.0
2026-07-19T07:49:26,Fiat,Grande Panda,4,2,0.5
2026-07-19T07:49:26,Fiat,Panda,6,0,0.0
2026-07-19T07:49:26,Fiat,Punto,1,0,0.0
2026-07-19T07:49:26,Fiat,Scudo,6,1,0.1667
2026-07-19T07:49:26,Fiat,Scudo Combi,1,0,0.0
2026-07-19T07:49:26,Fiat,Talento,1,0,0.0
2026-07-19T07:49:26,Fiat,Tipo,4,0,0.0
2026-07-19T07:49:26,Fiat,Tipo Cross,2,0,0.0
2026-07-19T07:49:26,Fiat,Tipo Sw,1,0,0.0
2026-07-19T07:49:26,Ford,B-Max,3,0,0.0
2026-07-19T07:49:26,Ford,C-Max,1,0,0.0
2026-07-19T07:49:26,Ford,Capri,9,9,1.0
2026-07-19T07:49:26,Ford,Ecosport,17,0,0.0
2026-07-19T07:49:26,Ford,Edge,1,0,0.0
2026-07-19T07:49:26,Ford,Explorer,17,16,0.9412
2026-07-19T07:49:26,Ford,Fiesta,42,0,0.0
2026-07-19T07:49:26,Ford,Fiesta Active,2,0,0.0
2026-07-19T07:49:26,Ford,Focus,27,0,0.0
2026-07-19T07:49:26,Ford,Focus Active,1,0,0.0
2026-07-19T07:49:26,Ford,Focus Active Sw,1,0,0.0
2026-07-19T07:49:26,Ford,Focus Sw,1,0,0.0
2026-07-19T07:49:26,Ford,Galaxy,2,0,0.0
2026-07-19T07:49:26,Ford,Ka et plus,1,0,0.0
2026-07-19T07:49:26,Ford,Kuga,74,0,0.0
2026-07-19T07:49:26,Ford,Mondeo,1,0,0.0
2026-07-19T07:49:26,Ford,Mondeo Sw,1,0,0.0
2026-07-19T07:49:26,Ford,Mustang Mach-E,4,4,1.0
2026-07-19T07:49:26,Ford,Puma,133,15,0.1128
2026-07-19T07:49:26,Ford,Ranger,11,0,0.0
2026-07-19T07:49:26,Ford,S-Max,4,0,0.0
2026-07-19T07:49:26,Ford,Tourneo Connect,1,0,0.0
2026-07-19T07:49:26,Ford,Tourneo Courier,9,1,0.1111
2026-07-19T07:49:26,Ford,Tourneo Custom,4,0,0.0
2026-07-19T07:49:26,Ford,Transit 2t,11,1,0.0909
2026-07-19T07:49:26,Ford,Transit Connect,3,0,0.0
2026-07-19T07:49:26,Ford,Transit Courier,5,3,0.6
2026-07-19T07:49:26,Ford,Transit Custom,19,0,0.0
2026-07-19T07:49:26,Ford,Transit Custom Kombi,4,0,0.0
2026-07-19T07:49:26,Ford,Transit Custom Nugget,1,0,0.0
2026-07-19T10:22:27,Abarth,500,4,1,0.25
2026-07-19T10:22:27,Abarth,500c,1,1,1.0
2026-07-19T10:22:27,Abarth,600,1,1,1.0
2026-07-19T10:22:27,Alfa Romeo,Giulia,2,0,0.0
2026-07-19T10:22:27,Alfa Romeo,Giulietta,2,0,0.0
2026-07-19T10:22:27,Alfa Romeo,Junior,1,0,0.0
2026-07-19T10:22:27,Alfa Romeo,Stelvio,6,0,0.0
2026-07-19T10:22:27,Alfa Romeo,Tonale,8,0,0.0
2026-07-19T10:22:27,Alpine,A110,30,0,0.0
2026-07-19T10:22:27,Alpine,A290,12,12,1.0
2026-07-19T10:22:27,Alpine,A390,3,3,1.0
2026-07-19T10:22:27,Aston Martin,V8 Vantage,1,0,0.0
2026-07-19T10:22:27,Audi,A1,1,0,0.0
2026-07-19T10:22:27,Audi,A1 Allstreet,3,0,0.0
2026-07-19T10:22:27,Audi,A1 Citycarver,1,0,0.0
2026-07-19T10:22:27,Audi,A1 Sportback,56,0,0.0
2026-07-19T10:22:27,Audi,A3,1,0,0.0
2026-07-19T10:22:27,Audi,A3 Allstreet,5,0,0.0
2026-07-19T10:22:27,Audi,A3 Berline,1,0,0.0
2026-07-19T10:22:27,Audi,A3 Sportback,33,0,0.0
2026-07-19T10:22:27,Audi,A4,2,0,0.0
2026-07-19T10:22:27,Audi,A4 Allroad,1,0,0.0
2026-07-19T10:22:27,Audi,A4 Avant,2,0,0.0
2026-07-19T10:22:27,Audi,A5,4,0,0.0
2026-07-19T10:22:27,Audi,A5 Avant,8,0,0.0
2026-07-19T10:22:27,Audi,A5 Sportback,4,0,0.0
2026-07-19T10:22:27,Audi,A6,2,0,0.0
2026-07-19T10:22:27,Audi,A6 Allroad,2,0,0.0
2026-07-19T10:22:27,Audi,A6 Avant,5,0,0.0
2026-07-19T10:22:27,Audi,A6 Avant E-Tron,2,2,1.0
2026-07-19T10:22:27,Audi,A6 Sportback E-Tron,2,2,1.0
2026-07-19T10:22:27,Audi,A7 Sportback,1,0,0.0
2026-07-19T10:22:27,Audi,A8,1,0,0.0
2026-07-19T10:22:27,Audi,E-Tron Gt,1,1,1.0
2026-07-19T10:22:27,Audi,E-Tron S Sportback,1,1,1.0
2026-07-19T10:22:27,Audi,Q2,48,0,0.0
2026-07-19T10:22:27,Audi,Q3,34,0,0.0
2026-07-19T10:22:27,Audi,Q3 Sportback,24,0,0.0
2026-07-19T10:22:27,Audi,Q4 E-Tron,5,5,1.0
2026-07-19T10:22:27,Audi,Q4 Sportback E-Tron,5,5,1.0
2026-07-19T10:22:27,Audi,Q5,15,0,0.0
2026-07-19T10:22:27,Audi,Q5 Sportback,9,0,0.0
2026-07-19T10:22:27,Audi,Q6 E-Tron,4,4,1.0
2026-07-19T10:22:27,Audi,Q6 Sportback E-Tron,4,4,1.0
2026-07-19T10:22:27,Audi,Q7,1,0,0.0
2026-07-19T10:22:27,Audi,Q8,1,0,0.0
2026-07-19T10:22:27,Audi,Q8 E-Tron,1,1,1.0
2026-07-19T10:22:27,Audi,Q8 E-Tron Sportback,2,2,1.0
2026-07-19T10:22:27,Audi,R8 Spyder,1,0,0.0
2026-07-19T10:22:27,Audi,Rs Q3 Sportback,1,0,0.0
2026-07-19T10:22:27,Audi,Rs3 Sportback,1,0,0.0
2026-07-19T10:22:27,Audi,Rs4 Avant,1,0,0.0
2026-07-19T10:22:27,Audi,Rs5,1,0,0.0
2026-07-19T10:22:27,Audi,Rs6 Avant,1,0,0.0
2026-07-19T10:22:27,Audi,S3,1,0,0.0
2026-07-19T10:22:27,Audi,S3 Sportback,1,0,0.0
2026-07-19T10:22:27,Audi,S4 Avant,1,0,0.0
2026-07-19T10:22:27,Audi,S6 Avant E-Tron,2,2,1.0
2026-07-19T10:22:27,Audi,Tt,2,0,0.0
2026-07-19T10:22:27,Audi,Tt Roadster,1,0,0.0
2026-07-19T10:22:27,Bmw,I3,3,3,1.0
2026-07-19T10:22:27,Bmw,I4,31,31,1.0
2026-07-19T10:22:27,Bmw,I8,1,0,0.0
2026-07-19T10:22:27,Bmw,Ix,4,4,1.0
2026-07-19T10:22:27,Bmw,Ix3,3,3,1.0
2026-07-19T10:22:27,Bmw,M2 Coupé,3,0,0.0
2026-07-19T10:22:27,Bmw,M3 Touring,1,0,0.0
2026-07-19T10:22:27,Bmw,M4 Coupé,3,0,0.0
2026-07-19T10:22:27,Bmw,M5,1,0,0.0
2026-07-19T10:22:27,Bmw,Série 1,126,0,0.0
2026-07-19T10:22:27,Bmw,Série 2 Active Tourer,73,0,0.0
2026-07-19T10:22:27,Bmw,Série 2 Cabriolet,1,0,0.0
2026-07-19T10:22:27,Bmw,Série 2 Coupé,8,0,0.0
2026-07-19T10:22:27,Bmw,Série 2 Gran Coupé,23,0,0.0
2026-07-19T10:22:27,Bmw,Série 2 Gran Tourer,4,0,0.0
2026-07-19T10:22:27,Bmw,Série 3,13,0,0.0
2026-07-19T10:22:27,Bmw,Série 3 Gran Turismo,4,0,0.0
2026-07-19T10:22:27,Bmw,Série 3 Touring,36,0,0.0
2026-07-19T10:22:27,Bmw,Série 4 Cabriolet,6,0,0.0
2026-07-19T10:22:27,Bmw,Série 4 Coupé,13,0,0.0
2026-07-19T10:22:27,Bmw,Série 4 Gran Coupé,25,0,0.0
2026-07-19T10:22:27,Bmw,Série 5,19,6,0.3158
2026-07-19T10:22:27,Bmw,Série 5 Touring,11,2,0.1818
2026-07-19T10:22:27,Bmw,Série 6 Gran Turismo,1,0,0.0
2026-07-19T10:22:27,Bmw,Série 7,2,0,0.0
2026-07-19T10:22:27,Bmw,Série 8,1,0,0.0
2026-07-19T10:22:27,Bmw,Série 8 Gran Coupé,2,0,0.0
2026-07-19T10:22:27,Bmw,X1,141,31,0.2199
2026-07-19T10:22:27,Bmw,X2,71,7,0.0986
2026-07-19T10:22:27,Bmw,X3,74,0,0.0
2026-07-19T10:22:27,Bmw,X3 M,1,0,0.0
2026-07-19T10:22:27,Bmw,X4,8,0,0.0
2026-07-19T10:22:27,Bmw,X4 M,2,0,0.0
2026-07-19T10:22:27,Bmw,X5,32,0,0.0
2026-07-19T10:22:27,Bmw,X6,2,0,0.0
2026-07-19T10:22:27,Bmw,Xm,6,0,0.0
2026-07-19T10:22:27,Bmw,Z4 Roadster,6,0,0.0
2026-07-19T10:22:27,Byd,Atto 2,2,2,1.0
2026-07-19T10:22:27,Byd,Atto 3,1,1,1.0
2026-07-19T10:22:27,Byd,Dolphin,1,1,1.0
2026-07-19T10:22:27,Byd,Seal 6 Dm-I,1,0,0.0
2026-07-19T10:22:27,Byd,Seal 6 Dm-I Touring,1,0,0.0
2026-07-19T10:22:27,Byd,Tang,4,4,1.0
2026-07-19T10:22:27,Citroen,Ami,13,13,1.0
2026-07-19T10:22:27,Citroen,Berlingo,16,3,0.1875
2026-07-19T10:22:27,Citroen,Berlingo Van,39,0,0.0
2026-07-19T10:22:27,Citroen,C1,12,0,0.0
2026-07-19T10:22:27,Citroen,C3,762,11,0.0144
2026-07-19T10:22:27,Citroen,C3 Aircross,159,8,0.0503
2026-07-19T10:22:27,Citroen,C4,130,34,0.2615
2026-07-19T10:22:27,Citroen,C4 Cactus,12,0,0.0
2026-07-19T10:22:27,Citroen,C4 Picasso,5,0,0.0
2026-07-19T10:22:27,Citroen,C4 Spacetourer,6,0,0.0
2026-07-19T10:22:27,Citroen,C4 X,8,1,0.125
2026-07-19T10:22:27,Citroen,C5 Aircross,211,4,0.019
2026-07-19T10:22:27,Citroen,C5 X,15,0,0.0
2026-07-19T10:22:27,Citroen,Grand C4 Picasso,1,0,0.0
2026-07-19T10:22:27,Citroen,Grand C4 Spacetourer,6,0,0.0
2026-07-19T10:22:27,Citroen,Holidays,1,0,0.0
2026-07-19T10:22:27,Citroen,Jumper,19,0,0.0
2026-07-19T10:22:27,Citroen,Jumpy,31,2,0.0645
2026-07-19T10:22:27,Citroen,Spacetourer,11,0,0.0
2026-07-19T10:22:27,Cupra,Born,2,2,1.0
2026-07-19T10:22:27,Cupra,Formentor,19,0,0.0
2026-07-19T10:22:27,Cupra,Leon,7,0,0.0
2026-07-19T10:22:27,Cupra,Leon St,2,0,0.0
2026-07-19T10:22:27,Cupra,Raval,2,2,1.0
2026-07-19T10:22:27,Cupra,Terramar,3,0,0.0
2026-07-19T10:22:27,Dacia,Bigster,44,0,0.0
2026-07-19T10:22:27,Dacia,Dokker,1,0,0.0
2026-07-19T10:22:27,Dacia,Duster,393,0,0.0
2026-07-19T10:22:27,Dacia,Jogger,133,0,0.0
2026-07-19T10:22:27,Dacia,Lodgy,7,0,0.0
2026-07-19T10:22:27,Dacia,Logan,2,0,0.0
2026-07-19T10:22:27,Dacia,Sandero,627,0,0.0
2026-07-19T10:22:27,Dacia,Spring,164,164,1.0
2026-07-19T10:22:27,Ds,4,13,6,0.4615
2026-07-19T10:22:27,Ds,8,6,6,1.0
2026-07-19T10:22:27,Ds,Ds,3,0,0.0
2026-07-19T10:22:27,Ds,Ds 3,41,11,0.2683
2026-07-19T10:22:27,Ds,Ds 3 Crossback,46,6,0.1304
2026-07-19T10:22:27,Ds,Ds 4,115,0,0.0
2026-07-19T10:22:27,Ds,Ds 7,46,0,0.0
2026-07-19T10:22:27,Ds,Ds 7 Crossback,49,0,0.0
2026-07-19T10:22:27,Ds,Ds 9,1,0,0.0
2026-07-19T10:22:27,Fiat,500,46,16,0.3478
2026-07-19T10:22:27,Fiat,500c,7,1,0.1429
2026-07-19T10:22:27,Fiat,500l,1,0,0.0
2026-07-19T10:22:27,Fiat,500x,21,0,0.0
2026-07-19T10:22:27,Fiat,600,14,3,0.2143
2026-07-19T10:22:27,Fiat,Doblo Cargo,2,0,0.0
2026-07-19T10:22:27,Fiat,Ducato,6,0,0.0
2026-07-19T10:22:27,Fiat,Grande Panda,4,2,0.5
2026-07-19T10:22:27,Fiat,Panda,6,0,0.0
2026-07-19T10:22:27,Fiat,Punto,1,0,0.0
2026-07-19T10:22:27,Fiat,Scudo,6,1,0.1667
2026-07-19T10:22:27,Fiat,Scudo Combi,1,0,0.0
2026-07-19T10:22:27,Fiat,Talento,1,0,0.0
2026-07-19T10:22:27,Fiat,Tipo,4,0,0.0
2026-07-19T10:22:27,Fiat,Tipo Cross,2,0,0.0
2026-07-19T10:22:27,Fiat,Tipo Sw,1,0,0.0
2026-07-19T10:22:27,Ford,B-Max,3,0,0.0
2026-07-19T10:22:27,Ford,C-Max,1,0,0.0
2026-07-19T10:22:27,Ford,Capri,9,9,1.0
2026-07-19T10:22:27,Ford,Ecosport,17,0,0.0
2026-07-19T10:22:27,Ford,Edge,1,0,0.0
2026-07-19T10:22:27,Ford,Explorer,17,16,0.9412
2026-07-19T10:22:27,Ford,Fiesta,42,0,0.0
2026-07-19T10:22:27,Ford,Fiesta Active,2,0,0.0
2026-07-19T10:22:27,Ford,Focus,27,0,0.0
2026-07-19T10:22:27,Ford,Focus Active,1,0,0.0
2026-07-19T10:22:27,Ford,Focus Active Sw,1,0,0.0
2026-07-19T10:22:27,Ford,Focus Sw,1,0,0.0
2026-07-19T10:22:27,Ford,Galaxy,2,0,0.0
2026-07-19T10:22:27,Ford,Ka et plus,1,0,0.0
2026-07-19T10:22:27,Ford,Kuga,74,0,0.0
2026-07-19T10:22:27,Ford,Mondeo,1,0,0.0
2026-07-19T10:22:27,Ford,Mondeo Sw,1,0,0.0
2026-07-19T10:22:27,Ford,Mustang Mach-E,4,4,1.0
2026-07-19T10:22:27,Ford,Puma,133,15,0.1128
2026-07-19T10:22:27,Ford,Ranger,11,0,0.0
2026-07-19T10:22:27,Ford,S-Max,4,0,0.0
2026-07-19T10:22:27,Ford,Tourneo Connect,1,0,0.0
2026-07-19T10:22:27,Ford,Tourneo Courier,9,1,0.1111
2026-07-19T10:22:27,Ford,Tourneo Custom,4,0,0.0
2026-07-19T10:22:27,Ford,Transit 2t,11,1,0.0909
2026-07-19T10:22:27,Ford,Transit Connect,3,0,0.0
2026-07-19T10:22:27,Ford,Transit Courier,5,3,0.6
2026-07-19T10:22:27,Ford,Transit Custom,19,0,0.0
2026-07-19T10:22:27,Ford,Transit Custom Kombi,4,0,0.0
2026-07-19T10:22:27,Ford,Transit Custom Nugget,1,0,0.0
2026-07-19T10:22:27,Honda,Civic,1,0,0.0
2026-07-19T10:22:27,Honda,Cr-V,1,0,0.0
2026-07-19T10:22:27,Honda,Hr-V,2,0,0.0
2026-07-19T10:22:27,Honda,Jazz,2,0,0.0
2026-07-19T10:22:27,Hyundai,Bayon,5,0,0.0
2026-07-19T10:22:27,Hyundai,I10,1,0,0.0
2026-07-19T10:22:27,Hyundai,I20,32,0,0.0
2026-07-19T10:22:27,Hyundai,I30,3,0,0.0
2026-07-19T10:22:27,Hyundai,I30 Fastback,1,0,0.0
2026-07-19T10:22:27,Hyundai,I30 Sw,3,0,0.0
2026-07-19T10:22:27,Hyundai,Ioniq,1,1,1.0
2026-07-19T10:22:27,Hyundai,Ix20,2,0,0.0
2026-07-19T10:22:27,Hyundai,Kona,20,0,0.0
2026-07-19T10:22:27,Hyundai,Santa Fe,2,0,0.0
2026-07-19T10:22:27,Hyundai,Tucson,43,0,0.0
2026-07-19T10:22:27,Isuzu,D-Max,1,0,0.0
2026-07-19T10:22:27,Iveco,Daily,1,0,0.0
2026-07-20T11:40:26,Abarth,500,4,1,0.25
2026-07-20T11:40:26,Abarth,500c,1,1,1.0
2026-07-20T11:40:26,Abarth,600,1,1,1.0
2026-07-20T11:40:26,Alfa Romeo,Giulia,3,0,0.0
2026-07-20T11:40:26,Alfa Romeo,Giulietta,2,0,0.0
2026-07-20T11:40:26,Alfa Romeo,Junior,1,0,0.0
2026-07-20T11:40:26,Alfa Romeo,Stelvio,6,0,0.0
2026-07-20T11:40:26,Alfa Romeo,Tonale,8,0,0.0
2026-07-20T11:40:26,Alpine,A110,30,0,0.0
2026-07-20T11:40:26,Alpine,A290,12,12,1.0
2026-07-20T11:40:26,Alpine,A390,3,3,1.0
2026-07-20T11:40:26,Aston Martin,V8 Vantage,1,0,0.0
2026-07-20T11:40:26,Audi,A1,1,0,0.0
2026-07-20T11:40:26,Audi,A1 Allstreet,3,0,0.0
2026-07-20T11:40:26,Audi,A1 Citycarver,1,0,0.0
2026-07-20T11:40:26,Audi,A1 Sportback,56,0,0.0
2026-07-20T11:40:26,Audi,A3,1,0,0.0
2026-07-20T11:40:26,Audi,A3 Allstreet,5,0,0.0
2026-07-20T11:40:26,Audi,A3 Berline,1,0,0.0
2026-07-20T11:40:26,Audi,A3 Sportback,33,0,0.0
2026-07-20T11:40:26,Audi,A4,2,0,0.0
2026-07-20T11:40:26,Audi,A4 Allroad,1,0,0.0
2026-07-20T11:40:26,Audi,A4 Avant,2,0,0.0
2026-07-20T11:40:26,Audi,A5,4,0,0.0
2026-07-20T11:40:26,Audi,A5 Avant,8,0,0.0
2026-07-20T11:40:26,Audi,A5 Sportback,5,0,0.0
2026-07-20T11:40:26,Audi,A6,2,0,0.0
2026-07-20T11:40:26,Audi,A6 Allroad,2,0,0.0
2026-07-20T11:40:26,Audi,A6 Avant,5,0,0.0
2026-07-20T11:40:26,Audi,A6 Avant E-Tron,2,2,1.0
2026-07-20T11:40:26,Audi,A6 Sportback E-Tron,2,2,1.0
2026-07-20T11:40:26,Audi,A7 Sportback,1,0,0.0
2026-07-20T11:40:26,Audi,A8,1,0,0.0
2026-07-20T11:40:26,Audi,E-Tron Gt,1,1,1.0
2026-07-20T11:40:26,Audi,E-Tron S Sportback,1,1,1.0
2026-07-20T11:40:26,Audi,Q2,49,0,0.0
2026-07-20T11:40:26,Audi,Q3,35,0,0.0
2026-07-20T11:40:26,Audi,Q3 Sportback,25,0,0.0
2026-07-20T11:40:26,Audi,Q4 E-Tron,5,5,1.0
2026-07-20T11:40:26,Audi,Q4 Sportback E-Tron,5,5,1.0
2026-07-20T11:40:26,Audi,Q5,15,0,0.0
2026-07-20T11:40:26,Audi,Q5 Sportback,9,0,0.0
2026-07-20T11:40:26,Audi,Q6 E-Tron,4,4,1.0
2026-07-20T11:40:26,Audi,Q6 Sportback E-Tron,4,4,1.0
2026-07-20T11:40:26,Audi,Q7,1,0,0.0
2026-07-20T11:40:26,Audi,Q8,1,0,0.0
2026-07-20T11:40:26,Audi,Q8 E-Tron,1,1,1.0
2026-07-20T11:40:26,Audi,Q8 E-Tron Sportback,2,2,1.0
2026-07-20T11:40:26,Audi,R8 Spyder,1,0,0.0
2026-07-20T11:40:26,Audi,Rs Q3 Sportback,1,0,0.0
2026-07-20T11:40:26,Audi,Rs3 Sportback,1,0,0.0
2026-07-20T11:40:26,Audi,Rs4 Avant,1,0,0.0
2026-07-20T11:40:26,Audi,Rs5,1,0,0.0
2026-07-20T11:40:26,Audi,Rs6 Avant,1,0,0.0
2026-07-20T11:40:26,Audi,S3,1,0,0.0
2026-07-20T11:40:26,Audi,S3 Sportback,1,0,0.0
2026-07-20T11:40:26,Audi,S4 Avant,1,0,0.0
2026-07-20T11:40:26,Audi,S6 Avant E-Tron,2,2,1.0
2026-07-20T11:40:26,Audi,Tt,2,0,0.0
2026-07-20T11:40:26,Audi,Tt Roadster,1,0,0.0
2026-07-20T11:40:26,Bmw,I3,3,3,1.0
2026-07-20T11:40:26,Bmw,I4,31,31,1.0
2026-07-20T11:40:26,Bmw,I8,1,0,0.0
2026-07-20T11:40:26,Bmw,Ix,4,4,1.0
2026-07-20T11:40:26,Bmw,Ix3,3,3,1.0
2026-07-20T11:40:26,Bmw,M2 Coupé,3,0,0.0
2026-07-20T11:40:26,Bmw,M3 Touring,1,0,0.0
2026-07-20T11:40:26,Bmw,M4 Coupé,3,0,0.0
2026-07-20T11:40:26,Bmw,M5,1,0,0.0
2026-07-20T11:40:26,Bmw,Série 1,126,0,0.0
2026-07-20T11:40:26,Bmw,Série 2 Active Tourer,73,0,0.0
2026-07-20T11:40:26,Bmw,Série 2 Cabriolet,1,0,0.0
2026-07-20T11:40:26,Bmw,Série 2 Coupé,8,0,0.0
2026-07-20T11:40:26,Bmw,Série 2 Gran Coupé,23,0,0.0
2026-07-20T11:40:26,Bmw,Série 2 Gran Tourer,4,0,0.0
2026-07-20T11:40:26,Bmw,Série 3,13,0,0.0
2026-07-20T11:40:26,Bmw,Série 3 Gran Turismo,4,0,0.0
2026-07-20T11:40:26,Bmw,Série 3 Touring,36,0,0.0
2026-07-20T11:40:26,Bmw,Série 4 Cabriolet,6,0,0.0
2026-07-20T11:40:26,Bmw,Série 4 Coupé,13,0,0.0
2026-07-20T11:40:26,Bmw,Série 4 Gran Coupé,25,0,0.0
2026-07-20T11:40:26,Bmw,Série 5,19,6,0.3158
2026-07-20T11:40:26,Bmw,Série 5 Touring,11,2,0.1818
2026-07-20T11:40:26,Bmw,Série 6 Gran Turismo,1,0,0.0
2026-07-20T11:40:26,Bmw,Série 7,2,0,0.0
2026-07-20T11:40:26,Bmw,Série 8,1,0,0.0
2026-07-20T11:40:26,Bmw,Série 8 Gran Coupé,2,0,0.0
2026-07-20T11:40:26,Bmw,X1,142,31,0.2183
2026-07-20T11:40:26,Bmw,X2,71,7,0.0986
2026-07-20T11:40:26,Bmw,X3,74,0,0.0
2026-07-20T11:40:26,Bmw,X3 M,1,0,0.0
2026-07-20T11:40:26,Bmw,X4,8,0,0.0
2026-07-20T11:40:26,Bmw,X4 M,2,0,0.0
2026-07-20T11:40:26,Bmw,X5,32,0,0.0
2026-07-20T11:40:26,Bmw,X6,2,0,0.0
2026-07-20T11:40:26,Bmw,Xm,6,0,0.0
2026-07-20T11:40:26,Bmw,Z4 Roadster,6,0,0.0
2026-07-20T11:40:26,Byd,Atto 2,2,2,1.0
2026-07-20T11:40:26,Byd,Atto 3,1,1,1.0
2026-07-20T11:40:26,Byd,Dolphin,1,1,1.0
2026-07-20T11:40:26,Byd,Seal 6 Dm-I,1,0,0.0
2026-07-20T11:40:26,Byd,Seal 6 Dm-I Touring,2,0,0.0
2026-07-20T11:40:26,Byd,Tang,4,4,1.0
2026-07-20T11:40:26,Citroen,Ami,13,13,1.0
2026-07-20T11:40:26,Citroen,Berlingo,17,3,0.1765
2026-07-20T11:40:26,Citroen,Berlingo Van,38,0,0.0
2026-07-20T11:40:26,Citroen,C1,12,0,0.0
2026-07-20T11:40:26,Citroen,C3,760,11,0.0145
2026-07-20T11:40:26,Citroen,C3 Aircross,160,8,0.05
2026-07-20T11:40:26,Citroen,C4,130,34,0.2615
2026-07-20T11:40:26,Citroen,C4 Cactus,12,0,0.0
2026-07-20T11:40:26,Citroen,C4 Picasso,5,0,0.0
2026-07-20T11:40:26,Citroen,C4 Spacetourer,6,0,0.0
2026-07-20T11:40:26,Citroen,C4 X,8,1,0.125
2026-07-20T11:40:26,Citroen,C5,1,0,0.0
2026-07-20T11:40:26,Citroen,C5 Aircross,213,3,0.0141
2026-07-20T11:40:26,Citroen,C5 X,15,0,0.0
2026-07-20T11:40:26,Citroen,Grand C4 Picasso,1,0,0.0
2026-07-20T11:40:26,Citroen,Grand C4 Spacetourer,6,0,0.0
2026-07-20T11:40:26,Citroen,Holidays,1,0,0.0
2026-07-20T11:40:26,Citroen,Jumper,19,0,0.0
2026-07-20T11:40:26,Citroen,Jumpy,32,2,0.0625
2026-07-20T11:40:26,Citroen,Spacetourer,11,0,0.0
2026-07-20T11:40:26,Cupra,Born,2,2,1.0
2026-07-20T11:40:26,Cupra,Formentor,19,0,0.0
2026-07-20T11:40:26,Cupra,Leon,7,0,0.0
2026-07-20T11:40:26,Cupra,Leon St,2,0,0.0
2026-07-20T11:40:26,Cupra,Raval,2,2,1.0
2026-07-20T11:40:26,Cupra,Terramar,3,0,0.0
2026-07-20T11:40:26,Dacia,Bigster,44,0,0.0
2026-07-20T11:40:26,Dacia,Dokker,1,0,0.0
2026-07-20T11:40:26,Dacia,Duster,396,0,0.0
2026-07-20T11:40:26,Dacia,Jogger,134,0,0.0
2026-07-20T11:40:26,Dacia,Lodgy,7,0,0.0
2026-07-20T11:40:26,Dacia,Logan,2,0,0.0
2026-07-20T11:40:26,Dacia,Sandero,643,0,0.0
2026-07-20T11:40:26,Dacia,Spring,170,170,1.0
2026-07-20T11:40:26,Ds,4,14,6,0.4286
2026-07-20T11:40:26,Ds,8,6,6,1.0
2026-07-20T11:40:26,Ds,Ds,3,0,0.0
2026-07-20T11:40:26,Ds,Ds 3,41,11,0.2683
2026-07-20T11:40:26,Ds,Ds 3 Crossback,47,6,0.1277
2026-07-20T11:40:26,Ds,Ds 4,114,0,0.0
2026-07-20T11:40:26,Ds,Ds 7,46,0,0.0
2026-07-20T11:40:26,Ds,Ds 7 Crossback,50,0,0.0
2026-07-20T11:40:26,Ds,Ds 9,1,0,0.0
2026-07-20T11:40:26,Fiat,500,49,19,0.3878
2026-07-20T11:40:26,Fiat,500c,7,1,0.1429
2026-07-20T11:40:26,Fiat,500l,1,0,0.0
2026-07-20T11:40:26,Fiat,500x,21,0,0.0
2026-07-20T11:40:26,Fiat,600,14,3,0.2143
2026-07-20T11:40:26,Fiat,Doblo Cargo,2,0,0.0
2026-07-20T11:40:26,Fiat,Ducato,6,0,0.0
2026-07-20T11:40:26,Fiat,Grande Panda,4,2,0.5
2026-07-20T11:40:26,Fiat,Panda,6,0,0.0
2026-07-20T11:40:26,Fiat,Punto,1,0,0.0
2026-07-20T11:40:26,Fiat,Scudo,6,1,0.1667
2026-07-20T11:40:26,Fiat,Scudo Combi,1,0,0.0
2026-07-20T11:40:26,Fiat,Talento,1,0,0.0
2026-07-20T11:40:26,Fiat,Tipo,4,0,0.0
2026-07-20T11:40:26,Fiat,Tipo Cross,2,0,0.0
2026-07-20T11:40:26,Fiat,Tipo Sw,1,0,0.0
2026-07-20T11:40:26,Ford,B-Max,3,0,0.0
2026-07-20T11:40:26,Ford,C-Max,1,0,0.0
2026-07-20T11:40:26,Ford,Capri,9,9,1.0
2026-07-20T11:40:26,Ford,Ecosport,17,0,0.0
2026-07-20T11:40:26,Ford,Edge,1,0,0.0
2026-07-20T11:40:26,Ford,Explorer,18,16,0.8889
2026-07-20T11:40:26,Ford,Fiesta,43,0,0.0
2026-07-20T11:40:26,Ford,Fiesta Active,2,0,0.0
2026-07-20T11:40:26,Ford,Focus,27,0,0.0
2026-07-20T11:40:26,Ford,Focus Active,1,0,0.0
2026-07-20T11:40:26,Ford,Focus Active Sw,1,0,0.0
2026-07-20T11:40:26,Ford,Focus Sw,1,0,0.0
2026-07-20T11:40:26,Ford,Galaxy,2,0,0.0
2026-07-20T11:40:26,Ford,Ka et plus,1,0,0.0
2026-07-20T11:40:26,Ford,Kuga,75,0,0.0
2026-07-20T11:40:26,Ford,Mondeo,1,0,0.0
2026-07-20T11:40:26,Ford,Mondeo Sw,1,0,0.0
2026-07-20T11:40:26,Ford,Mustang Mach-E,4,4,1.0
2026-07-20T11:40:26,Ford,Puma,133,15,0.1128
2026-07-20T11:40:26,Ford,Ranger,11,0,0.0
2026-07-20T11:40:26,Ford,S-Max,4,0,0.0
2026-07-20T11:40:26,Ford,Tourneo Connect,1,0,0.0
2026-07-20T11:40:26,Ford,Tourneo Courier,9,1,0.1111
2026-07-20T11:40:26,Ford,Tourneo Custom,4,0,0.0
2026-07-20T11:40:26,Ford,Transit 2t,11,1,0.0909
2026-07-20T11:40:26,Ford,Transit Connect,3,0,0.0
2026-07-20T11:40:26,Ford,Transit Courier,5,3,0.6
2026-07-20T11:40:26,Ford,Transit Custom,21,0,0.0
2026-07-20T11:40:26,Ford,Transit Custom Kombi,4,0,0.0
2026-07-20T11:40:26,Ford,Transit Custom Nugget,1,0,0.0
2026-07-20T11:40:26,Honda,Civic,1,0,0.0
2026-07-20T11:40:26,Honda,Cr-V,1,0,0.0
2026-07-20T11:40:26,Honda,Hr-V,2,0,0.0
2026-07-20T11:40:26,Honda,Jazz,2,0,0.0
2026-07-20T11:40:26,Hyundai,Bayon,5,0,0.0
2026-07-20T11:40:26,Hyundai,I10,1,0,0.0
2026-07-20T11:40:26,Hyundai,I20,32,0,0.0
2026-07-20T11:40:26,Hyundai,I30,3,0,0.0
2026-07-20T11:40:26,Hyundai,I30 Fastback,1,0,0.0
2026-07-20T11:40:26,Hyundai,I30 Sw,3,0,0.0
2026-07-20T11:40:26,Hyundai,Ioniq,1,1,1.0
2026-07-20T11:40:26,Hyundai,Ix20,2,0,0.0
2026-07-20T11:40:26,Hyundai,Kona,20,0,0.0
2026-07-20T11:40:26,Hyundai,Santa Fe,2,0,0.0
2026-07-20T11:40:26,Hyundai,Tucson,43,0,0.0
2026-07-20T11:40:26,Isuzu,D-Max,1,0,0.0
2026-07-20T11:40:26,Iveco,Daily,1,0,0.0
2026-07-20T11:40:26,Jaguar,E-Pace,7,0,0.0
2026-07-20T11:40:26,Jaguar,F-Pace,4,0,0.0
2026-07-20T11:40:26,Jaguar,F-Type Cabriolet,1,0,0.0
2026-07-20T11:40:26,Jaguar,I-Pace,2,2,1.0
2026-07-20T11:40:26,Jaguar,Xe,1,0,0.0
2026-07-20T11:40:26,Skoda,Enyaq,2,2,1.0
2026-07-20T11:40:26,Skoda,Enyaq Coupé,1,1,1.0
2026-07-20T11:40:26,Skoda,Fabia,30,0,0.0
2026-07-20T11:40:26,Skoda,Fabia Combi,1,0,0.0
2026-07-20T11:40:26,Skoda,Kamiq,32,0,0.0
2026-07-20T11:40:26,Skoda,Karoq,15,0,0.0
2026-07-20T11:40:26,Skoda,Kodiaq,7,0,0.0
2026-07-20T11:40:26,Skoda,Octavia,4,0,0.0
2026-07-20T11:40:26,Skoda,Octavia Combi,7,0,0.0
2026-07-20T11:40:26,Skoda,Scala,5,0,0.0
2026-07-20T11:40:26,Skoda,Superb,1,0,0.0
2026-07-20T11:40:26,Skoda,Superb Combi,1,0,0.0
2026-07-20T11:40:26,Smart,1,1,1,1.0
2026-07-20T11:40:26,Smart,3,2,2,1.0
2026-07-20T11:40:26,Smart,5,2,2,1.0
2026-07-20T11:40:26,Smart,Fortwo Coupé,2,2,1.0
2026-07-20T11:40:26,Subaru,Impreza,1,0,0.0
2026-07-20T11:40:26,Subaru,Solterra,1,1,1.0
2026-07-20T11:40:26,Suzuki,Across,1,0,0.0
2026-07-20T11:40:26,Suzuki,E Vitara,2,2,1.0
2026-07-20T11:40:26,Suzuki,Ignis,4,0,0.0
2026-07-20T11:40:26,Suzuki,S-Cross,16,0,0.0
2026-07-20T11:40:26,Suzuki,Swift,28,0,0.0
2026-07-20T11:40:26,Suzuki,Vitara,23,1,0.0435
2026-07-20T11:40:26,Toyota,Auris,1,0,0.0
2026-07-20T11:40:26,Toyota,Auris Touring Sports,1,0,0.0
2026-07-20T11:40:26,Toyota,Aygo,19,0,0.0
2026-07-20T11:40:26,Toyota,Aygo X,85,0,0.0
2026-07-20T11:40:26,Toyota,Bz4x,3,3,1.0
2026-07-20T11:40:26,Toyota,Bz4x Touring,2,2,1.0
2026-07-20T11:40:26,Toyota,C-Hr,90,0,0.0
2026-07-20T11:40:26,Toyota,C-Hr et plus,3,3,1.0
2026-07-20T11:40:26,Toyota,Camry,1,0,0.0
2026-07-20T11:40:26,Toyota,Corolla,20,0,0.0
2026-07-20T11:40:26,Toyota,Corolla Touring Sports,15,0,0.0
2026-07-20T11:40:26,Toyota,Hilux,1,0,0.0
2026-07-20T11:40:26,Toyota,Prius,1,0,0.0
2026-07-20T11:40:26,Toyota,Prius Hybride Rechargeable,1,0,0.0
2026-07-20T11:40:26,Toyota,Prius et plus,1,0,0.0
2026-07-20T11:40:26,Toyota,Proace,6,2,0.3333
2026-07-20T11:40:26,Toyota,Proace City,2,0,0.0
2026-07-20T11:40:26,Toyota,Proace City Verso,2,0,0.0
2026-07-20T11:40:26,Toyota,Proace Max,1,0,0.0
2026-07-20T11:40:26,Toyota,Proace Verso,1,0,0.0
2026-07-20T11:40:26,Toyota,Rav4,22,0,0.0
2026-07-20T11:40:26,Toyota,Yaris,181,0,0.0
2026-07-20T11:40:26,Toyota,Yaris Cross,108,0,0.0
2026-07-21T11:00:04,Abarth,500,4,1,0.25
2026-07-21T11:00:04,Abarth,500c,1,1,1.0
2026-07-21T11:00:04,Abarth,600,1,1,1.0
2026-07-21T11:00:04,Alfa Romeo,Giulia,3,0,0.0
2026-07-21T11:00:04,Alfa Romeo,Giulietta,2,0,0.0
2026-07-21T11:00:04,Alfa Romeo,Junior,1,0,0.0
2026-07-21T11:00:04,Alfa Romeo,Stelvio,5,0,0.0
2026-07-21T11:00:04,Alfa Romeo,Tonale,8,0,0.0
2026-07-21T11:00:04,Alpine,A110,30,0,0.0
2026-07-21T11:00:04,Alpine,A290,12,12,1.0
2026-07-21T11:00:04,Alpine,A390,3,3,1.0
2026-07-21T11:00:04,Aston Martin,V8 Vantage,1,0,0.0
2026-07-21T11:00:04,Audi,A1 Allstreet,3,0,0.0
2026-07-21T11:00:04,Audi,A1 Citycarver,1,0,0.0
2026-07-21T11:00:04,Audi,A1 Sportback,57,0,0.0
2026-07-21T11:00:04,Audi,A3,1,0,0.0
2026-07-21T11:00:04,Audi,A3 Allstreet,5,0,0.0
2026-07-21T11:00:04,Audi,A3 Berline,1,0,0.0
2026-07-21T11:00:04,Audi,A3 Sportback,35,0,0.0
2026-07-21T11:00:04,Audi,A4,2,0,0.0
2026-07-21T11:00:04,Audi,A4 Allroad,1,0,0.0
2026-07-21T11:00:04,Audi,A4 Avant,2,0,0.0
2026-07-21T11:00:04,Audi,A5,4,0,0.0
2026-07-21T11:00:04,Audi,A5 Avant,8,0,0.0
2026-07-21T11:00:04,Audi,A5 Sportback,5,0,0.0
2026-07-21T11:00:04,Audi,A6,2,0,0.0
2026-07-21T11:00:04,Audi,A6 Allroad,2,0,0.0
2026-07-21T11:00:04,Audi,A6 Avant,5,0,0.0
2026-07-21T11:00:04,Audi,A6 Avant E-Tron,2,2,1.0
2026-07-21T11:00:04,Audi,A6 Sportback E-Tron,2,2,1.0
2026-07-21T11:00:04,Audi,A7 Sportback,1,0,0.0
2026-07-21T11:00:04,Audi,A8,1,0,0.0
2026-07-21T11:00:04,Audi,E-Tron Gt,1,1,1.0
2026-07-21T11:00:04,Audi,E-Tron S Sportback,1,1,1.0
2026-07-21T11:00:04,Audi,Q2,50,0,0.0
2026-07-21T11:00:04,Audi,Q3,35,0,0.0
2026-07-21T11:00:04,Audi,Q3 Sportback,24,0,0.0
2026-07-21T11:00:04,Audi,Q4 E-Tron,5,5,1.0
2026-07-21T11:00:04,Audi,Q4 Sportback E-Tron,5,5,1.0
2026-07-21T11:00:04,Audi,Q5,16,0,0.0
2026-07-21T11:00:04,Audi,Q5 Sportback,9,0,0.0
2026-07-21T11:00:04,Audi,Q6 E-Tron,4,4,1.0
2026-07-21T11:00:04,Audi,Q6 Sportback E-Tron,4,4,1.0
2026-07-21T11:00:04,Audi,Q7,1,0,0.0
2026-07-21T11:00:04,Audi,Q8,1,0,0.0
2026-07-21T11:00:04,Audi,Q8 E-Tron,1,1,1.0
2026-07-21T11:00:04,Audi,Q8 E-Tron Sportback,1,1,1.0
2026-07-21T11:00:04,Audi,R8 Spyder,1,0,0.0
2026-07-21T11:00:04,Audi,Rs Q3 Sportback,1,0,0.0
2026-07-21T11:00:04,Audi,Rs3 Sportback,1,0,0.0
2026-07-21T11:00:04,Audi,Rs4 Avant,1,0,0.0
2026-07-21T11:00:04,Audi,Rs5,1,0,0.0
2026-07-21T11:00:04,Audi,Rs6 Avant,1,0,0.0
2026-07-21T11:00:04,Audi,S3,1,0,0.0
2026-07-21T11:00:04,Audi,S3 Sportback,1,0,0.0
2026-07-21T11:00:04,Audi,S4 Avant,1,0,0.0
2026-07-21T11:00:04,Audi,S6 Avant E-Tron,2,2,1.0
2026-07-21T11:00:04,Audi,Tt,2,0,0.0
2026-07-21T11:00:04,Audi,Tt Roadster,1,0,0.0
2026-07-21T11:00:04,Bmw,I3,3,3,1.0
2026-07-21T11:00:04,Bmw,I4,31,31,1.0
2026-07-21T11:00:04,Bmw,I8,1,0,0.0
2026-07-21T11:00:04,Bmw,Ix,4,4,1.0
2026-07-21T11:00:04,Bmw,Ix3,3,3,1.0
2026-07-21T11:00:04,Bmw,M2 Coupé,3,0,0.0
2026-07-21T11:00:04,Bmw,M3 Touring,1,0,0.0
2026-07-21T11:00:04,Bmw,M4 Coupé,3,0,0.0
2026-07-21T11:00:04,Bmw,M5,1,0,0.0
2026-07-21T11:00:04,Bmw,Série 1,129,0,0.0
2026-07-21T11:00:04,Bmw,Série 2 Active Tourer,73,0,0.0
2026-07-21T11:00:04,Bmw,Série 2 Cabriolet,1,0,0.0
2026-07-21T11:00:04,Bmw,Série 2 Coupé,8,0,0.0
2026-07-21T11:00:04,Bmw,Série 2 Gran Coupé,21,0,0.0
2026-07-21T11:00:04,Bmw,Série 2 Gran Tourer,4,0,0.0
2026-07-21T11:00:04,Bmw,Série 3,14,0,0.0
2026-07-21T11:00:04,Bmw,Série 3 Gran Turismo,4,0,0.0
2026-07-21T11:00:04,Bmw,Série 3 Touring,35,0,0.0
2026-07-21T11:00:04,Bmw,Série 4 Cabriolet,6,0,0.0
2026-07-21T11:00:04,Bmw,Série 4 Coupé,13,0,0.0
2026-07-21T11:00:04,Bmw,Série 4 Gran Coupé,26,0,0.0
2026-07-21T11:00:04,Bmw,Série 5,19,6,0.3158
2026-07-21T11:00:04,Bmw,Série 5 Touring,11,2,0.1818
2026-07-21T11:00:04,Bmw,Série 6 Gran Turismo,1,0,0.0
2026-07-21T11:00:04,Bmw,Série 7,2,0,0.0
2026-07-21T11:00:04,Bmw,Série 8,1,0,0.0
2026-07-21T11:00:04,Bmw,Série 8 Gran Coupé,2,0,0.0
2026-07-21T11:00:04,Bmw,X1,144,31,0.2153
2026-07-21T11:00:04,Bmw,X2,72,7,0.0972
2026-07-21T11:00:04,Bmw,X3,73,0,0.0
2026-07-21T11:00:04,Bmw,X3 M,1,0,0.0
2026-07-21T11:00:04,Bmw,X4,8,0,0.0
2026-07-21T11:00:04,Bmw,X4 M,2,0,0.0
2026-07-21T11:00:04,Bmw,X5,33,0,0.0
2026-07-21T11:00:04,Bmw,X6,2,0,0.0
2026-07-21T11:00:04,Bmw,Xm,6,0,0.0
2026-07-21T11:00:04,Bmw,Z4 Roadster,6,0,0.0
2026-07-21T11:00:04,Byd,Atto 2,2,2,1.0
2026-07-21T11:00:04,Byd,Atto 3,1,1,1.0
2026-07-21T11:00:04,Byd,Dolphin,1,1,1.0
2026-07-21T11:00:04,Byd,Seal 6 Dm-I,1,0,0.0
2026-07-21T11:00:04,Byd,Seal 6 Dm-I Touring,2,0,0.0
2026-07-21T11:00:04,Byd,Tang,4,4,1.0
2026-07-21T11:00:04,Citroen,Ami,14,14,1.0
2026-07-21T11:00:04,Citroen,Berlingo,17,3,0.1765
2026-07-21T11:00:04,Citroen,Berlingo Van,38,0,0.0
2026-07-21T11:00:04,Citroen,C1,12,0,0.0
2026-07-21T11:00:04,Citroen,C3,750,11,0.0147
2026-07-21T11:00:04,Citroen,C3 Aircross,160,8,0.05
2026-07-21T11:00:04,Citroen,C4,130,34,0.2615
2026-07-21T11:00:04,Citroen,C4 Cactus,13,0,0.0
2026-07-21T11:00:04,Citroen,C4 Picasso,5,0,0.0
2026-07-21T11:00:04,Citroen,C4 Spacetourer,5,0,0.0
2026-07-21T11:00:04,Citroen,C4 X,8,1,0.125
2026-07-21T11:00:04,Citroen,C5,1,0,0.0
2026-07-21T11:00:04,Citroen,C5 Aircross,213,3,0.0141
2026-07-21T11:00:04,Citroen,C5 X,14,0,0.0
2026-07-21T11:00:04,Citroen,Grand C4 Picasso,1,0,0.0
2026-07-21T11:00:04,Citroen,Grand C4 Spacetourer,6,0,0.0
2026-07-21T11:00:04,Citroen,Holidays,1,0,0.0
2026-07-21T11:00:04,Citroen,Jumper,18,0,0.0
2026-07-21T11:00:04,Citroen,Jumpy,32,1,0.0312
2026-07-21T11:00:04,Citroen,Spacetourer,12,0,0.0
2026-07-21T11:00:04,Cupra,Born,2,2,1.0
2026-07-21T11:00:04,Cupra,Formentor,19,0,0.0
2026-07-21T11:00:04,Cupra,Leon,7,0,0.0
2026-07-21T11:00:04,Cupra,Leon St,2,0,0.0
2026-07-21T11:00:04,Cupra,Raval,2,2,1.0
2026-07-21T11:00:04,Cupra,Terramar,3,0,0.0
2026-07-21T11:00:04,Dacia,Bigster,43,0,0.0
2026-07-21T11:00:04,Dacia,Dokker,1,0,0.0
2026-07-21T11:00:04,Dacia,Duster,390,0,0.0
2026-07-21T11:00:04,Dacia,Jogger,129,0,0.0
2026-07-21T11:00:04,Dacia,Lodgy,8,0,0.0
2026-07-21T11:00:04,Dacia,Logan,2,0,0.0
2026-07-21T11:00:04,Dacia,Sandero,639,1,0.0016
2026-07-21T11:00:04,Dacia,Spring,170,169,0.9941
2026-07-21T11:00:04,Ds,4,14,6,0.4286
2026-07-21T11:00:04,Ds,8,6,6,1.0
2026-07-21T11:00:04,Ds,Ds,3,0,0.0
2026-07-21T11:00:04,Ds,Ds 3,40,11,0.275
2026-07-21T11:00:04,Ds,Ds 3 Crossback,46,6,0.1304
2026-07-21T11:00:04,Ds,Ds 4,113,0,0.0
2026-07-21T11:00:04,Ds,Ds 7,45,0,0.0
2026-07-21T11:00:04,Ds,Ds 7 Crossback,51,0,0.0
2026-07-21T11:00:04,Ds,Ds 9,1,0,0.0
2026-07-21T11:00:04,Fiat,500,48,19,0.3958
2026-07-21T11:00:04,Fiat,500c,7,1,0.1429
2026-07-21T11:00:04,Fiat,500l,1,0,0.0
2026-07-21T11:00:04,Fiat,500x,21,0,0.0
2026-07-21T11:00:04,Fiat,600,14,3,0.2143
2026-07-21T11:00:04,Fiat,Doblo Cargo,2,0,0.0
2026-07-21T11:00:04,Fiat,Ducato,5,0,0.0
2026-07-21T11:00:04,Fiat,Grande Panda,4,2,0.5
2026-07-21T11:00:04,Fiat,Panda,6,0,0.0
2026-07-21T11:00:04,Fiat,Punto,1,0,0.0
2026-07-21T11:00:04,Fiat,Scudo,6,1,0.1667
2026-07-21T11:00:04,Fiat,Scudo Combi,1,0,0.0
2026-07-21T11:00:04,Fiat,Talento,1,0,0.0
2026-07-21T11:00:04,Fiat,Tipo,4,0,0.0
2026-07-21T11:00:04,Fiat,Tipo Cross,2,0,0.0
2026-07-21T11:00:04,Fiat,Tipo Sw,1,0,0.0
2026-07-21T11:00:04,Ford,B-Max,3,0,0.0
2026-07-21T11:00:04,Ford,C-Max,1,0,0.0
2026-07-21T11:00:04,Ford,Capri,9,9,1.0
2026-07-21T11:00:04,Ford,Ecosport,17,0,0.0
2026-07-21T11:00:04,Ford,Edge,1,0,0.0
2026-07-21T11:00:04,Ford,Explorer,19,17,0.8947
2026-07-21T11:00:04,Ford,Fiesta,43,0,0.0
2026-07-21T11:00:04,Ford,Fiesta Active,2,0,0.0
2026-07-21T11:00:04,Ford,Focus,27,0,0.0
2026-07-21T11:00:04,Ford,Focus Active,1,0,0.0
2026-07-21T11:00:04,Ford,Focus Active Sw,1,0,0.0
2026-07-21T11:00:04,Ford,Focus Sw,1,0,0.0
2026-07-21T11:00:04,Ford,Galaxy,2,0,0.0
2026-07-21T11:00:04,Ford,Ka et plus,1,0,0.0
2026-07-21T11:00:04,Ford,Kuga,77,0,0.0
2026-07-21T11:00:04,Ford,Mondeo,1,0,0.0
2026-07-21T11:00:04,Ford,Mondeo Sw,1,0,0.0
2026-07-21T11:00:04,Ford,Mustang Mach-E,4,4,1.0
2026-07-21T11:00:04,Ford,Puma,133,14,0.1053
2026-07-21T11:00:04,Ford,Ranger,10,0,0.0
2026-07-21T11:00:04,Ford,S-Max,4,0,0.0
2026-07-21T11:00:04,Ford,Tourneo Connect,1,0,0.0
2026-07-21T11:00:04,Ford,Tourneo Courier,9,1,0.1111
2026-07-21T11:00:04,Ford,Tourneo Custom,4,0,0.0
2026-07-21T11:00:04,Ford,Transit 2t,11,1,0.0909
2026-07-21T11:00:04,Ford,Transit Connect,3,0,0.0
2026-07-21T11:00:04,Ford,Transit Courier,3,3,1.0
2026-07-21T11:00:04,Ford,Transit Custom,20,0,0.0
2026-07-21T11:00:04,Ford,Transit Custom Kombi,4,0,0.0
2026-07-21T11:00:04,Ford,Transit Custom Nugget,1,0,0.0
2026-07-21T11:00:04,Honda,Civic,1,0,0.0
2026-07-21T11:00:04,Honda,Cr-V,1,0,0.0
2026-07-21T11:00:04,Honda,Hr-V,2,0,0.0
2026-07-21T11:00:04,Honda,Jazz,2,0,0.0
2026-07-21T11:00:04,Honda,Ny1,1,1,1.0
2026-07-21T11:00:04,Volkswagen,3,13,13,1.0
2026-07-21T11:00:04,Volkswagen,4,8,8,1.0
2026-07-21T11:00:04,Volkswagen,5,5,5,1.0
2026-07-21T11:00:04,Volkswagen,7,1,1,1.0
2026-07-21T11:00:04,Volkswagen,Arteon,3,0,0.0
2026-07-21T11:00:04,Volkswagen,Buzz,4,4,1.0
2026-07-21T11:00:04,Volkswagen,Caddy,2,0,0.0
2026-07-21T11:00:04,Volkswagen,Caddy Cargo,2,0,0.0
2026-07-21T11:00:04,Volkswagen,Caddy Maxi,1,0,0.0
2026-07-21T11:00:04,Volkswagen,Caddy Van,2,0,0.0
2026-07-21T11:00:04,Volkswagen,Caravelle,4,2,0.5
2026-07-21T11:00:04,Volkswagen,Crafter,3,0,0.0
2026-07-21T11:00:04,Volkswagen,Golf,55,0,0.0
2026-07-21T11:00:04,Volkswagen,Golf Sportsvan,1,0,0.0
2026-07-21T11:00:04,Volkswagen,Golf Sw,5,0,0.0
2026-07-21T11:00:04,Volkswagen,Passat Sw,6,0,0.0
2026-07-21T11:00:04,Volkswagen,Polo,113,0,0.0
2026-07-21T11:00:04,Volkswagen,T-Cross,55,0,0.0
2026-07-21T11:00:04,Volkswagen,T-Roc,119,0,0.0
2026-07-21T11:00:04,Volkswagen,T-Roc Cabriolet,8,0,0.0
2026-07-21T11:00:04,Volkswagen,Taigo,44,0,0.0
2026-07-21T11:00:04,Volkswagen,Tayron,1,0,0.0
2026-07-21T11:00:04,Volkswagen,Tiguan,73,0,0.0
2026-07-21T11:00:04,Volkswagen,Tiguan Allspace,1,0,0.0
2026-07-21T11:00:04,Volkswagen,Touran,5,0,0.0
2026-07-21T11:00:04,Volkswagen,Transporter,12,1,0.0833
2026-07-21T11:00:04,Volvo,C40,3,3,1.0
2026-07-21T11:00:04,Volvo,Ec40,7,7,1.0
2026-07-21T11:00:04,Volvo,Es90,3,3,1.0
2026-07-21T11:00:04,Volvo,Ex30,14,14,1.0
2026-07-21T11:00:04,Volvo,Ex30 Cross Country,4,4,1.0
2026-07-21T11:00:04,Volvo,Ex40,9,9,1.0
2026-07-21T11:00:04,Volvo,Ex90,2,2,1.0
2026-07-21T11:00:04,Volvo,S60,2,0,0.0
2026-07-21T11:00:04,Volvo,S90,1,0,0.0
2026-07-21T11:00:04,Volvo,V60,15,0,0.0
2026-07-21T11:00:04,Volvo,Xc40,45,9,0.2
2026-07-21T11:00:04,Volvo,Xc60,45,0,0.0
2026-07-21T11:00:04,Volvo,Xc90,6,0,0.0
2026-07-22T11:02:19,Abarth,500,4,1,0.25
2026-07-22T11:02:19,Abarth,500c,1,1,1.0
2026-07-22T11:02:19,Abarth,600,1,1,1.0
2026-07-22T11:02:19,Alfa Romeo,Giulia,3,0,0.0
2026-07-22T11:02:19,Alfa Romeo,Giulietta,2,0,0.0
2026-07-22T11:02:19,Alfa Romeo,Junior,1,0,0.0
2026-07-22T11:02:19,Alfa Romeo,Stelvio,6,0,0.0
2026-07-22T11:02:19,Alfa Romeo,Tonale,8,0,0.0
2026-07-22T11:02:19,Alpine,A110,30,0,0.0
2026-07-22T11:02:19,Alpine,A290,12,12,1.0
2026-07-22T11:02:19,Alpine,A390,3,3,1.0
2026-07-22T11:02:19,Aston Martin,V8 Vantage,1,0,0.0
2026-07-22T11:02:19,Audi,A1 Allstreet,3,0,0.0
2026-07-22T11:02:19,Audi,A1 Citycarver,1,0,0.0
2026-07-22T11:02:19,Audi,A1 Sportback,56,0,0.0
2026-07-22T11:02:19,Audi,A3,2,0,0.0
2026-07-22T11:02:19,Audi,A3 Allstreet,5,0,0.0
2026-07-22T11:02:19,Audi,A3 Berline,1,0,0.0
2026-07-22T11:02:19,Audi,A3 Sportback,34,0,0.0
2026-07-22T11:02:19,Audi,A4,2,0,0.0
2026-07-22T11:02:19,Audi,A4 Allroad,1,0,0.0
2026-07-22T11:02:19,Audi,A4 Avant,3,0,0.0
2026-07-22T11:02:19,Audi,A5,4,0,0.0
2026-07-22T11:02:19,Audi,A5 Avant,8,0,0.0
2026-07-22T11:02:19,Audi,A5 Sportback,5,0,0.0
2026-07-22T11:02:19,Audi,A6,2,0,0.0
2026-07-22T11:02:19,Audi,A6 Allroad,2,0,0.0
2026-07-22T11:02:19,Audi,A6 Avant,6,0,0.0
2026-07-22T11:02:19,Audi,A6 Avant E-Tron,2,2,1.0
2026-07-22T11:02:19,Audi,A6 Sportback E-Tron,2,2,1.0
2026-07-22T11:02:19,Audi,A7 Sportback,1,0,0.0
2026-07-22T11:02:19,Audi,A8,1,0,0.0
2026-07-22T11:02:19,Audi,E-Tron Gt,1,1,1.0
2026-07-22T11:02:19,Audi,E-Tron S Sportback,2,2,1.0
2026-07-22T11:02:19,Audi,Q2,50,0,0.0
2026-07-22T11:02:19,Audi,Q3,36,0,0.0
2026-07-22T11:02:19,Audi,Q3 Sportback,24,0,0.0
2026-07-22T11:02:19,Audi,Q4 E-Tron,4,4,1.0
2026-07-22T11:02:19,Audi,Q4 Sportback E-Tron,5,5,1.0
2026-07-22T11:02:19,Audi,Q5,17,0,0.0
2026-07-22T11:02:19,Audi,Q5 Sportback,9,0,0.0
2026-07-22T11:02:19,Audi,Q6 E-Tron,4,4,1.0
2026-07-22T11:02:19,Audi,Q6 Sportback E-Tron,4,4,1.0
2026-07-22T11:02:19,Audi,Q7,1,0,0.0
2026-07-22T11:02:19,Audi,Q8,1,0,0.0
2026-07-22T11:02:19,Audi,Q8 E-Tron,1,1,1.0
2026-07-22T11:02:19,Audi,Q8 E-Tron Sportback,1,1,1.0
2026-07-22T11:02:19,Audi,R8 Spyder,1,0,0.0
2026-07-22T11:02:19,Audi,Rs Q3 Sportback,1,0,0.0
2026-07-22T11:02:19,Audi,Rs3 Sportback,1,0,0.0
2026-07-22T11:02:19,Audi,Rs4 Avant,1,0,0.0
2026-07-22T11:02:19,Audi,Rs5,1,0,0.0
2026-07-22T11:02:19,Audi,Rs6 Avant,1,0,0.0
2026-07-22T11:02:19,Audi,S3,1,0,0.0
2026-07-22T11:02:19,Audi,S3 Sportback,1,0,0.0
2026-07-22T11:02:19,Audi,S4 Avant,1,0,0.0
2026-07-22T11:02:19,Audi,S6 Avant E-Tron,2,2,1.0
2026-07-22T11:02:19,Audi,Tt,2,0,0.0
2026-07-22T11:02:19,Audi,Tt Roadster,1,0,0.0
2026-07-22T11:02:19,Bmw,I3,3,3,1.0
2026-07-22T11:02:19,Bmw,I4,33,33,1.0
2026-07-22T11:02:19,Bmw,I8,1,0,0.0
2026-07-22T11:02:19,Bmw,Ix,4,4,1.0
2026-07-22T11:02:19,Bmw,Ix3,4,4,1.0
2026-07-22T11:02:19,Bmw,M2 Coupé,3,0,0.0
2026-07-22T11:02:19,Bmw,M4 Coupé,3,0,0.0
2026-07-22T11:02:19,Bmw,M5,1,0,0.0
2026-07-22T11:02:19,Bmw,Série 1,133,0,0.0
2026-07-22T11:02:19,Bmw,Série 2 Active Tourer,74,0,0.0
2026-07-22T11:02:19,Bmw,Série 2 Cabriolet,1,0,0.0
2026-07-22T11:02:19,Bmw,Série 2 Coupé,8,0,0.0
2026-07-22T11:02:19,Bmw,Série 2 Gran Coupé,23,0,0.0
2026-07-22T11:02:19,Bmw,Série 2 Gran Tourer,4,0,0.0
2026-07-22T11:02:19,Bmw,Série 3,13,0,0.0
2026-07-22T11:02:19,Bmw,Série 3 Gran Turismo,4,0,0.0
2026-07-22T11:02:19,Bmw,Série 3 Touring,37,0,0.0
2026-07-22T11:02:19,Bmw,Série 4 Cabriolet,7,0,0.0
2026-07-22T11:02:19,Bmw,Série 4 Coupé,13,0,0.0
2026-07-22T11:02:19,Bmw,Série 4 Gran Coupé,26,0,0.0
2026-07-22T11:02:19,Bmw,Série 5,20,6,0.3
2026-07-22T11:02:19,Bmw,Série 5 Touring,12,2,0.1667
2026-07-22T11:02:19,Bmw,Série 7,2,0,0.0
2026-07-22T11:02:19,Bmw,Série 8,1,0,0.0
2026-07-22T11:02:19,Bmw,Série 8 Gran Coupé,2,0,0.0
2026-07-22T11:02:19,Bmw,X1,151,30,0.1987
2026-07-22T11:02:19,Bmw,X2,72,7,0.0972
2026-07-22T11:02:19,Bmw,X3,76,0,0.0
2026-07-22T11:02:19,Bmw,X3 M,1,0,0.0
2026-07-22T11:02:19,Bmw,X4,8,0,0.0
2026-07-22T11:02:19,Bmw,X4 M,2,0,0.0
2026-07-22T11:02:19,Bmw,X5,33,0,0.0
2026-07-22T11:02:19,Bmw,X6,2,0,0.0
2026-07-22T11:02:19,Bmw,Xm,6,0,0.0
2026-07-22T11:02:19,Bmw,Z4 Roadster,6,0,0.0
2026-07-22T11:02:19,Byd,Atto 2,2,2,1.0
2026-07-22T11:02:19,Byd,Atto 3,1,1,1.0
2026-07-22T11:02:19,Byd,Dolphin,1,1,1.0
2026-07-22T11:02:19,Byd,Seal 6 Dm-I,1,0,0.0
2026-07-22T11:02:19,Byd,Seal 6 Dm-I Touring,2,0,0.0
2026-07-22T11:02:19,Byd,Tang,4,4,1.0
2026-07-22T11:02:19,Citroen,Ami,13,13,1.0
2026-07-22T11:02:19,Citroen,Berlingo,17,3,0.1765
2026-07-22T11:02:19,Citroen,Berlingo Van,39,0,0.0
2026-07-22T11:02:19,Citroen,C1,12,0,0.0
2026-07-22T11:02:19,Citroen,C3,753,12,0.0159
2026-07-22T11:02:19,Citroen,C3 Aircross,166,8,0.0482
2026-07-22T11:02:19,Citroen,C4,132,33,0.25
2026-07-22T11:02:19,Citroen,C4 Cactus,13,0,0.0
2026-07-22T11:02:19,Citroen,C4 Picasso,5,0,0.0
2026-07-22T11:02:19,Citroen,C4 Spacetourer,5,0,0.0
2026-07-22T11:02:19,Citroen,C4 X,7,1,0.1429
2026-07-22T11:02:19,Citroen,C5 Aircross,216,3,0.0139
2026-07-22T11:02:19,Citroen,C5 X,13,0,0.0
2026-07-22T11:02:19,Citroen,Grand C4 Picasso,1,0,0.0
2026-07-22T11:02:19,Citroen,Grand C4 Spacetourer,6,0,0.0
2026-07-22T11:02:19,Citroen,Holidays,1,0,0.0
2026-07-22T11:02:19,Citroen,Jumper,18,0,0.0
2026-07-22T11:02:19,Citroen,Jumpy,32,1,0.0312
2026-07-22T11:02:19,Citroen,Spacetourer,12,0,0.0
2026-07-22T11:02:19,Cupra,Born,2,2,1.0
2026-07-22T11:02:19,Cupra,Formentor,19,0,0.0
2026-07-22T11:02:19,Cupra,Leon,7,0,0.0
2026-07-22T11:02:19,Cupra,Leon St,2,0,0.0
2026-07-22T11:02:19,Cupra,Raval,2,2,1.0
2026-07-22T11:02:19,Cupra,Terramar,3,0,0.0
2026-07-22T11:02:19,Dacia,Bigster,44,0,0.0
2026-07-22T11:02:19,Dacia,Dokker,2,0,0.0
2026-07-22T11:02:19,Dacia,Duster,392,0,0.0
2026-07-22T11:02:19,Dacia,Jogger,132,0,0.0
2026-07-22T11:02:19,Dacia,Lodgy,9,0,0.0
2026-07-22T11:02:19,Dacia,Logan,2,0,0.0
2026-07-22T11:02:19,Dacia,Sandero,652,1,0.0015
2026-07-22T11:02:19,Dacia,Spring,177,176,0.9944
2026-07-22T11:02:19,Ds,4,14,6,0.4286
2026-07-22T11:02:19,Ds,8,6,6,1.0
2026-07-22T11:02:19,Ds,Ds,3,0,0.0
2026-07-22T11:02:19,Ds,Ds 3,42,11,0.2619
2026-07-22T11:02:19,Ds,Ds 3 Crossback,47,6,0.1277
2026-07-22T11:02:19,Ds,Ds 4,115,0,0.0
2026-07-22T11:02:19,Ds,Ds 7,46,0,0.0
2026-07-22T11:02:19,Ds,Ds 7 Crossback,52,0,0.0
2026-07-22T11:02:19,Ds,Ds 9,1,0,0.0
2026-07-22T11:02:19,Fiat,500,43,17,0.3953
2026-07-22T11:02:19,Fiat,500c,7,1,0.1429
2026-07-22T11:02:19,Fiat,500l,1,0,0.0
2026-07-22T11:02:19,Fiat,500x,21,0,0.0
2026-07-22T11:02:19,Fiat,600,14,3,0.2143
2026-07-22T11:02:19,Fiat,Doblo Cargo,2,0,0.0
2026-07-22T11:02:19,Fiat,Ducato,5,0,0.0
2026-07-22T11:02:19,Fiat,Grande Panda,4,2,0.5
2026-07-22T11:02:19,Fiat,Panda,5,0,0.0
2026-07-22T11:02:19,Fiat,Punto,1,0,0.0
2026-07-22T11:02:19,Fiat,Scudo,6,1,0.1667
2026-07-22T11:02:19,Fiat,Scudo Combi,1,0,0.0
2026-07-22T11:02:19,Fiat,Talento,1,0,0.0
2026-07-22T11:02:19,Fiat,Tipo,4,0,0.0
2026-07-22T11:02:19,Fiat,Tipo Cross,2,0,0.0
2026-07-22T11:02:19,Fiat,Tipo Sw,1,0,0.0
2026-07-22T11:02:19,Ford,B-Max,3,0,0.0
2026-07-22T11:02:19,Ford,C-Max,1,0,0.0
2026-07-22T11:02:19,Ford,Capri,10,10,1.0
2026-07-22T11:02:19,Ford,Ecosport,17,0,0.0
2026-07-22T11:02:19,Ford,Explorer,19,17,0.8947
2026-07-22T11:02:19,Ford,Fiesta,44,0,0.0
2026-07-22T11:02:19,Ford,Fiesta Active,2,0,0.0
2026-07-22T11:02:19,Ford,Focus,27,0,0.0
2026-07-22T11:02:19,Ford,Focus Active,1,0,0.0
2026-07-22T11:02:19,Ford,Focus Active Sw,1,0,0.0
2026-07-22T11:02:19,Ford,Focus Sw,1,0,0.0
2026-07-22T11:02:19,Ford,Galaxy,2,0,0.0
2026-07-22T11:02:19,Ford,Ka et plus,1,0,0.0
2026-07-22T11:02:19,Ford,Kuga,77,0,0.0
2026-07-22T11:02:19,Ford,Mondeo,1,0,0.0
2026-07-22T11:02:19,Ford,Mondeo Sw,2,0,0.0
2026-07-22T11:02:19,Ford,Mustang Mach-E,5,5,1.0
2026-07-22T11:02:19,Ford,Puma,131,15,0.1145
2026-07-22T11:02:19,Ford,Ranger,11,0,0.0
2026-07-22T11:02:19,Ford,S-Max,4,0,0.0
2026-07-22T11:02:19,Ford,Tourneo Connect,1,0,0.0
2026-07-22T11:02:19,Ford,Tourneo Courier,9,1,0.1111
2026-07-22T11:02:19,Ford,Tourneo Custom,4,0,0.0
2026-07-22T11:02:19,Ford,Transit 2t,11,1,0.0909
2026-07-22T11:02:19,Ford,Transit Connect,3,0,0.0
2026-07-22T11:02:19,Ford,Transit Courier,3,3,1.0
2026-07-22T11:02:19,Ford,Transit Custom,21,0,0.0
2026-07-22T11:02:19,Ford,Transit Custom Kombi,4,0,0.0
2026-07-22T11:02:19,Ford,Transit Custom Nugget,1,0,0.0
2026-07-22T11:02:19,Honda,Hr-V,2,0,0.0
2026-07-22T11:02:19,Honda,Jazz,2,0,0.0
2026-07-22T11:02:19,Honda,Ny1,1,1,1.0
2026-07-22T11:02:19,Hyundai,Bayon,5,0,0.0
2026-07-22T11:02:19,Hyundai,I10,1,0,0.0
2026-07-22T11:02:19,Hyundai,I20,33,0,0.0
2026-07-22T11:02:19,Hyundai,I30,2,0,0.0
2026-07-22T11:02:19,Hyundai,I30 Fastback,1,0,0.0
2026-07-22T11:02:19,Hyundai,I30 Sw,3,0,0.0
2026-07-22T11:02:19,Hyundai,Ioniq,1,1,1.0
2026-07-22T11:02:19,Hyundai,Ix20,2,0,0.0
2026-07-22T11:02:19,Hyundai,Kona,22,0,0.0
2026-07-22T11:02:19,Hyundai,Santa Fe,2,0,0.0
2026-07-22T11:02:19,Hyundai,Tucson,41,0,0.0
2026-07-22T11:02:19,Isuzu,D-Max,1,0,0.0
2026-07-22T11:02:19,Iveco,Daily,2,0,0.0
2026-07-22T11:02:19,Jaecoo,5,3,0,0.0
2026-07-22T11:02:19,Jaecoo,7,1,0,0.0
2026-07-22T11:02:19,Jaguar,E-Pace,7,0,0.0
2026-07-22T11:02:19,Jaguar,F-Pace,4,0,0.0
2026-07-22T11:02:19,Jaguar,F-Type Cabriolet,1,0,0.0
2026-07-22T11:02:19,Jaguar,I-Pace,2,2,1.0
2026-07-22T11:02:19,Jaguar,Xe,1,0,0.0
2026-07-22T11:02:19,Seat,Arona,38,0,0.0
2026-07-22T11:02:19,Seat,Ateca,27,0,0.0
2026-07-22T11:02:19,Seat,Ibiza,32,0,0.0
2026-07-22T11:02:19,Seat,Leon,18,0,0.0
2026-07-22T11:02:19,Seat,Leon St,3,0,0.0
2026-07-22T11:02:19,Seat,Tarraco,1,0,0.0
2026-07-22T11:02:19,Skoda,Enyaq,2,2,1.0
2026-07-22T11:02:19,Skoda,Enyaq Coupé,1,1,1.0
2026-07-22T11:02:19,Skoda,Fabia,30,0,0.0
2026-07-22T11:02:19,Skoda,Fabia Combi,1,0,0.0
2026-07-22T11:02:19,Skoda,Kamiq,30,0,0.0
2026-07-22T11:02:19,Skoda,Karoq,15,0,0.0
2026-07-22T11:02:19,Skoda,Kodiaq,7,0,0.0
2026-07-22T11:02:19,Skoda,Octavia,4,0,0.0
2026-07-22T11:02:19,Skoda,Octavia Combi,7,0,0.0
2026-07-22T11:02:19,Skoda,Scala,5,0,0.0
2026-07-22T11:02:19,Skoda,Superb,1,0,0.0
2026-07-22T11:02:19,Skoda,Superb Combi,1,0,0.0
2026-07-22T11:02:19,Smart,1,1,1,1.0
2026-07-22T11:02:19,Smart,3,2,2,1.0
2026-07-22T11:02:19,Smart,5,2,2,1.0
2026-07-22T11:02:19,Smart,Fortwo Coupé,2,2,1.0
2026-07-22T11:02:19,Subaru,Impreza,1,0,0.0
2026-07-22T11:02:19,Suzuki,Across,1,0,0.0
2026-07-22T11:02:19,Suzuki,E Vitara,2,2,1.0
2026-07-22T11:02:19,Suzuki,Ignis,5,0,0.0
2026-07-22T11:02:19,Suzuki,S-Cross,18,0,0.0
2026-07-22T11:02:19,Suzuki,Swift,27,0,0.0
2026-07-22T11:02:19,Suzuki,Vitara,23,1,0.0435
2026-07-22T11:02:19,Toyota,Auris,1,0,0.0
2026-07-22T11:02:19,Toyota,Auris Touring Sports,1,0,0.0
2026-07-22T11:02:19,Toyota,Aygo,16,0,0.0
2026-07-22T11:02:19,Toyota,Aygo X,82,0,0.0
2026-07-22T11:02:19,Toyota,Bz4x,3,3,1.0
2026-07-22T11:02:19,Toyota,Bz4x Touring,2,2,1.0
2026-07-22T11:02:19,Toyota,C-Hr,86,0,0.0
2026-07-22T11:02:19,Toyota,C-Hr et plus,3,3,1.0
2026-07-22T11:02:19,Toyota,Camry,1,0,0.0
2026-07-22T11:02:19,Toyota,Corolla,20,0,0.0
2026-07-22T11:02:19,Toyota,Corolla Touring Sports,15,0,0.0
2026-07-22T11:02:19,Toyota,Hilux,1,0,0.0
2026-07-22T11:02:19,Toyota,Prius,1,0,0.0
2026-07-22T11:02:19,Toyota,Prius Hybride Rechargeable,1,0,0.0
2026-07-22T11:02:19,Toyota,Prius et plus,1,0,0.0
2026-07-22T11:02:19,Toyota,Proace,5,2,0.4
2026-07-22T11:02:19,Toyota,Proace City,2,0,0.0
2026-07-22T11:02:19,Toyota,Proace City Verso,2,0,0.0
2026-07-22T11:02:19,Toyota,Proace Max,1,0,0.0
2026-07-22T11:02:19,Toyota,Proace Verso,1,0,0.0
2026-07-22T11:02:19,Toyota,Rav4,22,0,0.0
2026-07-22T11:02:19,Toyota,Yaris,178,0,0.0
2026-07-22T11:02:19,Toyota,Yaris Cross,109,0,0.0
2026-07-22T11:02:19,Volkswagen,3,13,13,1.0
2026-07-22T11:02:19,Volkswagen,4,10,10,1.0
2026-07-22T11:02:19,Volkswagen,5,5,5,1.0
2026-07-22T11:02:19,Volkswagen,7,1,1,1.0
2026-07-22T11:02:19,Volkswagen,Arteon,4,0,0.0
2026-07-22T11:02:19,Volkswagen,Buzz,4,4,1.0
2026-07-22T11:02:19,Volkswagen,Caddy,2,0,0.0
2026-07-22T11:02:19,Volkswagen,Caddy Cargo,3,0,0.0
2026-07-22T11:02:19,Volkswagen,Caddy Maxi,1,0,0.0
2026-07-22T11:02:19,Volkswagen,Caddy Van,2,0,0.0
2026-07-22T11:02:19,Volkswagen,Caravelle,4,2,0.5
2026-07-22T11:02:19,Volkswagen,Coccinelle,1,0,0.0
2026-07-22T11:02:19,Volkswagen,Crafter,3,0,0.0
2026-07-22T11:02:19,Volkswagen,Golf,53,0,0.0
2026-07-22T11:02:19,Volkswagen,Golf Sportsvan,1,0,0.0
2026-07-22T11:02:19,Volkswagen,Golf Sw,5,0,0.0
2026-07-22T11:02:19,Volkswagen,Multivan,1,0,0.0
2026-07-22T11:02:19,Volkswagen,Passat Sw,6,0,0.0
2026-07-22T11:02:19,Volkswagen,Polo,116,0,0.0
2026-07-22T11:02:19,Volkswagen,T-Cross,57,0,0.0
2026-07-22T11:02:19,Volkswagen,T-Roc,123,0,0.0
2026-07-22T11:02:19,Volkswagen,T-Roc Cabriolet,9,0,0.0
2026-07-22T11:02:19,Volkswagen,Taigo,48,0,0.0
2026-07-22T11:02:19,Volkswagen,Tayron,1,0,0.0
2026-07-22T11:02:19,Volkswagen,Tiguan,71,0,0.0
2026-07-22T11:02:19,Volkswagen,Tiguan Allspace,1,0,0.0
2026-07-22T11:02:19,Volkswagen,Touran,5,0,0.0
2026-07-22T11:02:19,Volkswagen,Transporter,13,1,0.0769
2026-07-22T11:02:19,Volvo,C40,3,3,1.0
2026-07-22T11:02:19,Volvo,Ec40,7,7,1.0
2026-07-22T11:02:19,Volvo,Es90,3,3,1.0
2026-07-22T11:02:19,Volvo,Ex30,14,14,1.0
2026-07-22T11:02:19,Volvo,Ex30 Cross Country,4,4,1.0
2026-07-22T11:02:19,Volvo,Ex40,9,9,1.0
2026-07-22T11:02:19,Volvo,Ex90,2,2,1.0
2026-07-22T11:02:19,Volvo,S60,2,0,0.0
2026-07-22T11:02:19,Volvo,S90,1,0,0.0
2026-07-22T11:02:19,Volvo,V60,15,0,0.0
2026-07-22T11:02:19,Volvo,Xc40,45,9,0.2
2026-07-22T11:02:19,Volvo,Xc60,45,0,0.0
2026-07-22T11:02:19,Volvo,Xc90,6,0,0.0
2026-07-23T11:04:26,Abarth,500,4,1,0.25
2026-07-23T11:04:26,Abarth,500c,1,1,1.0
2026-07-23T11:04:26,Abarth,600,1,1,1.0
2026-07-23T11:04:26,Alfa Romeo,Giulia,3,0,0.0
2026-07-23T11:04:26,Alfa Romeo,Giulietta,2,0,0.0
2026-07-23T11:04:26,Alfa Romeo,Junior,1,0,0.0
2026-07-23T11:04:26,Alfa Romeo,Stelvio,6,0,0.0
2026-07-23T11:04:26,Alfa Romeo,Tonale,8,0,0.0
2026-07-23T11:04:26,Alpine,A110,30,0,0.0
2026-07-23T11:04:26,Alpine,A290,13,13,1.0
2026-07-23T11:04:26,Alpine,A390,3,3,1.0
2026-07-23T11:04:26,Aston Martin,V8 Vantage,1,0,0.0
2026-07-23T11:04:26,Audi,A1 Allstreet,3,0,0.0
2026-07-23T11:04:26,Audi,A1 Citycarver,1,0,0.0
2026-07-23T11:04:26,Audi,A1 Sportback,62,0,0.0
2026-07-23T11:04:26,Audi,A3,2,0,0.0
2026-07-23T11:04:26,Audi,A3 Allstreet,5,0,0.0
2026-07-23T11:04:26,Audi,A3 Berline,1,0,0.0
2026-07-23T11:04:26,Audi,A3 Sportback,36,0,0.0
2026-07-23T11:04:26,Audi,A4,2,0,0.0
2026-07-23T11:04:26,Audi,A4 Allroad,1,0,0.0
2026-07-23T11:04:26,Audi,A4 Avant,3,0,0.0
2026-07-23T11:04:26,Audi,A5,4,0,0.0
2026-07-23T11:04:26,Audi,A5 Avant,8,0,0.0
2026-07-23T11:04:26,Audi,A5 Sportback,5,0,0.0
2026-07-23T11:04:26,Audi,A6,2,0,0.0
2026-07-23T11:04:26,Audi,A6 Allroad,2,0,0.0
2026-07-23T11:04:26,Audi,A6 Avant,6,0,0.0
2026-07-23T11:04:26,Audi,A6 Avant E-Tron,2,2,1.0
2026-07-23T11:04:26,Audi,A6 Sportback E-Tron,2,2,1.0
2026-07-23T11:04:26,Audi,A7 Sportback,1,0,0.0
2026-07-23T11:04:26,Audi,A8,1,0,0.0
2026-07-23T11:04:26,Audi,E-Tron Gt,1,1,1.0
2026-07-23T11:04:26,Audi,E-Tron S Sportback,2,2,1.0
2026-07-23T11:04:26,Audi,Q2,51,0,0.0
2026-07-23T11:04:26,Audi,Q3,37,0,0.0
2026-07-23T11:04:26,Audi,Q3 Sportback,24,0,0.0
2026-07-23T11:04:26,Audi,Q4 E-Tron,4,4,1.0
2026-07-23T11:04:26,Audi,Q4 Sportback E-Tron,5,5,1.0
2026-07-23T11:04:26,Audi,Q5,18,0,0.0
2026-07-23T11:04:26,Audi,Q5 Sportback,9,0,0.0
2026-07-23T11:04:26,Audi,Q6 E-Tron,3,3,1.0
2026-07-23T11:04:26,Audi,Q6 Sportback E-Tron,4,4,1.0
2026-07-23T11:04:26,Audi,Q8,2,0,0.0
2026-07-23T11:04:26,Audi,Q8 E-Tron,1,1,1.0
2026-07-23T11:04:26,Audi,Q8 E-Tron Sportback,1,1,1.0
2026-07-23T11:04:26,Audi,R8 Spyder,1,0,0.0
2026-07-23T11:04:26,Audi,Rs Q3 Sportback,1,0,0.0
2026-07-23T11:04:26,Audi,Rs3 Sportback,1,0,0.0
2026-07-23T11:04:26,Audi,Rs4 Avant,1,0,0.0
2026-07-23T11:04:26,Audi,Rs5,1,0,0.0
2026-07-23T11:04:26,Audi,Rs6 Avant,1,0,0.0
2026-07-23T11:04:26,Audi,S3,1,0,0.0
2026-07-23T11:04:26,Audi,S3 Sportback,1,0,0.0
2026-07-23T11:04:26,Audi,S4 Avant,1,0,0.0
2026-07-23T11:04:26,Audi,S6 Avant E-Tron,2,2,1.0
2026-07-23T11:04:26,Audi,Tt,2,0,0.0
2026-07-23T11:04:26,Audi,Tt Roadster,1,0,0.0
2026-07-23T11:04:26,Bmw,I3,3,3,1.0
2026-07-23T11:04:26,Bmw,I4,34,34,1.0
2026-07-23T11:04:26,Bmw,I8,1,0,0.0
2026-07-23T11:04:26,Bmw,Ix,4,4,1.0
2026-07-23T11:04:26,Bmw,Ix3,4,4,1.0
2026-07-23T11:04:26,Bmw,M2 Coupé,3,0,0.0
2026-07-23T11:04:26,Bmw,M4 Coupé,2,0,0.0
2026-07-23T11:04:26,Bmw,M5,1,0,0.0
2026-07-23T11:04:26,Bmw,Série 1,135,0,0.0
2026-07-23T11:04:26,Bmw,Série 2 Active Tourer,74,0,0.0
2026-07-23T11:04:26,Bmw,Série 2 Cabriolet,1,0,0.0
2026-07-23T11:04:26,Bmw,Série 2 Coupé,8,0,0.0
2026-07-23T11:04:26,Bmw,Série 2 Gran Coupé,24,0,0.0
2026-07-23T11:04:26,Bmw,Série 2 Gran Tourer,4,0,0.0
2026-07-23T11:04:26,Bmw,Série 3,13,0,0.0
2026-07-23T11:04:26,Bmw,Série 3 Gran Turismo,4,0,0.0
2026-07-23T11:04:26,Bmw,Série 3 Touring,39,0,0.0
2026-07-23T11:04:26,Bmw,Série 4 Cabriolet,7,0,0.0
2026-07-23T11:04:26,Bmw,Série 4 Coupé,14,0,0.0
2026-07-23T11:04:26,Bmw,Série 4 Gran Coupé,27,0,0.0
2026-07-23T11:04:26,Bmw,Série 5,21,6,0.2857
2026-07-23T11:04:26,Bmw,Série 5 Touring,11,2,0.1818
2026-07-23T11:04:26,Bmw,Série 7,2,0,0.0
2026-07-23T11:04:26,Bmw,Série 8,1,0,0.0
2026-07-23T11:04:26,Bmw,Série 8 Gran Coupé,2,0,0.0
2026-07-23T11:04:26,Bmw,X1,156,30,0.1923
2026-07-23T11:04:26,Bmw,X2,73,7,0.0959
2026-07-23T11:04:26,Bmw,X3,75,0,0.0
2026-07-23T11:04:26,Bmw,X3 M,1,0,0.0
2026-07-23T11:04:26,Bmw,X4,9,0,0.0
2026-07-23T11:04:26,Bmw,X4 M,2,0,0.0
2026-07-23T11:04:26,Bmw,X5,34,0,0.0
2026-07-23T11:04:26,Bmw,X6,2,0,0.0
2026-07-23T11:04:26,Bmw,Xm,6,0,0.0
2026-07-23T11:04:26,Bmw,Z4 Roadster,7,0,0.0
2026-07-23T11:04:26,Byd,Atto 2,2,2,1.0
2026-07-23T11:04:26,Byd,Atto 3,1,1,1.0
2026-07-23T11:04:26,Byd,Dolphin,1,1,1.0
2026-07-23T11:04:26,Byd,Seal 6 Dm-I,1,0,0.0
2026-07-23T11:04:26,Byd,Seal 6 Dm-I Touring,2,0,0.0
2026-07-23T11:04:26,Byd,Tang,4,4,1.0
2026-07-23T11:04:26,Citroen,Ami,13,13,1.0
2026-07-23T11:04:26,Citroen,Berlingo,16,3,0.1875
2026-07-23T11:04:26,Citroen,Berlingo Van,38,0,0.0
2026-07-23T11:04:26,Citroen,C1,13,0,0.0
2026-07-23T11:04:26,Citroen,C3,755,12,0.0159
2026-07-23T11:04:26,Citroen,C3 Aircross,169,8,0.0473
2026-07-23T11:04:26,Citroen,C4,132,33,0.25
2026-07-23T11:04:26,Citroen,C4 Cactus,13,0,0.0
2026-07-23T11:04:26,Citroen,C4 Picasso,5,0,0.0
2026-07-23T11:04:26,Citroen,C4 Spacetourer,5,0,0.0
2026-07-23T11:04:26,Citroen,C4 X,7,1,0.1429
2026-07-23T11:04:26,Citroen,C5 Aircross,216,3,0.0139
2026-07-23T11:04:26,Citroen,C5 X,14,0,0.0
2026-07-23T11:04:26,Citroen,Grand C4 Picasso,1,0,0.0
2026-07-23T11:04:26,Citroen,Grand C4 Spacetourer,6,0,0.0
2026-07-23T11:04:26,Citroen,Holidays,1,0,0.0
2026-07-23T11:04:26,Citroen,Jumper,18,0,0.0
2026-07-23T11:04:26,Citroen,Jumpy,33,1,0.0303
2026-07-23T11:04:26,Citroen,Spacetourer,12,0,0.0
2026-07-23T11:04:26,Cupra,Born,2,2,1.0
2026-07-23T11:04:26,Cupra,Formentor,19,0,0.0
2026-07-23T11:04:26,Cupra,Leon,8,0,0.0
2026-07-23T11:04:26,Cupra,Leon St,2,0,0.0
2026-07-23T11:04:26,Cupra,Raval,2,2,1.0
2026-07-23T11:04:26,Cupra,Terramar,3,0,0.0
2026-07-23T11:04:26,Dacia,Bigster,43,0,0.0
2026-07-23T11:04:26,Dacia,Dokker,2,0,0.0
2026-07-23T11:04:26,Dacia,Duster,403,0,0.0
2026-07-23T11:04:26,Dacia,Jogger,139,0,0.0
2026-07-23T11:04:26,Dacia,Lodgy,10,0,0.0
2026-07-23T11:04:26,Dacia,Logan,2,0,0.0
2026-07-23T11:04:26,Dacia,Sandero,667,0,0.0
2026-07-23T11:04:26,Dacia,Spring,192,192,1.0
2026-07-23T11:04:26,Ds,4,14,6,0.4286
2026-07-23T11:04:26,Ds,8,6,6,1.0
2026-07-23T11:04:26,Ds,Ds,3,0,0.0
2026-07-23T11:04:26,Ds,Ds 3,44,11,0.25
2026-07-23T11:04:26,Ds,Ds 3 Crossback,47,6,0.1277
2026-07-23T11:04:26,Ds,Ds 4,116,0,0.0
2026-07-23T11:04:26,Ds,Ds 7,48,0,0.0
2026-07-23T11:04:26,Ds,Ds 7 Crossback,52,0,0.0
2026-07-23T11:04:26,Ds,Ds 9,1,0,0.0
2026-07-23T11:04:26,Fiat,500,46,19,0.413
2026-07-23T11:04:26,Fiat,500c,8,2,0.25
2026-07-23T11:04:26,Fiat,500l,1,0,0.0
2026-07-23T11:04:26,Fiat,500x,24,0,0.0
2026-07-23T11:04:26,Fiat,600,14,3,0.2143
2026-07-23T11:04:26,Fiat,Doblo Cargo,2,0,0.0
2026-07-23T11:04:26,Fiat,Ducato,4,0,0.0
2026-07-23T11:04:26,Fiat,Grande Panda,4,2,0.5
2026-07-23T11:04:26,Fiat,Panda,4,0,0.0
2026-07-23T11:04:26,Fiat,Punto,1,0,0.0
2026-07-23T11:04:26,Fiat,Scudo,6,1,0.1667
2026-07-23T11:04:26,Fiat,Scudo Combi,1,0,0.0
2026-07-23T11:04:26,Fiat,Talento,1,0,0.0
2026-07-23T11:04:26,Fiat,Tipo,4,0,0.0
2026-07-23T11:04:26,Fiat,Tipo Cross,2,0,0.0
2026-07-23T11:04:26,Fiat,Tipo Sw,1,0,0.0
2026-07-23T11:04:26,Ford,B-Max,4,0,0.0
2026-07-23T11:04:26,Ford,C-Max,1,0,0.0
2026-07-23T11:04:26,Ford,Capri,10,10,1.0
2026-07-23T11:04:26,Ford,Ecosport,17,0,0.0
2026-07-23T11:04:26,Ford,Explorer,19,17,0.8947
2026-07-23T11:04:26,Ford,Fiesta,44,0,0.0
2026-07-23T11:04:26,Ford,Fiesta Active,2,0,0.0
2026-07-23T11:04:26,Ford,Focus,28,0,0.0
2026-07-23T11:04:26,Ford,Focus Active,1,0,0.0
2026-07-23T11:04:26,Ford,Focus Active Sw,1,0,0.0
2026-07-23T11:04:26,Ford,Focus Sw,1,0,0.0
2026-07-23T11:04:26,Ford,Galaxy,2,0,0.0
2026-07-23T11:04:26,Ford,Grand Tourneo Connect,1,0,0.0
2026-07-23T11:04:26,Ford,Ka et plus,1,0,0.0
2026-07-23T11:04:26,Ford,Kuga,80,0,0.0
2026-07-23T11:04:26,Ford,Mondeo,1,0,0.0
2026-07-23T11:04:26,Ford,Mondeo Sw,2,0,0.0
2026-07-23T11:04:26,Ford,Mustang Mach-E,5,5,1.0
2026-07-23T11:04:26,Ford,Puma,132,15,0.1136
2026-07-23T11:04:26,Ford,Ranger,11,0,0.0
2026-07-23T11:04:26,Ford,S-Max,4,0,0.0
2026-07-23T11:04:26,Ford,Tourneo Connect,1,0,0.0
2026-07-23T11:04:26,Ford,Tourneo Courier,9,1,0.1111
2026-07-23T11:04:26,Ford,Tourneo Custom,4,0,0.0
2026-07-23T11:04:26,Ford,Transit 2t,11,1,0.0909
2026-07-23T11:04:26,Ford,Transit Connect,3,0,0.0
2026-07-23T11:04:26,Ford,Transit Courier,3,3,1.0
2026-07-23T11:04:26,Ford,Transit Custom,22,0,0.0
2026-07-23T11:04:26,Ford,Transit Custom Kombi,4,0,0.0
2026-07-23T11:04:26,Ford,Transit Custom Nugget,1,0,0.0
2026-07-23T11:04:26,Honda,Hr-V,3,0,0.0
2026-07-23T11:04:26,Honda,Jazz,2,0,0.0
2026-07-23T11:04:26,Honda,Ny1,1,1,1.0
2026-07-23T11:04:26,Hyundai,Bayon,5,0,0.0
2026-07-23T11:04:26,Hyundai,I10,1,0,0.0
2026-07-23T11:04:26,Hyundai,I20,33,0,0.0
2026-07-23T11:04:26,Hyundai,I30,2,0,0.0
2026-07-23T11:04:26,Hyundai,I30 Fastback,1,0,0.0
2026-07-23T11:04:26,Hyundai,I30 Sw,4,0,0.0
2026-07-23T11:04:26,Hyundai,Ioniq,1,1,1.0
2026-07-23T11:04:26,Hyundai,Ix20,1,0,0.0
2026-07-23T11:04:26,Hyundai,Kona,21,0,0.0
2026-07-23T11:04:26,Hyundai,Santa Fe,2,0,0.0
2026-07-23T11:04:26,Hyundai,Tucson,41,0,0.0
2026-07-23T11:04:26,Isuzu,D-Max,1,0,0.0
2026-07-23T11:04:26,Iveco,Daily,3,0,0.0
2026-07-23T11:04:26,Jaecoo,5,3,0,0.0
2026-07-23T11:04:26,Jaecoo,7,1,0,0.0
2026-07-24T10:57:35,Abarth,500,4,1,0.25
2026-07-24T10:57:35,Abarth,500c,1,1,1.0
2026-07-24T10:57:35,Abarth,600,1,1,1.0
2026-07-24T10:57:35,Alfa Romeo,Giulia,3,0,0.0
2026-07-24T10:57:35,Alfa Romeo,Giulietta,2,0,0.0
2026-07-24T10:57:35,Alfa Romeo,Junior,1,0,0.0
2026-07-24T10:57:35,Alfa Romeo,Stelvio,6,0,0.0
2026-07-24T10:57:35,Alfa Romeo,Tonale,8,0,0.0
2026-07-24T10:57:35,Alpine,A110,30,0,0.0
2026-07-24T10:57:35,Alpine,A290,13,13,1.0
2026-07-24T10:57:35,Alpine,A390,3,3,1.0
2026-07-24T10:57:35,Aston Martin,V8 Vantage,1,0,0.0
2026-07-24T10:57:35,Audi,A1 Allstreet,3,0,0.0
2026-07-24T10:57:35,Audi,A1 Citycarver,1,0,0.0
2026-07-24T10:57:35,Audi,A1 Sportback,62,0,0.0
2026-07-24T10:57:35,Audi,A3,2,0,0.0
2026-07-24T10:57:35,Audi,A3 Allstreet,5,0,0.0
2026-07-24T10:57:35,Audi,A3 Berline,1,0,0.0
2026-07-24T10:57:35,Audi,A3 Sportback,36,0,0.0
2026-07-24T10:57:35,Audi,A4,2,0,0.0
2026-07-24T10:57:35,Audi,A4 Allroad,1,0,0.0
2026-07-24T10:57:35,Audi,A4 Avant,3,0,0.0
2026-07-24T10:57:35,Audi,A5,4,0,0.0
2026-07-24T10:57:35,Audi,A5 Avant,8,0,0.0
2026-07-24T10:57:35,Audi,A5 Sportback,5,0,0.0
2026-07-24T10:57:35,Audi,A6,2,0,0.0
2026-07-24T10:57:35,Audi,A6 Allroad,2,0,0.0
2026-07-24T10:57:35,Audi,A6 Avant,6,0,0.0
2026-07-24T10:57:35,Audi,A6 Avant E-Tron,2,2,1.0
2026-07-24T10:57:35,Audi,A6 Sportback E-Tron,2,2,1.0
2026-07-24T10:57:35,Audi,A7 Sportback,1,0,0.0
2026-07-24T10:57:35,Audi,A8,1,0,0.0
2026-07-24T10:57:35,Audi,E-Tron Gt,1,1,1.0
2026-07-24T10:57:35,Audi,E-Tron S Sportback,2,2,1.0
2026-07-24T10:57:35,Audi,Q2,52,0,0.0
2026-07-24T10:57:35,Audi,Q3,38,0,0.0
2026-07-24T10:57:35,Audi,Q3 Sportback,25,0,0.0
2026-07-24T10:57:35,Audi,Q4 E-Tron,4,4,1.0
2026-07-24T10:57:35,Audi,Q4 Sportback E-Tron,5,5,1.0
2026-07-24T10:57:35,Audi,Q5,19,0,0.0
2026-07-24T10:57:35,Audi,Q5 Sportback,9,0,0.0
2026-07-24T10:57:35,Audi,Q6 E-Tron,4,4,1.0
2026-07-24T10:57:35,Audi,Q6 Sportback E-Tron,4,4,1.0
2026-07-24T10:57:35,Audi,Q8,2,0,0.0
2026-07-24T10:57:35,Audi,Q8 E-Tron,1,1,1.0
2026-07-24T10:57:35,Audi,Q8 E-Tron Sportback,1,1,1.0
2026-07-24T10:57:35,Audi,R8 Spyder,1,0,0.0
2026-07-24T10:57:35,Audi,Rs Q3 Sportback,1,0,0.0
2026-07-24T10:57:35,Audi,Rs3 Sportback,1,0,0.0
2026-07-24T10:57:35,Audi,Rs4 Avant,1,0,0.0
2026-07-24T10:57:35,Audi,Rs5,1,0,0.0
2026-07-24T10:57:35,Audi,Rs6 Avant,1,0,0.0
2026-07-24T10:57:35,Audi,S3,1,0,0.0
2026-07-24T10:57:35,Audi,S3 Sportback,1,0,0.0
2026-07-24T10:57:35,Audi,S4 Avant,1,0,0.0
2026-07-24T10:57:35,Audi,S6 Avant E-Tron,2,2,1.0
2026-07-24T10:57:35,Audi,Tt,2,0,0.0
2026-07-24T10:57:35,Audi,Tt Roadster,1,0,0.0
2026-07-24T10:57:35,Bmw,I3,5,5,1.0
2026-07-24T10:57:35,Bmw,I4,33,33,1.0
2026-07-24T10:57:35,Bmw,I8,1,0,0.0
2026-07-24T10:57:35,Bmw,Ix,5,5,1.0
2026-07-24T10:57:35,Bmw,Ix3,3,3,1.0
2026-07-24T10:57:35,Bmw,M2 Coupé,3,0,0.0
2026-07-24T10:57:35,Bmw,M4 Coupé,2,0,0.0
2026-07-24T10:57:35,Bmw,M5,1,0,0.0
2026-07-24T10:57:35,Bmw,Série 1,133,0,0.0
2026-07-24T10:57:35,Bmw,Série 2 Active Tourer,73,0,0.0
2026-07-24T10:57:35,Bmw,Série 2 Cabriolet,1,0,0.0
2026-07-24T10:57:35,Bmw,Série 2 Coupé,8,0,0.0
2026-07-24T10:57:35,Bmw,Série 2 Gran Coupé,24,0,0.0
2026-07-24T10:57:35,Bmw,Série 2 Gran Tourer,4,0,0.0
2026-07-24T10:57:35,Bmw,Série 3,13,0,0.0
2026-07-24T10:57:35,Bmw,Série 3 Gran Turismo,4,0,0.0
2026-07-24T10:57:35,Bmw,Série 3 Touring,39,0,0.0
2026-07-24T10:57:35,Bmw,Série 4 Cabriolet,6,0,0.0
2026-07-24T10:57:35,Bmw,Série 4 Coupé,14,0,0.0
2026-07-24T10:57:35,Bmw,Série 4 Gran Coupé,27,0,0.0
2026-07-24T10:57:35,Bmw,Série 5,21,6,0.2857
2026-07-24T10:57:35,Bmw,Série 5 Touring,11,2,0.1818
2026-07-24T10:57:35,Bmw,Série 7,2,0,0.0
2026-07-24T10:57:35,Bmw,Série 8,1,0,0.0
2026-07-24T10:57:35,Bmw,Série 8 Gran Coupé,2,0,0.0
2026-07-24T10:57:35,Bmw,X1,156,30,0.1923
2026-07-24T10:57:35,Bmw,X2,75,7,0.0933
2026-07-24T10:57:35,Bmw,X3,76,0,0.0
2026-07-24T10:57:35,Bmw,X3 M,1,0,0.0
2026-07-24T10:57:35,Bmw,X4,9,0,0.0
2026-07-24T10:57:35,Bmw,X4 M,2,0,0.0
2026-07-24T10:57:35,Bmw,X5,33,0,0.0
2026-07-24T10:57:35,Bmw,X6,2,0,0.0
2026-07-24T10:57:35,Bmw,Xm,6,0,0.0
2026-07-24T10:57:35,Bmw,Z4 Roadster,7,0,0.0
2026-07-24T10:57:35,Byd,Atto 2,2,2,1.0
2026-07-24T10:57:35,Byd,Atto 3,1,1,1.0
2026-07-24T10:57:35,Byd,Dolphin,1,1,1.0
2026-07-24T10:57:35,Byd,Seal 6 Dm-I,1,0,0.0
2026-07-24T10:57:35,Byd,Seal 6 Dm-I Touring,2,0,0.0
2026-07-24T10:57:35,Byd,Tang,4,4,1.0
2026-07-24T10:57:35,Citroen,Ami,12,12,1.0
2026-07-24T10:57:35,Citroen,Berlingo,19,3,0.1579
2026-07-24T10:57:35,Citroen,Berlingo Van,38,0,0.0
2026-07-24T10:57:35,Citroen,C1,14,0,0.0
2026-07-24T10:57:35,Citroen,C3,754,11,0.0146
2026-07-24T10:57:35,Citroen,C3 Aircross,173,8,0.0462
2026-07-24T10:57:35,Citroen,C4,134,32,0.2388
2026-07-24T10:57:35,Citroen,C4 Cactus,14,0,0.0
2026-07-24T10:57:35,Citroen,C4 Picasso,5,0,0.0
2026-07-24T10:57:35,Citroen,C4 Spacetourer,6,0,0.0
2026-07-24T10:57:35,Citroen,C4 X,7,1,0.1429
2026-07-24T10:57:35,Citroen,C5,1,0,0.0
2026-07-24T10:57:35,Citroen,C5 Aircross,218,3,0.0138
2026-07-24T10:57:35,Citroen,C5 X,13,0,0.0
2026-07-24T10:57:35,Citroen,Grand C4 Picasso,1,0,0.0
2026-07-24T10:57:35,Citroen,Grand C4 Spacetourer,6,0,0.0
2026-07-24T10:57:35,Citroen,Holidays,1,0,0.0
2026-07-24T10:57:35,Citroen,Jumper,18,0,0.0
2026-07-24T10:57:35,Citroen,Jumpy,33,1,0.0303
2026-07-24T10:57:35,Citroen,Spacetourer,12,0,0.0
2026-07-24T10:57:35,Cupra,Born,2,2,1.0
2026-07-24T10:57:35,Cupra,Formentor,19,0,0.0
2026-07-24T10:57:35,Cupra,Leon,8,0,0.0
2026-07-24T10:57:35,Cupra,Leon St,2,0,0.0
2026-07-24T10:57:35,Cupra,Raval,2,2,1.0
2026-07-24T10:57:35,Cupra,Terramar,3,0,0.0
2026-07-24T10:57:35,Dacia,Bigster,42,0,0.0
2026-07-24T10:57:35,Dacia,Dokker,2,0,0.0
2026-07-24T10:57:35,Dacia,Duster,396,0,0.0
2026-07-24T10:57:35,Dacia,Jogger,140,0,0.0
2026-07-24T10:57:35,Dacia,Lodgy,11,0,0.0
2026-07-24T10:57:35,Dacia,Logan,2,0,0.0
2026-07-24T10:57:35,Dacia,Sandero,667,0,0.0
2026-07-24T10:57:35,Dacia,Spring,193,193,1.0
2026-07-24T10:57:35,Ds,4,14,6,0.4286
2026-07-24T10:57:35,Ds,8,6,6,1.0
2026-07-24T10:57:35,Ds,Ds,3,0,0.0
2026-07-24T10:57:35,Ds,Ds 3,44,11,0.25
2026-07-24T10:57:35,Ds,Ds 3 Crossback,47,6,0.1277
2026-07-24T10:57:35,Ds,Ds 4,118,0,0.0
2026-07-24T10:57:35,Ds,Ds 7,49,0,0.0
2026-07-24T10:57:35,Ds,Ds 7 Crossback,52,0,0.0
2026-07-24T10:57:35,Ds,Ds 9,1,0,0.0
2026-07-24T10:57:35,Fiat,500,43,19,0.4419
2026-07-24T10:57:35,Fiat,500c,8,2,0.25
2026-07-24T10:57:35,Fiat,500l,1,0,0.0
2026-07-24T10:57:35,Fiat,500x,24,0,0.0
2026-07-24T10:57:35,Fiat,600,13,2,0.1538
2026-07-24T10:57:35,Fiat,Doblo Cargo,2,0,0.0
2026-07-24T10:57:35,Fiat,Ducato,4,0,0.0
2026-07-24T10:57:35,Fiat,Grande Panda,4,2,0.5
2026-07-24T10:57:35,Fiat,Panda,4,0,0.0
2026-07-24T10:57:35,Fiat,Punto,1,0,0.0
2026-07-24T10:57:35,Fiat,Scudo,6,1,0.1667
2026-07-24T10:57:35,Fiat,Scudo Combi,1,0,0.0
2026-07-24T10:57:35,Fiat,Talento,1,0,0.0
2026-07-24T10:57:35,Fiat,Tipo,4,0,0.0
2026-07-24T10:57:35,Fiat,Tipo Cross,2,0,0.0
2026-07-24T10:57:35,Ford,B-Max,4,0,0.0
2026-07-24T10:57:35,Ford,C-Max,1,0,0.0
2026-07-24T10:57:35,Ford,Capri,10,10,1.0
2026-07-24T10:57:35,Ford,Ecosport,16,0,0.0
2026-07-24T10:57:35,Ford,Explorer,18,16,0.8889
2026-07-24T10:57:35,Ford,Fiesta,44,0,0.0
2026-07-24T10:57:35,Ford,Fiesta Active,2,0,0.0
2026-07-24T10:57:35,Ford,Focus,27,0,0.0
2026-07-24T10:57:35,Ford,Focus Active,1,0,0.0
2026-07-24T10:57:35,Ford,Focus Active Sw,1,0,0.0
2026-07-24T10:57:35,Ford,Galaxy,2,0,0.0
2026-07-24T10:57:35,Ford,Grand Tourneo Connect,1,0,0.0
2026-07-24T10:57:35,Ford,Ka et plus,1,0,0.0
2026-07-24T10:57:35,Ford,Kuga,79,0,0.0
2026-07-24T10:57:35,Ford,Mondeo,1,0,0.0
2026-07-24T10:57:35,Ford,Mondeo Sw,1,0,0.0
2026-07-24T10:57:35,Ford,Mustang Mach-E,5,5,1.0
2026-07-24T10:57:35,Ford,Puma,139,15,0.1079
2026-07-24T10:57:35,Ford,Ranger,11,0,0.0
2026-07-24T10:57:35,Ford,S-Max,4,0,0.0
2026-07-24T10:57:35,Ford,Tourneo Connect,1,0,0.0
2026-07-24T10:57:35,Ford,Tourneo Courier,9,1,0.1111
2026-07-24T10:57:35,Ford,Tourneo Custom,4,0,0.0
2026-07-24T10:57:35,Ford,Transit 2t,11,1,0.0909
2026-07-24T10:57:35,Ford,Transit Connect,3,0,0.0
2026-07-24T10:57:35,Ford,Transit Courier,3,3,1.0
2026-07-24T10:57:35,Ford,Transit Custom,20,0,0.0
2026-07-24T10:57:35,Ford,Transit Custom Kombi,4,0,0.0
2026-07-24T10:57:35,Ford,Transit Custom Nugget,1,0,0.0
2026-07-24T10:57:35,Honda,Cr-V,1,0,0.0
2026-07-24T10:57:35,Honda,Hr-V,3,0,0.0
2026-07-24T10:57:35,Honda,Jazz,2,0,0.0
2026-07-24T10:57:35,Honda,Ny1,1,1,1.0
2026-07-24T10:57:35,Hyundai,Bayon,5,0,0.0
2026-07-24T10:57:35,Hyundai,I10,1,0,0.0
2026-07-24T10:57:35,Hyundai,I20,34,0,0.0
2026-07-24T10:57:35,Hyundai,I30,2,0,0.0
2026-07-24T10:57:35,Hyundai,I30 Fastback,1,0,0.0
2026-07-24T10:57:35,Hyundai,I30 Sw,4,0,0.0
2026-07-24T10:57:35,Hyundai,Ioniq,1,1,1.0
2026-07-24T10:57:35,Hyundai,Ix20,1,0,0.0
2026-07-24T10:57:35,Hyundai,Kona,21,0,0.0
2026-07-24T10:57:35,Hyundai,Santa Fe,2,0,0.0
2026-07-24T10:57:35,Hyundai,Tucson,42,0,0.0
2026-07-25T10:24:44,Abarth,500,4,1,0.25
2026-07-25T10:24:44,Abarth,500c,1,1,1.0
2026-07-25T10:24:44,Abarth,600,1,1,1.0
2026-07-25T10:24:44,Alfa Romeo,Giulia,3,0,0.0
2026-07-25T10:24:44,Alfa Romeo,Giulietta,2,0,0.0
2026-07-25T10:24:44,Alfa Romeo,Junior,1,0,0.0
2026-07-25T10:24:44,Alfa Romeo,Stelvio,5,0,0.0
2026-07-25T10:24:44,Alfa Romeo,Tonale,8,0,0.0
2026-07-25T10:24:44,Alpine,A110,30,0,0.0
2026-07-25T10:24:44,Alpine,A290,13,13,1.0
2026-07-25T10:24:44,Alpine,A390,3,3,1.0
2026-07-25T10:24:44,Aston Martin,V8 Vantage,1,0,0.0
2026-07-25T10:24:44,Audi,A1 Allstreet,3,0,0.0
2026-07-25T10:24:44,Audi,A1 Citycarver,1,0,0.0
2026-07-25T10:24:44,Audi,A1 Sportback,60,0,0.0
2026-07-25T10:24:44,Audi,A3,2,0,0.0
2026-07-25T10:24:44,Audi,A3 Allstreet,5,0,0.0
2026-07-25T10:24:44,Audi,A3 Berline,1,0,0.0
2026-07-25T10:24:44,Audi,A3 Sportback,36,0,0.0
2026-07-25T10:24:44,Audi,A4,2,0,0.0
2026-07-25T10:24:44,Audi,A4 Allroad,1,0,0.0
2026-07-25T10:24:44,Audi,A4 Avant,3,0,0.0
2026-07-25T10:24:44,Audi,A5,4,0,0.0
2026-07-25T10:24:44,Audi,A5 Avant,8,0,0.0
2026-07-25T10:24:44,Audi,A5 Sportback,5,0,0.0
2026-07-25T10:24:44,Audi,A6,2,0,0.0
2026-07-25T10:24:44,Audi,A6 Allroad,2,0,0.0
2026-07-25T10:24:44,Audi,A6 Avant,6,0,0.0
2026-07-25T10:24:44,Audi,A6 Avant E-Tron,2,2,1.0
2026-07-25T10:24:44,Audi,A6 Sportback E-Tron,2,2,1.0
2026-07-25T10:24:44,Audi,A7 Sportback,1,0,0.0
2026-07-25T10:24:44,Audi,A8,1,0,0.0
2026-07-25T10:24:44,Audi,E-Tron Gt,1,1,1.0
2026-07-25T10:24:44,Audi,E-Tron S Sportback,2,2,1.0
2026-07-25T10:24:44,Audi,Q2,52,0,0.0
2026-07-25T10:24:44,Audi,Q3,38,0,0.0
2026-07-25T10:24:44,Audi,Q3 Sportback,25,0,0.0
2026-07-25T10:24:44,Audi,Q4 E-Tron,4,4,1.0
2026-07-25T10:24:44,Audi,Q4 Sportback E-Tron,5,5,1.0
2026-07-25T10:24:44,Audi,Q5,19,0,0.0
2026-07-25T10:24:44,Audi,Q5 Sportback,9,0,0.0
2026-07-25T10:24:44,Audi,Q6 E-Tron,4,4,1.0
2026-07-25T10:24:44,Audi,Q6 Sportback E-Tron,4,4,1.0
2026-07-25T10:24:44,Audi,Q8,2,0,0.0
2026-07-25T10:24:44,Audi,Q8 E-Tron,1,1,1.0
2026-07-25T10:24:44,Audi,Q8 E-Tron Sportback,1,1,1.0
2026-07-25T10:24:44,Audi,R8 Spyder,1,0,0.0
2026-07-25T10:24:44,Audi,Rs Q3 Sportback,1,0,0.0
2026-07-25T10:24:44,Audi,Rs3 Sportback,1,0,0.0
2026-07-25T10:24:44,Audi,Rs4 Avant,1,0,0.0
2026-07-25T10:24:44,Audi,Rs5,1,0,0.0
2026-07-25T10:24:44,Audi,Rs6 Avant,1,0,0.0
2026-07-25T10:24:44,Audi,S3,1,0,0.0
2026-07-25T10:24:44,Audi,S3 Sportback,1,0,0.0
2026-07-25T10:24:44,Audi,S4 Avant,1,0,0.0
2026-07-25T10:24:44,Audi,S6 Avant E-Tron,2,2,1.0
2026-07-25T10:24:44,Audi,Tt,2,0,0.0
2026-07-25T10:24:44,Audi,Tt Roadster,1,0,0.0
2026-07-25T10:24:44,Bmw,I3,5,5,1.0
2026-07-25T10:24:44,Bmw,I4,31,31,1.0
2026-07-25T10:24:44,Bmw,I8,1,0,0.0
2026-07-25T10:24:44,Bmw,Ix,5,5,1.0
2026-07-25T10:24:44,Bmw,Ix3,4,4,1.0
2026-07-25T10:24:44,Bmw,M2 Coupé,3,0,0.0
2026-07-25T10:24:44,Bmw,M4 Coupé,2,0,0.0
2026-07-25T10:24:44,Bmw,M5,1,0,0.0
2026-07-25T10:24:44,Bmw,Série 1,129,0,0.0
2026-07-25T10:24:44,Bmw,Série 2 Active Tourer,75,0,0.0
2026-07-25T10:24:44,Bmw,Série 2 Cabriolet,1,0,0.0
2026-07-25T10:24:44,Bmw,Série 2 Coupé,8,0,0.0
2026-07-25T10:24:44,Bmw,Série 2 Gran Coupé,24,0,0.0
2026-07-25T10:24:44,Bmw,Série 2 Gran Tourer,4,0,0.0
2026-07-25T10:24:44,Bmw,Série 3,13,0,0.0
2026-07-25T10:24:44,Bmw,Série 3 Gran Turismo,4,0,0.0
2026-07-25T10:24:44,Bmw,Série 3 Touring,39,0,0.0
2026-07-25T10:24:44,Bmw,Série 4 Cabriolet,6,0,0.0
2026-07-25T10:24:44,Bmw,Série 4 Coupé,14,0,0.0
2026-07-25T10:24:44,Bmw,Série 4 Gran Coupé,29,0,0.0
2026-07-25T10:24:44,Bmw,Série 5,22,6,0.2727
2026-07-25T10:24:44,Bmw,Série 5 Touring,11,2,0.1818
2026-07-25T10:24:44,Bmw,Série 7,2,0,0.0
2026-07-25T10:24:44,Bmw,Série 8,1,0,0.0
2026-07-25T10:24:44,Bmw,Série 8 Gran Coupé,2,0,0.0
2026-07-25T10:24:44,Bmw,X1,154,30,0.1948
2026-07-25T10:24:44,Bmw,X2,71,7,0.0986
2026-07-25T10:24:44,Bmw,X3,74,0,0.0
2026-07-25T10:24:44,Bmw,X3 M,1,0,0.0
2026-07-25T10:24:44,Bmw,X4,9,0,0.0
2026-07-25T10:24:44,Bmw,X4 M,2,0,0.0
2026-07-25T10:24:44,Bmw,X5,33,0,0.0
2026-07-25T10:24:44,Bmw,X6,2,0,0.0
2026-07-25T10:24:44,Bmw,Xm,6,0,0.0
2026-07-25T10:24:44,Bmw,Z4 Roadster,7,0,0.0
2026-07-25T10:24:44,Byd,Atto 2,2,2,1.0
2026-07-25T10:24:44,Byd,Atto 3,1,1,1.0
2026-07-25T10:24:44,Byd,Dolphin,1,1,1.0
2026-07-25T10:24:44,Byd,Seal 6 Dm-I,1,0,0.0
2026-07-25T10:24:44,Byd,Seal 6 Dm-I Touring,2,0,0.0
2026-07-25T10:24:44,Byd,Tang,4,4,1.0
2026-07-25T10:24:44,Citroen,Ami,13,13,1.0
2026-07-25T10:24:44,Citroen,Berlingo,20,3,0.15
2026-07-25T10:24:44,Citroen,Berlingo Van,38,0,0.0
2026-07-25T10:24:44,Citroen,C1,13,0,0.0
2026-07-25T10:24:44,Citroen,C3,750,11,0.0147
2026-07-25T10:24:44,Citroen,C3 Aircross,175,8,0.0457
2026-07-25T10:24:44,Citroen,C4,131,29,0.2214
2026-07-25T10:24:44,Citroen,C4 Cactus,14,0,0.0
2026-07-25T10:24:44,Citroen,C4 Picasso,5,0,0.0
2026-07-25T10:24:44,Citroen,C4 Spacetourer,5,0,0.0
2026-07-25T10:24:44,Citroen,C4 X,7,1,0.1429
2026-07-25T10:24:44,Citroen,C5,1,0,0.0
2026-07-25T10:24:44,Citroen,C5 Aircross,215,3,0.014
2026-07-25T10:24:44,Citroen,C5 X,13,0,0.0
2026-07-25T10:24:44,Citroen,Grand C4 Picasso,1,0,0.0
2026-07-25T10:24:44,Citroen,Grand C4 Spacetourer,5,0,0.0
2026-07-25T10:24:44,Citroen,Holidays,1,0,0.0
2026-07-25T10:24:44,Citroen,Jumper,18,0,0.0
2026-07-25T10:24:44,Citroen,Jumpy,33,1,0.0303
2026-07-25T10:24:44,Citroen,Spacetourer,12,0,0.0
2026-07-25T10:24:44,Cupra,Born,2,2,1.0
2026-07-25T10:24:44,Cupra,Formentor,19,0,0.0
2026-07-25T10:24:44,Cupra,Leon,7,0,0.0
2026-07-25T10:24:44,Cupra,Leon St,2,0,0.0
2026-07-25T10:24:44,Cupra,Raval,2,2,1.0
2026-07-25T10:24:44,Cupra,Terramar,4,0,0.0
2026-07-25T10:24:44,Dacia,Bigster,42,0,0.0
2026-07-25T10:24:44,Dacia,Dokker,3,0,0.0
2026-07-25T10:24:44,Dacia,Duster,392,0,0.0
2026-07-25T10:24:44,Dacia,Jogger,138,0,0.0
2026-07-25T10:24:44,Dacia,Lodgy,10,0,0.0
2026-07-25T10:24:44,Dacia,Logan,2,0,0.0
2026-07-25T10:24:44,Dacia,Sandero,660,0,0.0
2026-07-25T10:24:44,Dacia,Spring,190,190,1.0
2026-07-25T10:24:44,Ds,4,14,6,0.4286
2026-07-25T10:24:44,Ds,8,6,6,1.0
2026-07-25T10:24:44,Ds,Ds,3,0,0.0
2026-07-25T10:24:44,Ds,Ds 3,43,11,0.2558
2026-07-25T10:24:44,Ds,Ds 3 Crossback,47,6,0.1277
2026-07-25T10:24:44,Ds,Ds 4,117,0,0.0
2026-07-25T10:24:44,Ds,Ds 7,47,0,0.0
2026-07-25T10:24:44,Ds,Ds 7 Crossback,51,0,0.0
2026-07-25T10:24:44,Ds,Ds 9,1,0,0.0
2026-07-25T10:24:44,Fiat,500,42,19,0.4524
2026-07-25T10:24:44,Fiat,500c,8,2,0.25
2026-07-25T10:24:44,Fiat,500l,1,0,0.0
2026-07-25T10:24:44,Fiat,500x,25,0,0.0
2026-07-25T10:24:44,Fiat,600,13,2,0.1538
2026-07-25T10:24:44,Fiat,Doblo Cargo,2,0,0.0
2026-07-25T10:24:44,Fiat,Ducato,4,0,0.0
2026-07-25T10:24:44,Fiat,Grande Panda,4,2,0.5
2026-07-25T10:24:44,Fiat,Panda,5,0,0.0
2026-07-25T10:24:44,Fiat,Punto,1,0,0.0
2026-07-25T10:24:44,Fiat,Scudo,6,1,0.1667
2026-07-25T10:24:44,Fiat,Scudo Combi,1,0,0.0
2026-07-25T10:24:44,Fiat,Talento,1,0,0.0
2026-07-25T10:24:44,Fiat,Tipo,4,0,0.0
2026-07-25T10:24:44,Fiat,Tipo Cross,2,0,0.0
2026-07-25T10:24:44,Ford,B-Max,3,0,0.0
2026-07-25T10:24:44,Ford,C-Max,1,0,0.0
2026-07-25T10:24:44,Ford,Capri,9,9,1.0
2026-07-25T10:24:44,Ford,Ecosport,16,0,0.0
2026-07-25T10:24:44,Ford,Explorer,18,16,0.8889
2026-07-25T10:24:44,Ford,Fiesta,45,0,0.0
2026-07-25T10:24:44,Ford,Fiesta Active,2,0,0.0
2026-07-25T10:24:44,Ford,Focus,27,0,0.0
2026-07-25T10:24:44,Ford,Focus Active,1,0,0.0
2026-07-25T10:24:44,Ford,Focus Active Sw,1,0,0.0
2026-07-25T10:24:44,Ford,Galaxy,2,0,0.0
2026-07-25T10:24:44,Ford,Grand Tourneo Connect,1,0,0.0
2026-07-25T10:24:44,Ford,Ka et plus,1,0,0.0
2026-07-25T10:24:44,Ford,Kuga,79,0,0.0
2026-07-25T10:24:44,Ford,Mondeo,1,0,0.0
2026-07-25T10:24:44,Ford,Mondeo Sw,1,0,0.0
2026-07-25T10:24:44,Ford,Mustang Fastback,1,0,0.0
2026-07-25T10:24:44,Ford,Mustang Mach-E,5,5,1.0
2026-07-25T10:24:44,Ford,Puma,139,16,0.1151
2026-07-25T10:24:44,Ford,Ranger,11,0,0.0
2026-07-25T10:24:44,Ford,S-Max,4,0,0.0
2026-07-25T10:24:44,Ford,Tourneo Connect,1,0,0.0
2026-07-25T10:24:44,Ford,Tourneo Courier,9,1,0.1111
2026-07-25T10:24:44,Ford,Tourneo Custom,4,0,0.0
2026-07-25T10:24:44,Ford,Transit 2t,11,1,0.0909
2026-07-25T10:24:44,Ford,Transit Connect,3,0,0.0
2026-07-25T10:24:44,Ford,Transit Courier,3,3,1.0
2026-07-25T10:24:44,Ford,Transit Custom,20,0,0.0
2026-07-25T10:24:44,Ford,Transit Custom Kombi,4,0,0.0
2026-07-25T10:24:44,Ford,Transit Custom Nugget,1,0,0.0
2026-07-25T10:24:44,Honda,Cr-V,1,0,0.0
2026-07-25T10:24:44,Honda,Hr-V,3,0,0.0
2026-07-25T10:24:44,Honda,Jazz,2,0,0.0
2026-07-25T10:24:44,Honda,Ny1,1,1,1.0
2026-07-25T10:24:44,Hyundai,Bayon,5,0,0.0
2026-07-25T10:24:44,Hyundai,I10,1,0,0.0
2026-07-25T10:24:44,Hyundai,I20,34,0,0.0
2026-07-25T10:24:44,Hyundai,I30,2,0,0.0
2026-07-25T10:24:44,Hyundai,I30 Fastback,1,0,0.0
2026-07-25T10:24:44,Hyundai,I30 Sw,4,0,0.0
2026-07-25T10:24:44,Hyundai,Ioniq,1,1,1.0
2026-07-25T10:24:44,Hyundai,Ix20,1,0,0.0
2026-07-25T10:24:44,Hyundai,Kona,18,0,0.0
2026-07-25T10:24:44,Hyundai,Santa Fe,2,0,0.0
2026-07-25T10:24:44,Hyundai,Tucson,42,0,0.0
2026-07-25T10:24:44,Isuzu,D-Max,1,0,0.0
2026-07-25T10:24:44,Iveco,Daily,3,0,0.0
2026-07-25T10:24:44,Jaecoo,5,3,0,0.0
2026-07-25T10:24:44,Jaecoo,7,1,0,0.0
2026-07-25T10:24:44,Jaguar,E-Pace,7,0,0.0
2026-07-25T10:24:44,Jaguar,F-Pace,4,0,0.0
2026-07-25T10:24:44,Jaguar,F-Type Cabriolet,1,0,0.0
2026-07-25T10:24:44,Jaguar,I-Pace,2,2,1.0
2026-07-25T10:24:44,Jaguar,Xe,1,0,0.0
2026-07-25T10:24:44,Jeep,Avenger,2,0,0.0
2026-07-25T10:24:44,Jeep,Cherokee,1,0,0.0
2026-07-25T10:24:44,Jeep,Compass,6,0,0.0
2026-07-25T10:24:44,Jeep,Gladiator,1,0,0.0
2026-07-25T10:24:44,Jeep,Renegade,17,0,0.0
2026-07-25T10:24:44,Jeep,Wrangler,1,0,0.0
2026-07-25T10:24:44,Jeep,Wrangler Unlimited,3,0,0.0
2026-07-25T10:24:44,Kia,Ceed,7,0,0.0
2026-07-25T10:24:44,Kia,Ceed Sw,3,0,0.0
2026-07-25T10:24:44,Kia,E-Niro,1,1,1.0
2026-07-25T10:24:44,Kia,Ev3,2,2,1.0
2026-07-25T10:24:44,Kia,Ev4,2,2,1.0
2026-07-25T10:24:44,Kia,Ev5,2,2,1.0
2026-07-25T10:24:44,Kia,Ev6,1,1,1.0
2026-07-25T10:24:44,Kia,Niro,14,0,0.0
2026-07-25T10:24:44,Kia,Picanto,25,0,0.0
2026-07-25T10:24:44,Kia,Pro Ceed,4,0,0.0
2026-07-25T10:24:44,Kia,Pv5 Cargo,1,1,1.0
2026-07-25T10:24:44,Kia,Pv5 Passenger,2,2,1.0
2026-07-25T10:24:44,Kia,Rio,6,0,0.0
2026-07-25T10:24:44,Kia,Sorento,2,0,0.0
2026-07-25T10:24:44,Kia,Sportage,50,0,0.0
2026-07-25T10:24:44,Kia,Stonic,28,0,0.0
2026-07-25T10:24:44,Kia,Xceed,6,0,0.0
2026-07-25T10:24:44,Porsche,718 Cayman,1,0,0.0
2026-07-25T10:24:44,Porsche,911 Cabriolet,5,0,0.0
2026-07-25T10:24:44,Porsche,911 Coupé,4,0,0.0
2026-07-25T10:24:44,Porsche,911 Speedster,1,0,0.0
2026-07-25T10:24:44,Porsche,911 Targa,1,0,0.0
2026-07-25T10:24:44,Porsche,Cayenne,3,0,0.0
2026-07-25T10:24:44,Porsche,Cayenne Coupé,5,0,0.0
2026-07-25T10:24:44,Porsche,Cayman,1,0,0.0
2026-07-25T10:24:44,Porsche,Macan,7,3,0.4286
2026-07-25T10:24:44,Porsche,Panamera,3,0,0.0
2026-07-25T10:24:44,Porsche,Panamera Sport Turismo,2,0,0.0
2026-07-25T10:24:44,Porsche,Taycan,8,8,1.0
2026-07-25T10:24:44,Renault,4,7,7,1.0
2026-07-25T10:24:44,Renault,5,38,38,1.0
2026-07-25T10:24:44,Renault,Arkana,381,0,0.0
2026-07-25T10:24:44,Renault,Austral,261,0,0.0
2026-07-25T10:24:44,Renault,Captur,775,0,0.0
2026-07-25T10:24:44,Renault,Clio,1414,0,0.0
2026-07-25T10:24:44,Renault,Clio Estate,2,0,0.0
2026-07-25T10:24:44,Renault,Espace,90,0,0.0
2026-07-25T10:24:44,Renault,Express,22,0,0.0
2026-07-25T10:24:44,Renault,Grand Scénic,31,0,0.0
2026-07-25T10:24:44,Renault,Kadjar,72,1,0.0139
2026-07-25T10:24:44,Renault,Kangoo,26,0,0.0
2026-07-25T10:24:44,Renault,Kangoo Express,14,1,0.0714
2026-07-25T10:24:44,Renault,Kangoo Van,27,7,0.2593
2026-07-25T10:24:44,Renault,Koleos,18,0,0.0
2026-07-25T10:24:44,Renault,Master,289,12,0.0415
2026-07-25T10:24:44,Renault,Modus,1,0,0.0
2026-07-25T10:24:44,Renault,Mégane,299,195,0.6522
2026-07-25T10:24:44,Renault,Mégane Estate,20,0,0.0
2026-07-25T10:24:44,Renault,Rafale,54,0,0.0
2026-07-25T10:24:44,Renault,Scénic,65,29,0.4462
2026-07-25T10:24:44,Renault,Symbioz,170,0,0.0
2026-07-25T10:24:44,Renault,Talisman,9,0,0.0
2026-07-25T10:24:44,Renault,Talisman Estate,7,0,0.0
2026-07-25T10:24:44,Renault,Trafic,127,1,0.0079
2026-07-25T10:24:44,Renault,Trafic Combi,10,0,0.0
2026-07-25T10:24:44,Renault,Trafic Spacenomad,1,0,0.0
2026-07-25T10:24:44,Renault,Twingo,159,74,0.4654
2026-07-25T10:24:44,Renault,Twizy,3,3,1.0
2026-07-25T10:24:44,Renault,Zoé,53,53,1.0
2026-07-25T10:24:44,Seat,Arona,35,0,0.0
2026-07-25T10:24:44,Seat,Ateca,28,0,0.0
2026-07-25T10:24:44,Seat,Ibiza,33,0,0.0
2026-07-25T10:24:44,Seat,Leon,18,0,0.0
2026-07-25T10:24:44,Seat,Leon St,4,0,0.0
2026-07-25T10:24:44,Seat,Tarraco,1,0,0.0
2026-07-25T10:24:44,Skoda,Enyaq,2,2,1.0
2026-07-25T10:24:44,Skoda,Enyaq Coupé,1,1,1.0
2026-07-25T10:24:44,Skoda,Fabia,29,0,0.0
2026-07-25T10:24:44,Skoda,Fabia Combi,1,0,0.0
2026-07-25T10:24:44,Skoda,Kamiq,32,0,0.0
2026-07-25T10:24:44,Skoda,Karoq,15,0,0.0
2026-07-25T10:24:44,Skoda,Kodiaq,8,0,0.0
2026-07-25T10:24:44,Skoda,Octavia,4,0,0.0
2026-07-25T10:24:44,Skoda,Octavia Combi,7,0,0.0
2026-07-25T10:24:44,Skoda,Scala,6,0,0.0
2026-07-25T10:24:44,Skoda,Superb,1,0,0.0
2026-07-25T10:24:44,Smart,1,1,1,1.0
2026-07-25T10:24:44,Smart,3,2,2,1.0
2026-07-25T10:24:44,Smart,5,2,2,1.0
2026-07-25T10:24:44,Smart,Fortwo Coupé,2,2,1.0
2026-07-25T10:24:44,Subaru,Impreza,1,0,0.0
2026-07-25T10:24:44,Suzuki,Across,1,0,0.0
2026-07-25T10:24:44,Suzuki,Celerio,1,0,0.0
2026-07-25T10:24:44,Suzuki,E Vitara,2,2,1.0
2026-07-25T10:24:44,Suzuki,Ignis,5,0,0.0
2026-07-25T10:24:44,Suzuki,S-Cross,18,0,0.0
2026-07-25T10:24:44,Suzuki,Swift,27,0,0.0
2026-07-25T10:24:44,Suzuki,Vitara,24,1,0.0417
2026-07-25T10:24:44,Toyota,Auris Touring Sports,1,0,0.0
2026-07-25T10:24:44,Toyota,Aygo,16,0,0.0
2026-07-25T10:24:44,Toyota,Aygo X,82,0,0.0
2026-07-25T10:24:44,Toyota,Bz4x,2,2,1.0
2026-07-25T10:24:44,Toyota,Bz4x Touring,2,2,1.0
2026-07-25T10:24:44,Toyota,C-Hr,90,0,0.0
2026-07-25T10:24:44,Toyota,C-Hr et plus,3,3,1.0
2026-07-25T10:24:44,Toyota,Corolla,20,0,0.0
2026-07-25T10:24:44,Toyota,Corolla Touring Sports,12,0,0.0
2026-07-25T10:24:44,Toyota,Hilux,1,0,0.0
2026-07-25T10:24:44,Toyota,Prius,1,0,0.0
2026-07-25T10:24:44,Toyota,Prius Hybride Rechargeable,1,0,0.0
2026-07-25T10:24:44,Toyota,Prius et plus,1,0,0.0
2026-07-25T10:24:44,Toyota,Proace,6,2,0.3333
2026-07-25T10:24:44,Toyota,Proace City,2,0,0.0
2026-07-25T10:24:44,Toyota,Proace City Verso,1,0,0.0
2026-07-25T10:24:44,Toyota,Proace Max,1,0,0.0
2026-07-25T10:24:44,Toyota,Proace Verso,1,0,0.0
2026-07-25T10:24:44,Toyota,Rav4,20,0,0.0
2026-07-25T10:24:44,Toyota,Yaris,186,0,0.0
2026-07-25T10:24:44,Toyota,Yaris Cross,118,0,0.0
2026-07-25T10:24:44,Volkswagen,3,13,13,1.0
2026-07-25T10:24:44,Volkswagen,4,10,10,1.0
2026-07-25T10:24:44,Volkswagen,5,5,5,1.0
2026-07-25T10:24:44,Volkswagen,7,1,1,1.0
2026-07-25T10:24:44,Volkswagen,Arteon,2,0,0.0
2026-07-25T10:24:44,Volkswagen,Buzz,4,4,1.0
2026-07-25T10:24:44,Volkswagen,Caddy,2,0,0.0
2026-07-25T10:24:44,Volkswagen,Caddy Cargo,3,0,0.0
2026-07-25T10:24:44,Volkswagen,Caddy Maxi,1,0,0.0
2026-07-25T10:24:44,Volkswagen,Caddy Van,2,0,0.0
2026-07-25T10:24:44,Volkswagen,Caravelle,4,2,0.5
2026-07-25T10:24:44,Volkswagen,Coccinelle,1,0,0.0
2026-07-25T10:24:44,Volkswagen,Crafter,4,0,0.0
2026-07-25T10:24:44,Volkswagen,Golf,52,0,0.0
2026-07-25T10:24:44,Volkswagen,Golf Sportsvan,1,0,0.0
2026-07-25T10:24:44,Volkswagen,Golf Sw,6,0,0.0
2026-07-25T10:24:44,Volkswagen,Multivan,1,0,0.0
2026-07-25T10:24:44,Volkswagen,Passat Sw,8,0,0.0
2026-07-25T10:24:44,Volkswagen,Polo,116,0,0.0
2026-07-25T10:24:44,Volkswagen,T-Cross,55,0,0.0
2026-07-25T10:24:44,Volkswagen,T-Roc,126,0,0.0
2026-07-25T10:24:44,Volkswagen,T-Roc Cabriolet,8,0,0.0
2026-07-25T10:24:44,Volkswagen,Taigo,46,0,0.0
2026-07-25T10:24:44,Volkswagen,Tayron,1,0,0.0
2026-07-25T10:24:44,Volkswagen,Tiguan,73,0,0.0
2026-07-25T10:24:44,Volkswagen,Tiguan Allspace,1,0,0.0
2026-07-25T10:24:44,Volkswagen,Touran,6,0,0.0
2026-07-25T10:24:44,Volkswagen,Transporter,14,1,0.0714
2026-07-26T10:33:18,Abarth,500,5,1,0.2
2026-07-26T10:33:18,Abarth,500c,1,1,1.0
2026-07-26T10:33:18,Abarth,600,1,1,1.0
2026-07-26T10:33:18,Alfa Romeo,Giulia,3,0,0.0
2026-07-26T10:33:18,Alfa Romeo,Giulietta,2,0,0.0
2026-07-26T10:33:18,Alfa Romeo,Junior,1,0,0.0
2026-07-26T10:33:18,Alfa Romeo,Stelvio,5,0,0.0
2026-07-26T10:33:18,Alfa Romeo,Tonale,8,0,0.0
2026-07-26T10:33:18,Alpine,A110,30,0,0.0
2026-07-26T10:33:18,Alpine,A290,13,13,1.0
2026-07-26T10:33:18,Alpine,A390,3,3,1.0
2026-07-26T10:33:18,Aston Martin,V8 Vantage,1,0,0.0
2026-07-26T10:33:18,Audi,A1 Allstreet,3,0,0.0
2026-07-26T10:33:18,Audi,A1 Citycarver,1,0,0.0
2026-07-26T10:33:18,Audi,A1 Sportback,60,0,0.0
2026-07-26T10:33:18,Audi,A3,2,0,0.0
2026-07-26T10:33:18,Audi,A3 Allstreet,5,0,0.0
2026-07-26T10:33:18,Audi,A3 Berline,1,0,0.0
2026-07-26T10:33:18,Audi,A3 Sportback,36,0,0.0
2026-07-26T10:33:18,Audi,A4,2,0,0.0
2026-07-26T10:33:18,Audi,A4 Allroad,1,0,0.0
2026-07-26T10:33:18,Audi,A4 Avant,3,0,0.0
2026-07-26T10:33:18,Audi,A5,4,0,0.0
2026-07-26T10:33:18,Audi,A5 Avant,8,0,0.0
2026-07-26T10:33:18,Audi,A5 Sportback,5,0,0.0
2026-07-26T10:33:18,Audi,A6,2,0,0.0
2026-07-26T10:33:18,Audi,A6 Allroad,3,0,0.0
2026-07-26T10:33:18,Audi,A6 Avant,6,0,0.0
2026-07-26T10:33:18,Audi,A6 Avant E-Tron,2,2,1.0
2026-07-26T10:33:18,Audi,A6 Sportback E-Tron,2,2,1.0
2026-07-26T10:33:18,Audi,A7 Sportback,1,0,0.0
2026-07-26T10:33:18,Audi,A8,1,0,0.0
2026-07-26T10:33:18,Audi,E-Tron Gt,1,1,1.0
2026-07-26T10:33:18,Audi,E-Tron S Sportback,2,2,1.0
2026-07-26T10:33:18,Audi,Q2,52,0,0.0
2026-07-26T10:33:18,Audi,Q3,38,0,0.0
2026-07-26T10:33:18,Audi,Q3 Sportback,25,0,0.0
2026-07-26T10:33:18,Audi,Q4 E-Tron,4,4,1.0
2026-07-26T10:33:18,Audi,Q4 Sportback E-Tron,6,6,1.0
2026-07-26T10:33:18,Audi,Q5,20,0,0.0
2026-07-26T10:33:18,Audi,Q5 Sportback,9,0,0.0
2026-07-26T10:33:18,Audi,Q6 E-Tron,4,4,1.0
2026-07-26T10:33:18,Audi,Q6 Sportback E-Tron,4,4,1.0
2026-07-26T10:33:18,Audi,Q8,3,0,0.0
2026-07-26T10:33:18,Audi,Q8 E-Tron,1,1,1.0
2026-07-26T10:33:18,Audi,Q8 E-Tron Sportback,1,1,1.0
2026-07-26T10:33:18,Audi,R8 Spyder,1,0,0.0
2026-07-26T10:33:18,Audi,Rs Q3 Sportback,1,0,0.0
2026-07-26T10:33:18,Audi,Rs3 Sportback,1,0,0.0
2026-07-26T10:33:18,Audi,Rs4 Avant,1,0,0.0
2026-07-26T10:33:18,Audi,Rs5,1,0,0.0
2026-07-26T10:33:18,Audi,Rs6 Avant,1,0,0.0
2026-07-26T10:33:18,Audi,S3,1,0,0.0
2026-07-26T10:33:18,Audi,S3 Sportback,1,0,0.0
2026-07-26T10:33:18,Audi,S4 Avant,1,0,0.0
2026-07-26T10:33:18,Audi,S6 Avant E-Tron,2,2,1.0
2026-07-26T10:33:18,Audi,Tt,2,0,0.0
2026-07-26T10:33:18,Audi,Tt Roadster,1,0,0.0
2026-07-26T10:33:18,Bmw,I3,5,5,1.0
2026-07-26T10:33:18,Bmw,I4,32,32,1.0
2026-07-26T10:33:18,Bmw,I8,1,0,0.0
2026-07-26T10:33:18,Bmw,Ix,5,5,1.0
2026-07-26T10:33:18,Bmw,Ix3,4,4,1.0
2026-07-26T10:33:18,Bmw,M2 Coupé,3,0,0.0
2026-07-26T10:33:18,Bmw,M4 Coupé,2,0,0.0
2026-07-26T10:33:18,Bmw,M5,1,0,0.0
2026-07-26T10:33:18,Bmw,Série 1,130,0,0.0
2026-07-26T10:33:18,Bmw,Série 2 Active Tourer,75,0,0.0
2026-07-26T10:33:18,Bmw,Série 2 Cabriolet,1,0,0.0
2026-07-26T10:33:18,Bmw,Série 2 Coupé,8,0,0.0
2026-07-26T10:33:18,Bmw,Série 2 Gran Coupé,24,0,0.0
2026-07-26T10:33:18,Bmw,Série 2 Gran Tourer,4,0,0.0
2026-07-26T10:33:18,Bmw,Série 3,13,0,0.0
2026-07-26T10:33:18,Bmw,Série 3 Gran Turismo,4,0,0.0
2026-07-26T10:33:18,Bmw,Série 3 Touring,40,0,0.0
2026-07-26T10:33:18,Bmw,Série 4 Cabriolet,6,0,0.0
2026-07-26T10:33:18,Bmw,Série 4 Coupé,14,0,0.0
2026-07-26T10:33:18,Bmw,Série 4 Gran Coupé,28,0,0.0
2026-07-26T10:33:18,Bmw,Série 5,22,6,0.2727
2026-07-26T10:33:18,Bmw,Série 5 Touring,11,2,0.1818
2026-07-26T10:33:18,Bmw,Série 7,2,0,0.0
2026-07-26T10:33:18,Bmw,Série 8,1,0,0.0
2026-07-26T10:33:18,Bmw,Série 8 Gran Coupé,2,0,0.0
2026-07-26T10:33:18,Bmw,X1,153,29,0.1895
2026-07-26T10:33:18,Bmw,X2,73,7,0.0959
2026-07-26T10:33:18,Bmw,X3,74,0,0.0
2026-07-26T10:33:18,Bmw,X3 M,1,0,0.0
2026-07-26T10:33:18,Bmw,X4,9,0,0.0
2026-07-26T10:33:18,Bmw,X4 M,2,0,0.0
2026-07-26T10:33:18,Bmw,X5,34,0,0.0
2026-07-26T10:33:18,Bmw,X6,2,0,0.0
2026-07-26T10:33:18,Bmw,Xm,6,0,0.0
2026-07-26T10:33:18,Bmw,Z4 Roadster,8,0,0.0
2026-07-26T10:33:18,Byd,Atto 2,2,2,1.0
2026-07-26T10:33:18,Byd,Atto 3,1,1,1.0
2026-07-26T10:33:18,Byd,Dolphin,1,1,1.0
2026-07-26T10:33:18,Byd,Seal 6 Dm-I,1,0,0.0
2026-07-26T10:33:18,Byd,Seal 6 Dm-I Touring,2,0,0.0
2026-07-26T10:33:18,Byd,Tang,4,4,1.0
2026-07-26T10:33:18,Citroen,Ami,13,13,1.0
2026-07-26T10:33:18,Citroen,Berlingo,20,4,0.2
2026-07-26T10:33:18,Citroen,Berlingo Van,38,0,0.0
2026-07-26T10:33:18,Citroen,C1,13,0,0.0
2026-07-26T10:33:18,Citroen,C3,758,11,0.0145
2026-07-26T10:33:18,Citroen,C3 Aircross,176,7,0.0398
2026-07-26T10:33:18,Citroen,C4,130,29,0.2231
2026-07-26T10:33:18,Citroen,C4 Cactus,14,0,0.0
2026-07-26T10:33:18,Citroen,C4 Picasso,5,0,0.0
2026-07-26T10:33:18,Citroen,C4 Spacetourer,5,0,0.0
2026-07-26T10:33:18,Citroen,C4 X,7,1,0.1429
2026-07-26T10:33:18,Citroen,C5,1,0,0.0
2026-07-26T10:33:18,Citroen,C5 Aircross,212,3,0.0142
2026-07-26T10:33:18,Citroen,C5 X,15,0,0.0
2026-07-26T10:33:18,Citroen,Grand C4 Picasso,1,0,0.0
2026-07-26T10:33:18,Citroen,Grand C4 Spacetourer,4,0,0.0
2026-07-26T10:33:18,Citroen,Holidays,1,0,0.0
2026-07-26T10:33:18,Citroen,Jumper,18,0,0.0
2026-07-26T10:33:18,Citroen,Jumpy,33,1,0.0303
2026-07-26T10:33:18,Citroen,Spacetourer,12,0,0.0
2026-07-26T10:33:18,Cupra,Born,2,2,1.0
2026-07-26T10:33:18,Cupra,Formentor,19,0,0.0
2026-07-26T10:33:18,Cupra,Leon,8,0,0.0
2026-07-26T10:33:18,Cupra,Leon St,2,0,0.0
2026-07-26T10:33:18,Cupra,Raval,2,2,1.0
2026-07-26T10:33:18,Cupra,Terramar,4,0,0.0
2026-07-26T10:33:18,Dacia,Bigster,42,0,0.0
2026-07-26T10:33:18,Dacia,Dokker,3,0,0.0
2026-07-26T10:33:18,Dacia,Duster,397,0,0.0
2026-07-26T10:33:18,Dacia,Jogger,141,0,0.0
2026-07-26T10:33:18,Dacia,Lodgy,10,0,0.0
2026-07-26T10:33:18,Dacia,Logan,2,0,0.0
2026-07-26T10:33:18,Dacia,Logan Mcv,1,0,0.0
2026-07-26T10:33:18,Dacia,Sandero,662,0,0.0
2026-07-26T10:33:18,Dacia,Spring,194,194,1.0
2026-07-26T10:33:18,Ds,4,14,6,0.4286
2026-07-26T10:33:18,Ds,8,6,6,1.0
2026-07-26T10:33:18,Ds,Ds,3,0,0.0
2026-07-26T10:33:18,Ds,Ds 3,43,11,0.2558
2026-07-26T10:33:18,Ds,Ds 3 Crossback,49,7,0.1429
2026-07-26T10:33:18,Ds,Ds 4,123,0,0.0
2026-07-26T10:33:18,Ds,Ds 7,47,0,0.0
2026-07-26T10:33:18,Ds,Ds 7 Crossback,53,0,0.0
2026-07-26T10:33:18,Ds,Ds 9,1,0,0.0
2026-07-26T10:33:18,Fiat,500,45,20,0.4444
2026-07-26T10:33:18,Fiat,500c,9,2,0.2222
2026-07-26T10:33:18,Fiat,500l,1,0,0.0
2026-07-26T10:33:18,Fiat,500x,25,0,0.0
2026-07-26T10:33:18,Fiat,600,13,2,0.1538
2026-07-26T10:33:18,Fiat,Doblo Cargo,2,0,0.0
2026-07-26T10:33:18,Fiat,Ducato,4,0,0.0
2026-07-26T10:33:18,Fiat,Grande Panda,4,2,0.5
2026-07-26T10:33:18,Fiat,Panda,5,0,0.0
2026-07-26T10:33:18,Fiat,Punto,1,0,0.0
2026-07-26T10:33:18,Fiat,Scudo,5,1,0.2
2026-07-26T10:33:18,Fiat,Scudo Combi,1,0,0.0
2026-07-26T10:33:18,Fiat,Talento,1,0,0.0
2026-07-26T10:33:18,Fiat,Tipo,3,0,0.0
2026-07-26T10:33:18,Fiat,Tipo Cross,2,0,0.0
2026-07-26T10:33:18,Ford,B-Max,3,0,0.0
2026-07-26T10:33:18,Ford,C-Max,1,0,0.0
2026-07-26T10:33:18,Ford,Capri,9,9,1.0
2026-07-26T10:33:18,Ford,Ecosport,16,0,0.0
2026-07-26T10:33:18,Ford,Explorer,18,16,0.8889
2026-07-26T10:33:18,Ford,Fiesta,45,0,0.0
2026-07-26T10:33:18,Ford,Fiesta Active,2,0,0.0
2026-07-26T10:33:18,Ford,Focus,27,0,0.0
2026-07-26T10:33:18,Ford,Focus Active,1,0,0.0
2026-07-26T10:33:18,Ford,Focus Active Sw,1,0,0.0
2026-07-26T10:33:18,Ford,Galaxy,1,0,0.0
2026-07-26T10:33:18,Ford,Grand Tourneo Connect,1,0,0.0
2026-07-26T10:33:18,Ford,Ka et plus,1,0,0.0
2026-07-26T10:33:18,Ford,Kuga,79,0,0.0
2026-07-26T10:33:18,Ford,Mondeo,1,0,0.0
2026-07-26T10:33:18,Ford,Mondeo Sw,1,0,0.0
2026-07-26T10:33:18,Ford,Mustang Fastback,1,0,0.0
2026-07-26T10:33:18,Ford,Mustang Mach-E,5,5,1.0
2026-07-26T10:33:18,Ford,Puma,139,16,0.1151
2026-07-26T10:33:18,Ford,Ranger,11,0,0.0
2026-07-26T10:33:18,Ford,S-Max,4,0,0.0
2026-07-26T10:33:18,Ford,Tourneo Connect,1,0,0.0
2026-07-26T10:33:18,Ford,Tourneo Courier,9,1,0.1111
2026-07-26T10:33:18,Ford,Tourneo Custom,4,0,0.0
2026-07-26T10:33:18,Ford,Transit 2t,10,1,0.1
2026-07-26T10:33:18,Ford,Transit Connect,3,0,0.0
2026-07-26T10:33:18,Ford,Transit Courier,3,3,1.0
2026-07-26T10:33:18,Ford,Transit Custom,20,0,0.0
2026-07-26T10:33:18,Ford,Transit Custom Kombi,4,0,0.0
2026-07-26T10:33:18,Ford,Transit Custom Nugget,1,0,0.0
2026-07-26T10:33:18,Honda,Cr-V,1,0,0.0
2026-07-26T10:33:18,Honda,Hr-V,3,0,0.0
2026-07-26T10:33:18,Honda,Jazz,2,0,0.0
2026-07-26T10:33:18,Honda,Ny1,1,1,1.0
2026-07-26T10:33:18,Mg,Cyberster,1,1,1.0
2026-07-26T10:33:18,Mg,Ehs,15,0,0.0
2026-07-26T10:33:18,Mg,Marvel R,5,5,1.0
2026-07-26T10:33:18,Mg,Mg3,18,0,0.0
2026-07-26T10:33:18,Mg,Mg4,8,8,1.0
2026-07-26T10:33:18,Mg,Mg5,5,5,1.0
2026-07-26T10:33:18,Mg,Zs,29,12,0.4138
2026-07-26T10:33:18,Mini,Aceman,2,2,1.0
2026-07-26T10:33:18,Mini,Cabrio,26,0,0.0
2026-07-26T10:33:18,Mini,Clubman,20,0,0.0
2026-07-26T10:33:18,Mini,Cooper 3 Portes,7,3,0.4286
2026-07-26T10:33:18,Mini,Cooper 5 Portes,5,0,0.0
2026-07-26T10:33:18,Mini,Countryman,79,1,0.0127
2026-07-26T10:33:18,Mini,Mini,158,47,0.2975
2026-07-26T10:33:18,Mitsubishi,Asx,11,0,0.0
2026-07-26T10:33:18,Mitsubishi,Colt,17,0,0.0
2026-07-26T10:33:18,Mitsubishi,Eclipse Cross,81,0,0.0
2026-07-26T10:33:18,Mitsubishi,L200,1,0,0.0
2026-07-26T10:33:18,Mitsubishi,Outlander,14,0,0.0
2026-07-26T10:33:18,Mitsubishi,Space Star,8,0,0.0
2026-07-26T10:33:18,Mobilize,Duo,3,3,1.0
2026-07-26T10:33:18,Nissan,Ariya,6,5,0.8333
2026-07-26T10:33:18,Nissan,Interstar,1,0,0.0
2026-07-26T10:33:18,Nissan,Juke,248,0,0.0
2026-07-26T10:33:18,Nissan,Leaf,18,17,0.9444
2026-07-26T10:33:18,Nissan,Micra,68,8,0.1176
2026-07-26T10:33:18,Nissan,Note,1,0,0.0
2026-07-26T10:33:18,Nissan,Np300 Navara,1,0,0.0
2026-07-26T10:33:18,Nissan,Nv300,2,0,0.0
2026-07-26T10:33:18,Nissan,Primastar,3,0,0.0
2026-07-26T10:33:18,Nissan,Qashqai,273,0,0.0
2026-07-26T10:33:18,Nissan,Townstar,5,3,0.6
2026-07-26T10:33:18,Nissan,Townstar Combi,1,0,0.0
2026-07-26T10:33:18,Nissan,X-Trail,34,0,0.0
2026-07-26T10:33:18,Opel,Adam Rocks,1,0,0.0
2026-07-26T10:33:18,Opel,Astra,11,0,0.0
2026-07-26T10:33:18,Opel,Astra Sports Tourer,4,0,0.0
2026-07-26T10:33:18,Opel,Combo Cargo,2,0,0.0
2026-07-26T10:33:18,Opel,Combo Life,1,0,0.0
2026-07-26T10:33:18,Opel,Corsa,76,13,0.1711
2026-07-26T10:33:18,Opel,Crossland X,25,0,0.0
2026-07-26T10:33:18,Opel,Frontera,2,1,0.5
2026-07-26T10:33:18,Opel,Grandland,19,1,0.0526
2026-07-26T10:33:18,Opel,Grandland X,11,0,0.0
2026-07-26T10:33:18,Opel,Insignia Grand Sport,4,0,0.0
2026-07-26T10:33:18,Opel,Insignia Sports Tourer,1,0,0.0
2026-07-26T10:33:18,Opel,Karl,1,0,0.0
2026-07-26T10:33:18,Opel,Mokka,36,3,0.0833
2026-07-26T10:33:18,Opel,Mokka X,4,0,0.0
2026-07-26T10:33:18,Opel,Movano,1,0,0.0
2026-07-26T10:33:18,Opel,Vivaro,10,0,0.0
2026-07-26T10:33:18,Peugeot,108,15,0,0.0
2026-07-26T10:33:18,Peugeot,2008,648,88,0.1358
2026-07-26T10:33:18,Peugeot,208,949,129,0.1359
2026-07-26T10:33:18,Peugeot,3008,472,48,0.1017
2026-07-26T10:33:18,Peugeot,308,294,24,0.0816
2026-07-26T10:33:18,Peugeot,308 Sw,95,4,0.0421
2026-07-26T10:33:18,Peugeot,408,53,5,0.0943
2026-07-26T10:33:18,Peugeot,5008,126,4,0.0317
2026-07-26T10:33:18,Peugeot,508,21,0,0.0
2026-07-26T10:33:18,Peugeot,508 Sw,20,0,0.0
2026-07-26T10:33:18,Peugeot,Boxer,22,0,0.0
2026-07-26T10:33:18,Peugeot,E-208,1,1,1.0
2026-07-26T10:33:18,Peugeot,E-Partner,1,1,1.0
2026-07-26T10:33:18,Peugeot,Expert,71,8,0.1127
2026-07-26T10:33:18,Peugeot,Partner,133,8,0.0602
2026-07-26T10:33:18,Peugeot,Rifter,30,4,0.1333
2026-07-26T10:33:18,Peugeot,Traveller,5,0,0.0
2026-07-26T10:33:18,Porsche,718 Cayman,1,0,0.0
2026-07-26T10:33:18,Porsche,911 Cabriolet,5,0,0.0
2026-07-26T10:33:18,Porsche,911 Coupé,3,0,0.0
2026-07-26T10:33:18,Porsche,911 Speedster,1,0,0.0
2026-07-26T10:33:18,Porsche,911 Targa,1,0,0.0
2026-07-26T10:33:18,Porsche,Cayenne,3,0,0.0
2026-07-26T10:33:18,Porsche,Cayenne Coupé,5,0,0.0
2026-07-26T10:33:18,Porsche,Cayman,1,0,0.0
2026-07-26T10:33:18,Porsche,Macan,7,3,0.4286
2026-07-26T10:33:18,Porsche,Panamera,3,0,0.0
2026-07-26T10:33:18,Porsche,Panamera Sport Turismo,2,0,0.0
2026-07-26T10:33:18,Porsche,Taycan,8,8,1.0
2026-07-26T10:33:18,Renault,4,7,7,1.0
2026-07-26T10:33:18,Renault,5,39,39,1.0
2026-07-26T10:33:18,Renault,Arkana,380,0,0.0
2026-07-26T10:33:18,Renault,Austral,264,0,0.0
2026-07-26T10:33:18,Renault,Captur,784,0,0.0
2026-07-26T10:33:18,Renault,Clio,1420,0,0.0
2026-07-26T10:33:18,Renault,Clio Estate,2,0,0.0
2026-07-26T10:33:18,Renault,Espace,87,0,0.0
2026-07-26T10:33:18,Renault,Express,22,0,0.0
2026-07-26T10:33:18,Renault,Grand Scénic,31,0,0.0
2026-07-26T10:33:18,Renault,Kadjar,75,1,0.0133
2026-07-26T10:33:18,Renault,Kangoo,28,0,0.0
2026-07-26T10:33:18,Renault,Kangoo Express,15,1,0.0667
2026-07-26T10:33:18,Renault,Kangoo Van,28,7,0.25
2026-07-26T10:33:18,Renault,Koleos,18,0,0.0
2026-07-26T10:33:18,Renault,Master,288,12,0.0417
2026-07-26T10:33:18,Renault,Modus,1,0,0.0
2026-07-26T10:33:18,Renault,Mégane,307,202,0.658
2026-07-26T10:33:18,Renault,Mégane Estate,23,0,0.0
2026-07-26T10:33:18,Renault,Rafale,53,0,0.0
2026-07-26T10:33:18,Renault,Scénic,66,31,0.4697
2026-07-26T10:33:18,Renault,Symbioz,172,0,0.0
2026-07-26T10:33:18,Renault,Talisman,9,0,0.0
2026-07-26T10:33:18,Renault,Talisman Estate,6,0,0.0
2026-07-26T10:33:18,Renault,Trafic,126,1,0.0079
2026-07-26T10:33:18,Renault,Trafic Combi,10,0,0.0
2026-07-26T10:33:18,Renault,Trafic Spacenomad,1,0,0.0
2026-07-26T10:33:18,Renault,Twingo,160,77,0.4813
2026-07-26T10:33:18,Renault,Twizy,3,3,1.0
2026-07-26T10:33:18,Renault,Zoé,59,59,1.0
2026-07-26T10:33:18,Seat,Arona,35,0,0.0
2026-07-26T10:33:18,Seat,Ateca,28,0,0.0
2026-07-26T10:33:18,Seat,Ibiza,33,0,0.0
2026-07-26T10:33:18,Seat,Leon,19,0,0.0
2026-07-26T10:33:18,Seat,Leon St,3,0,0.0
2026-07-26T10:33:18,Seat,Tarraco,1,0,0.0
2026-07-26T10:33:18,Skoda,Enyaq,2,2,1.0
2026-07-26T10:33:18,Skoda,Enyaq Coupé,1,1,1.0
2026-07-26T10:33:18,Skoda,Fabia,31,0,0.0
2026-07-26T10:33:18,Skoda,Fabia Combi,1,0,0.0
2026-07-26T10:33:18,Skoda,Kamiq,33,0,0.0
2026-07-26T10:33:18,Skoda,Karoq,15,0,0.0
2026-07-26T10:33:18,Skoda,Kodiaq,8,0,0.0
2026-07-26T10:33:18,Skoda,Octavia,4,0,0.0
2026-07-26T10:33:18,Skoda,Octavia Combi,7,0,0.0
2026-07-26T10:33:18,Skoda,Scala,6,0,0.0
2026-07-26T10:33:18,Skoda,Superb,1,0,0.0
2026-07-26T10:33:18,Smart,1,1,1,1.0
2026-07-26T10:33:18,Smart,3,2,2,1.0
2026-07-26T10:33:18,Smart,5,2,2,1.0
2026-07-26T10:33:18,Smart,Fortwo Coupé,2,2,1.0
2026-07-26T10:33:18,Subaru,Impreza,1,0,0.0
2026-07-26T10:33:18,Suzuki,Across,1,0,0.0
2026-07-26T10:33:18,Suzuki,Celerio,1,0,0.0
2026-07-26T10:33:18,Suzuki,E Vitara,2,2,1.0
2026-07-26T10:33:18,Suzuki,Ignis,5,0,0.0
2026-07-26T10:33:18,Suzuki,S-Cross,18,0,0.0
2026-07-26T10:33:18,Suzuki,Swift,26,0,0.0
2026-07-26T10:33:18,Suzuki,Vitara,25,1,0.04
2026-07-26T10:33:18,Tesla,Model 3,1,1,1.0
2026-07-27T12:15:29,Abarth,500,5,1,0.2
2026-07-27T12:15:29,Abarth,500c,1,1,1.0
2026-07-27T12:15:29,Abarth,600,1,1,1.0
2026-07-27T12:15:29,Alfa Romeo,Giulia,3,0,0.0
2026-07-27T12:15:29,Alfa Romeo,Giulietta,2,0,0.0
2026-07-27T12:15:29,Alfa Romeo,Junior,1,0,0.0
2026-07-27T12:15:29,Alfa Romeo,Stelvio,5,0,0.0
2026-07-27T12:15:29,Alfa Romeo,Tonale,8,0,0.0
2026-07-27T12:15:29,Alpine,A110,29,0,0.0
2026-07-27T12:15:29,Alpine,A290,13,13,1.0
2026-07-27T12:15:29,Alpine,A390,3,3,1.0
2026-07-27T12:15:29,Aston Martin,V8 Vantage,1,0,0.0
2026-07-27T12:15:29,Audi,A1 Allstreet,3,0,0.0
2026-07-27T12:15:29,Audi,A1 Citycarver,1,0,0.0
2026-07-27T12:15:29,Audi,A1 Sportback,60,0,0.0
2026-07-27T12:15:29,Audi,A3,1,0,0.0
2026-07-27T12:15:29,Audi,A3 Allstreet,5,0,0.0
2026-07-27T12:15:29,Audi,A3 Berline,1,0,0.0
2026-07-27T12:15:29,Audi,A3 Sportback,36,0,0.0
2026-07-27T12:15:29,Audi,A4,2,0,0.0
2026-07-27T12:15:29,Audi,A4 Allroad,1,0,0.0
2026-07-27T12:15:29,Audi,A4 Avant,3,0,0.0
2026-07-27T12:15:29,Audi,A5,4,0,0.0
2026-07-27T12:15:29,Audi,A5 Avant,8,0,0.0
2026-07-27T12:15:29,Audi,A5 Sportback,5,0,0.0
2026-07-27T12:15:29,Audi,A6,2,0,0.0
2026-07-27T12:15:29,Audi,A6 Allroad,3,0,0.0
2026-07-27T12:15:29,Audi,A6 Avant,6,0,0.0
2026-07-27T12:15:29,Audi,A6 Avant E-Tron,2,2,1.0
2026-07-27T12:15:29,Audi,A6 Sportback E-Tron,2,2,1.0
2026-07-27T12:15:29,Audi,A7 Sportback,1,0,0.0
2026-07-27T12:15:29,Audi,A8,1,0,0.0
2026-07-27T12:15:29,Audi,E-Tron Gt,1,1,1.0
2026-07-27T12:15:29,Audi,E-Tron S Sportback,2,2,1.0
2026-07-27T12:15:29,Audi,Q2,51,0,0.0
2026-07-27T12:15:29,Audi,Q3,39,0,0.0
2026-07-27T12:15:29,Audi,Q3 Sportback,26,0,0.0
2026-07-27T12:15:29,Audi,Q4 E-Tron,4,4,1.0
2026-07-27T12:15:29,Audi,Q4 Sportback E-Tron,6,6,1.0
2026-07-27T12:15:29,Audi,Q5,20,0,0.0
2026-07-27T12:15:29,Audi,Q5 Sportback,9,0,0.0
2026-07-27T12:15:29,Audi,Q6 E-Tron,4,4,1.0
2026-07-27T12:15:29,Audi,Q6 Sportback E-Tron,4,4,1.0
2026-07-27T12:15:29,Audi,Q8,3,0,0.0
2026-07-27T12:15:29,Audi,Q8 E-Tron,1,1,1.0
2026-07-27T12:15:29,Audi,Q8 E-Tron Sportback,1,1,1.0
2026-07-27T12:15:29,Audi,R8 Spyder,1,0,0.0
2026-07-27T12:15:29,Audi,Rs Q3 Sportback,1,0,0.0
2026-07-27T12:15:29,Audi,Rs3 Sportback,1,0,0.0
2026-07-27T12:15:29,Audi,Rs4 Avant,1,0,0.0
2026-07-27T12:15:29,Audi,Rs5,1,0,0.0
2026-07-27T12:15:29,Audi,Rs6 Avant,1,0,0.0
2026-07-27T12:15:29,Audi,S3,1,0,0.0
2026-07-27T12:15:29,Audi,S3 Sportback,1,0,0.0
2026-07-27T12:15:29,Audi,S4 Avant,1,0,0.0
2026-07-27T12:15:29,Audi,S6 Avant E-Tron,2,2,1.0
2026-07-27T12:15:29,Audi,Tt,2,0,0.0
2026-07-27T12:15:29,Audi,Tt Roadster,1,0,0.0
2026-07-27T12:15:29,Bmw,I3,5,5,1.0
2026-07-27T12:15:29,Bmw,I4,32,32,1.0
2026-07-27T12:15:29,Bmw,I8,1,0,0.0
2026-07-27T12:15:29,Bmw,Ix,5,5,1.0
2026-07-27T12:15:29,Bmw,Ix3,4,4,1.0
2026-07-27T12:15:29,Bmw,M2 Coupé,3,0,0.0
2026-07-27T12:15:29,Bmw,M4 Coupé,2,0,0.0
2026-07-27T12:15:29,Bmw,M5,1,0,0.0
2026-07-27T12:15:29,Bmw,Série 1,130,0,0.0
2026-07-27T12:15:29,Bmw,Série 2 Active Tourer,75,0,0.0
2026-07-27T12:15:29,Bmw,Série 2 Cabriolet,1,0,0.0
2026-07-27T12:15:29,Bmw,Série 2 Coupé,8,0,0.0
2026-07-27T12:15:29,Bmw,Série 2 Gran Coupé,24,0,0.0
2026-07-27T12:15:29,Bmw,Série 2 Gran Tourer,4,0,0.0
2026-07-27T12:15:29,Bmw,Série 3,13,0,0.0
2026-07-27T12:15:29,Bmw,Série 3 Gran Turismo,4,0,0.0
2026-07-27T12:15:29,Bmw,Série 3 Touring,40,0,0.0
2026-07-27T12:15:29,Bmw,Série 4 Cabriolet,6,0,0.0
2026-07-27T12:15:29,Bmw,Série 4 Coupé,14,0,0.0
2026-07-27T12:15:29,Bmw,Série 4 Gran Coupé,28,0,0.0
2026-07-27T12:15:29,Bmw,Série 5,22,6,0.2727
2026-07-27T12:15:29,Bmw,Série 5 Touring,12,2,0.1667
2026-07-27T12:15:29,Bmw,Série 7,2,0,0.0
2026-07-27T12:15:29,Bmw,Série 8,1,0,0.0
2026-07-27T12:15:29,Bmw,Série 8 Gran Coupé,2,0,0.0
2026-07-27T12:15:29,Bmw,X1,153,29,0.1895
2026-07-27T12:15:29,Bmw,X2,73,7,0.0959
2026-07-27T12:15:29,Bmw,X3,74,0,0.0
2026-07-27T12:15:29,Bmw,X3 M,1,0,0.0
2026-07-27T12:15:29,Bmw,X4,9,0,0.0
2026-07-27T12:15:29,Bmw,X4 M,2,0,0.0
2026-07-27T12:15:29,Bmw,X5,34,0,0.0
2026-07-27T12:15:29,Bmw,X6,2,0,0.0
2026-07-27T12:15:29,Bmw,Xm,6,0,0.0
2026-07-27T12:15:29,Bmw,Z4 Roadster,8,0,0.0
2026-07-27T12:15:29,Byd,Atto 2,2,2,1.0
2026-07-27T12:15:29,Byd,Atto 3,1,1,1.0
2026-07-27T12:15:29,Byd,Dolphin,1,1,1.0
2026-07-27T12:15:29,Byd,Seal 6 Dm-I,1,0,0.0
2026-07-27T12:15:29,Byd,Seal 6 Dm-I Touring,2,0,0.0
2026-07-27T12:15:29,Byd,Tang,4,4,1.0
2026-07-27T12:15:29,Citroen,Ami,13,13,1.0
2026-07-27T12:15:29,Citroen,Berlingo,20,4,0.2
2026-07-27T12:15:29,Citroen,Berlingo Van,36,0,0.0
2026-07-27T12:15:29,Citroen,C1,13,0,0.0
2026-07-27T12:15:29,Citroen,C3,758,11,0.0145
2026-07-27T12:15:29,Citroen,C3 Aircross,174,7,0.0402
2026-07-27T12:15:29,Citroen,C4,130,29,0.2231
2026-07-27T12:15:29,Citroen,C4 Cactus,14,0,0.0
2026-07-27T12:15:29,Citroen,C4 Picasso,5,0,0.0
2026-07-27T12:15:29,Citroen,C4 Spacetourer,5,0,0.0
2026-07-27T12:15:29,Citroen,C4 X,7,1,0.1429
2026-07-27T12:15:29,Citroen,C5,1,0,0.0
2026-07-27T12:15:29,Citroen,C5 Aircross,212,3,0.0142
2026-07-27T12:15:29,Citroen,C5 X,15,0,0.0
2026-07-27T12:15:29,Citroen,Grand C4 Picasso,1,0,0.0
2026-07-27T12:15:29,Citroen,Grand C4 Spacetourer,4,0,0.0
2026-07-27T12:15:29,Citroen,Holidays,1,0,0.0
2026-07-27T12:15:29,Citroen,Jumper,17,0,0.0
2026-07-27T12:15:29,Citroen,Jumpy,33,1,0.0303
2026-07-27T12:15:29,Citroen,Spacetourer,12,0,0.0
2026-07-27T12:15:29,Cupra,Born,2,2,1.0
2026-07-27T12:15:29,Cupra,Formentor,19,0,0.0
2026-07-27T12:15:29,Cupra,Leon,8,0,0.0
2026-07-27T12:15:29,Cupra,Leon St,2,0,0.0
2026-07-27T12:15:29,Cupra,Raval,2,2,1.0
2026-07-27T12:15:29,Cupra,Terramar,4,0,0.0
2026-07-27T12:15:29,Dacia,Bigster,42,0,0.0
2026-07-27T12:15:29,Dacia,Dokker,3,0,0.0
2026-07-27T12:15:29,Dacia,Duster,397,0,0.0
2026-07-27T12:15:29,Dacia,Jogger,139,0,0.0
2026-07-27T12:15:29,Dacia,Lodgy,10,0,0.0
2026-07-27T12:15:29,Dacia,Logan,2,0,0.0
2026-07-27T12:15:29,Dacia,Logan Mcv,1,0,0.0
2026-07-27T12:15:29,Dacia,Sandero,660,0,0.0
2026-07-27T12:15:29,Dacia,Spring,196,196,1.0
2026-07-27T12:15:29,Ds,4,14,6,0.4286
2026-07-27T12:15:29,Ds,8,6,6,1.0
2026-07-27T12:15:29,Ds,Ds,3,0,0.0
2026-07-27T12:15:29,Ds,Ds 3,43,11,0.2558
2026-07-27T12:15:29,Ds,Ds 3 Crossback,49,7,0.1429
2026-07-27T12:15:29,Ds,Ds 4,124,0,0.0
2026-07-27T12:15:29,Ds,Ds 7,47,0,0.0
2026-07-27T12:15:29,Ds,Ds 7 Crossback,53,0,0.0
2026-07-27T12:15:29,Ds,Ds 9,1,0,0.0
2026-07-27T12:15:29,Fiat,500,45,20,0.4444
2026-07-27T12:15:29,Fiat,500c,9,2,0.2222
2026-07-27T12:15:29,Fiat,500l,1,0,0.0
2026-07-27T12:15:29,Fiat,500x,24,0,0.0
2026-07-27T12:15:29,Fiat,600,13,2,0.1538
2026-07-27T12:15:29,Fiat,Doblo Cargo,2,0,0.0
2026-07-27T12:15:29,Fiat,Ducato,4,0,0.0
2026-07-27T12:15:29,Fiat,Grande Panda,4,2,0.5
2026-07-27T12:15:29,Fiat,Panda,5,0,0.0
2026-07-27T12:15:29,Fiat,Punto,1,0,0.0
2026-07-27T12:15:29,Fiat,Scudo,5,1,0.2
2026-07-27T12:15:29,Fiat,Scudo Combi,1,0,0.0
2026-07-27T12:15:29,Fiat,Talento,1,0,0.0
2026-07-27T12:15:29,Fiat,Tipo,3,0,0.0
2026-07-27T12:15:29,Fiat,Tipo Cross,2,0,0.0
2026-07-27T12:15:29,Ford,B-Max,3,0,0.0
2026-07-27T12:15:29,Ford,C-Max,1,0,0.0
2026-07-27T12:15:29,Ford,Capri,9,9,1.0
2026-07-27T12:15:29,Ford,Ecosport,16,0,0.0
2026-07-27T12:15:29,Ford,Explorer,18,16,0.8889
2026-07-27T12:15:29,Ford,Fiesta,45,0,0.0
2026-07-27T12:15:29,Ford,Fiesta Active,2,0,0.0
2026-07-27T12:15:29,Ford,Focus,27,0,0.0
2026-07-27T12:15:29,Ford,Focus Active,1,0,0.0
2026-07-27T12:15:29,Ford,Focus Active Sw,1,0,0.0
2026-07-27T12:15:29,Ford,Galaxy,1,0,0.0
2026-07-27T12:15:29,Ford,Grand Tourneo Connect,1,0,0.0
2026-07-27T12:15:29,Ford,Ka et plus,1,0,0.0
2026-07-27T12:15:29,Ford,Kuga,81,0,0.0
2026-07-27T12:15:29,Ford,Mondeo,1,0,0.0
2026-07-27T12:15:29,Ford,Mondeo Sw,1,0,0.0
2026-07-27T12:15:29,Ford,Mustang Fastback,1,0,0.0
2026-07-27T12:15:29,Ford,Mustang Mach-E,5,5,1.0
2026-07-27T12:15:29,Ford,Puma,139,16,0.1151
2026-07-27T12:15:29,Ford,Ranger,10,0,0.0
2026-07-27T12:15:29,Ford,S-Max,4,0,0.0
2026-07-27T12:15:29,Ford,Tourneo Connect,1,0,0.0
2026-07-27T12:15:29,Ford,Tourneo Courier,9,1,0.1111
2026-07-27T12:15:29,Ford,Tourneo Custom,4,0,0.0
2026-07-27T12:15:29,Ford,Transit 2t,10,1,0.1
2026-07-27T12:15:29,Ford,Transit Connect,3,0,0.0
2026-07-27T12:15:29,Ford,Transit Courier,3,3,1.0
2026-07-27T12:15:29,Ford,Transit Custom,20,0,0.0
2026-07-27T12:15:29,Ford,Transit Custom Kombi,4,0,0.0
2026-07-27T12:15:29,Ford,Transit Custom Nugget,1,0,0.0
2026-07-27T12:15:29,Honda,Cr-V,1,0,0.0
2026-07-27T12:15:29,Honda,Hr-V,3,0,0.0
2026-07-27T12:15:29,Honda,Jazz,2,0,0.0
2026-07-27T12:15:29,Honda,Ny1,1,1,1.0
2026-07-27T12:15:29,Hyundai,Bayon,5,0,0.0
2026-07-27T12:15:29,Hyundai,I10,1,0,0.0
2026-07-27T12:15:29,Hyundai,I20,33,0,0.0
2026-07-27T12:15:29,Hyundai,I30,3,0,0.0
2026-07-27T12:15:29,Hyundai,I30 Fastback,1,0,0.0
2026-07-27T12:15:29,Hyundai,I30 Sw,4,0,0.0
2026-07-27T12:15:29,Hyundai,Ioniq,1,1,1.0
2026-07-27T12:15:29,Hyundai,Ix20,1,0,0.0
2026-07-27T12:15:29,Hyundai,Kona,21,0,0.0
2026-07-27T12:15:29,Hyundai,Santa Fe,2,0,0.0
2026-07-27T12:15:29,Hyundai,Tucson,39,0,0.0
2026-07-27T12:15:29,Isuzu,D-Max,1,0,0.0
2026-07-28T11:12:49,Abarth,500,4,1,0.25
2026-07-28T11:12:49,Abarth,500c,1,1,1.0
2026-07-28T11:12:49,Abarth,600,1,1,1.0
2026-07-28T11:12:49,Alfa Romeo,Giulia,3,0,0.0
2026-07-28T11:12:49,Alfa Romeo,Giulietta,2,0,0.0
2026-07-28T11:12:49,Alfa Romeo,Junior,1,0,0.0
2026-07-28T11:12:49,Alfa Romeo,Stelvio,5,0,0.0
2026-07-28T11:12:49,Alfa Romeo,Tonale,8,0,0.0
2026-07-28T11:12:49,Alpine,A110,29,0,0.0
2026-07-28T11:12:49,Alpine,A290,13,13,1.0
2026-07-28T11:12:49,Alpine,A390,5,5,1.0
2026-07-28T11:12:49,Aston Martin,V8 Vantage,1,0,0.0
2026-07-28T11:12:49,Audi,A1 Allstreet,3,0,0.0
2026-07-28T11:12:49,Audi,A1 Citycarver,1,0,0.0
2026-07-28T11:12:49,Audi,A1 Sportback,60,0,0.0
2026-07-28T11:12:49,Audi,A3,1,0,0.0
2026-07-28T11:12:49,Audi,A3 Allstreet,5,0,0.0
2026-07-28T11:12:49,Audi,A3 Berline,1,0,0.0
2026-07-28T11:12:49,Audi,A3 Sportback,35,0,0.0
2026-07-28T11:12:49,Audi,A4,2,0,0.0
2026-07-28T11:12:49,Audi,A4 Allroad,1,0,0.0
2026-07-28T11:12:49,Audi,A4 Avant,3,0,0.0
2026-07-28T11:12:49,Audi,A5,4,0,0.0
2026-07-28T11:12:49,Audi,A5 Avant,8,0,0.0
2026-07-28T11:12:49,Audi,A5 Sportback,5,0,0.0
2026-07-28T11:12:49,Audi,A6,2,0,0.0
2026-07-28T11:12:49,Audi,A6 Allroad,3,0,0.0
2026-07-28T11:12:49,Audi,A6 Avant,6,0,0.0
2026-07-28T11:12:49,Audi,A6 Avant E-Tron,2,2,1.0
2026-07-28T11:12:49,Audi,A6 Sportback E-Tron,2,2,1.0
2026-07-28T11:12:49,Audi,A7 Sportback,1,0,0.0
2026-07-28T11:12:49,Audi,A8,1,0,0.0
2026-07-28T11:12:49,Audi,E-Tron Gt,1,1,1.0
2026-07-28T11:12:49,Audi,E-Tron S Sportback,2,2,1.0
2026-07-28T11:12:49,Audi,Q2,50,0,0.0
2026-07-28T11:12:49,Audi,Q3,39,0,0.0
2026-07-28T11:12:49,Audi,Q3 Sportback,26,0,0.0
2026-07-28T11:12:49,Audi,Q4 E-Tron,4,4,1.0
2026-07-28T11:12:49,Audi,Q4 Sportback E-Tron,6,6,1.0
2026-07-28T11:12:49,Audi,Q5,20,0,0.0
2026-07-28T11:12:49,Audi,Q5 Sportback,9,0,0.0
2026-07-28T11:12:49,Audi,Q6 E-Tron,4,4,1.0
2026-07-28T11:12:49,Audi,Q6 Sportback E-Tron,4,4,1.0
2026-07-28T11:12:49,Audi,Q8,3,0,0.0
2026-07-28T11:12:49,Audi,Q8 E-Tron,1,1,1.0
2026-07-28T11:12:49,Audi,Q8 E-Tron Sportback,1,1,1.0
2026-07-28T11:12:49,Audi,R8 Spyder,1,0,0.0
2026-07-28T11:12:49,Audi,Rs3 Sportback,1,0,0.0
2026-07-28T11:12:49,Audi,Rs4 Avant,1,0,0.0
2026-07-28T11:12:49,Audi,Rs6 Avant,1,0,0.0
2026-07-28T11:12:49,Audi,S3,1,0,0.0
2026-07-28T11:12:49,Audi,S3 Sportback,1,0,0.0
2026-07-28T11:12:49,Audi,S4 Avant,1,0,0.0
2026-07-28T11:12:49,Audi,S6 Avant E-Tron,2,2,1.0
2026-07-28T11:12:49,Audi,Tt,2,0,0.0
2026-07-28T11:12:49,Audi,Tt Roadster,1,0,0.0
2026-07-28T11:12:49,Bmw,I3,5,5,1.0
2026-07-28T11:12:49,Bmw,I4,33,33,1.0
2026-07-28T11:12:49,Bmw,I8,1,0,0.0
2026-07-28T11:12:49,Bmw,Ix,5,5,1.0
2026-07-28T11:12:49,Bmw,Ix3,4,4,1.0
2026-07-28T11:12:49,Bmw,M2 Coupé,3,0,0.0
2026-07-28T11:12:49,Bmw,M4 Coupé,2,0,0.0
2026-07-28T11:12:49,Bmw,M5,1,0,0.0
2026-07-28T11:12:49,Bmw,Série 1,130,0,0.0
2026-07-28T11:12:49,Bmw,Série 2 Active Tourer,73,0,0.0
2026-07-28T11:12:49,Bmw,Série 2 Cabriolet,1,0,0.0
2026-07-28T11:12:49,Bmw,Série 2 Coupé,8,0,0.0
2026-07-28T11:12:49,Bmw,Série 2 Gran Coupé,24,0,0.0
2026-07-28T11:12:49,Bmw,Série 2 Gran Tourer,4,0,0.0
2026-07-28T11:12:49,Bmw,Série 3,12,0,0.0
2026-07-28T11:12:49,Bmw,Série 3 Gran Turismo,4,0,0.0
2026-07-28T11:12:49,Bmw,Série 3 Touring,40,0,0.0
2026-07-28T11:12:49,Bmw,Série 4 Cabriolet,6,0,0.0
2026-07-28T11:12:49,Bmw,Série 4 Coupé,13,0,0.0
2026-07-28T11:12:49,Bmw,Série 4 Gran Coupé,28,0,0.0
2026-07-28T11:12:49,Bmw,Série 5,21,6,0.2857
2026-07-28T11:12:49,Bmw,Série 5 Touring,12,2,0.1667
2026-07-28T11:12:49,Bmw,Série 7,2,0,0.0
2026-07-28T11:12:49,Bmw,Série 8,1,0,0.0
2026-07-28T11:12:49,Bmw,Série 8 Gran Coupé,2,0,0.0
2026-07-28T11:12:49,Bmw,X1,151,28,0.1854
2026-07-28T11:12:49,Bmw,X2,73,8,0.1096
2026-07-28T11:12:49,Bmw,X3,71,0,0.0
2026-07-28T11:12:49,Bmw,X3 M,1,0,0.0
2026-07-28T11:12:49,Bmw,X4,9,0,0.0
2026-07-28T11:12:49,Bmw,X4 M,2,0,0.0
2026-07-28T11:12:49,Bmw,X5,33,0,0.0
2026-07-28T11:12:49,Bmw,X6,2,0,0.0
2026-07-28T11:12:49,Bmw,Xm,6,0,0.0
2026-07-28T11:12:49,Bmw,Z4 Roadster,8,0,0.0
2026-07-28T11:12:49,Byd,Atto 2,2,2,1.0
2026-07-28T11:12:49,Byd,Atto 3,1,1,1.0
2026-07-28T11:12:49,Byd,Dolphin,1,1,1.0
2026-07-28T11:12:49,Byd,Seal 6 Dm-I,1,0,0.0
2026-07-28T11:12:49,Byd,Seal 6 Dm-I Touring,1,0,0.0
2026-07-28T11:12:49,Byd,Tang,4,4,1.0
2026-07-28T11:12:49,Citroen,Ami,15,15,1.0
2026-07-28T11:12:49,Citroen,Berlingo,19,4,0.2105
2026-07-28T11:12:49,Citroen,Berlingo Van,37,0,0.0
2026-07-28T11:12:49,Citroen,C1,13,0,0.0
2026-07-28T11:12:49,Citroen,C3,755,11,0.0146
2026-07-28T11:12:49,Citroen,C3 Aircross,176,7,0.0398
2026-07-28T11:12:49,Citroen,C4,126,28,0.2222
2026-07-28T11:12:49,Citroen,C4 Cactus,14,0,0.0
2026-07-28T11:12:49,Citroen,C4 Picasso,5,0,0.0
2026-07-28T11:12:49,Citroen,C4 Spacetourer,5,0,0.0
2026-07-28T11:12:49,Citroen,C4 X,7,1,0.1429
2026-07-28T11:12:49,Citroen,C5 Aircross,209,3,0.0144
2026-07-28T11:12:49,Citroen,C5 X,15,0,0.0
2026-07-28T11:12:49,Citroen,Grand C4 Picasso,1,0,0.0
2026-07-28T11:12:49,Citroen,Grand C4 Spacetourer,3,0,0.0
2026-07-28T11:12:49,Citroen,Holidays,1,0,0.0
2026-07-28T11:12:49,Citroen,Jumper,17,0,0.0
2026-07-28T11:12:49,Citroen,Jumpy,32,1,0.0312
2026-07-28T11:12:49,Citroen,Spacetourer,13,0,0.0
2026-07-28T11:12:49,Cupra,Born,2,2,1.0
2026-07-28T11:12:49,Cupra,Formentor,18,0,0.0
2026-07-28T11:12:49,Cupra,Leon,8,0,0.0
2026-07-28T11:12:49,Cupra,Leon St,2,0,0.0
2026-07-28T11:12:49,Cupra,Raval,2,2,1.0
2026-07-28T11:12:49,Cupra,Terramar,4,0,0.0
2026-07-28T11:12:49,Dacia,Bigster,42,0,0.0
2026-07-28T11:12:49,Dacia,Dokker,2,0,0.0
2026-07-28T11:12:49,Dacia,Duster,398,0,0.0
2026-07-28T11:12:49,Dacia,Jogger,138,0,0.0
2026-07-28T11:12:49,Dacia,Lodgy,9,0,0.0
2026-07-28T11:12:49,Dacia,Logan,2,0,0.0
2026-07-28T11:12:49,Dacia,Logan Mcv,1,0,0.0
2026-07-28T11:12:49,Dacia,Sandero,648,0,0.0
2026-07-28T11:12:49,Dacia,Spring,195,195,1.0
2026-07-28T11:12:49,Ds,4,14,6,0.4286
2026-07-28T11:12:49,Ds,8,6,6,1.0
2026-07-28T11:12:49,Ds,Ds,3,0,0.0
2026-07-28T11:12:49,Ds,Ds 3,43,11,0.2558
2026-07-28T11:12:49,Ds,Ds 3 Crossback,49,7,0.1429
2026-07-28T11:12:49,Ds,Ds 4,124,0,0.0
2026-07-28T11:12:49,Ds,Ds 7,47,0,0.0
2026-07-28T11:12:49,Ds,Ds 7 Crossback,53,0,0.0
2026-07-28T11:12:49,Ds,Ds 9,1,0,0.0
2026-07-28T11:12:49,Fiat,500,44,20,0.4545
2026-07-28T11:12:49,Fiat,500c,9,2,0.2222
2026-07-28T11:12:49,Fiat,500x,23,0,0.0
2026-07-28T11:12:49,Fiat,600,12,2,0.1667
2026-07-28T11:12:49,Fiat,Doblo Cargo,2,0,0.0
2026-07-28T11:12:49,Fiat,Ducato,3,0,0.0
2026-07-28T11:12:49,Fiat,Grande Panda,4,2,0.5
2026-07-28T11:12:49,Fiat,Panda,5,0,0.0
2026-07-28T11:12:49,Fiat,Punto,1,0,0.0
2026-07-28T11:12:49,Fiat,Scudo,5,1,0.2
2026-07-28T11:12:49,Fiat,Scudo Combi,1,0,0.0
2026-07-28T11:12:49,Fiat,Tipo,3,0,0.0
2026-07-28T11:12:49,Fiat,Tipo Cross,2,0,0.0
2026-07-28T11:12:49,Ford,B-Max,3,0,0.0
2026-07-28T11:12:49,Ford,C-Max,1,0,0.0
2026-07-28T11:12:49,Ford,Capri,9,9,1.0
2026-07-28T11:12:49,Ford,Ecosport,14,0,0.0
2026-07-28T11:12:49,Ford,Explorer,18,16,0.8889
2026-07-28T11:12:49,Ford,Fiesta,44,0,0.0
2026-07-28T11:12:49,Ford,Fiesta Active,2,0,0.0
2026-07-28T11:12:49,Ford,Focus,27,0,0.0
2026-07-28T11:12:49,Ford,Focus Active,1,0,0.0
2026-07-28T11:12:49,Ford,Galaxy,1,0,0.0
2026-07-28T11:12:49,Ford,Grand Tourneo Connect,1,0,0.0
2026-07-28T11:12:49,Ford,Ka et plus,1,0,0.0
2026-07-28T11:12:49,Ford,Kuga,82,0,0.0
2026-07-28T11:12:49,Ford,Mondeo,2,0,0.0
2026-07-28T11:12:49,Ford,Mondeo Sw,1,0,0.0
2026-07-28T11:12:49,Ford,Mustang Fastback,1,0,0.0
2026-07-28T11:12:49,Ford,Mustang Mach-E,5,5,1.0
2026-07-28T11:12:49,Ford,Puma,138,16,0.1159
2026-07-28T11:12:49,Ford,Ranger,10,0,0.0
2026-07-28T11:12:49,Ford,S-Max,4,0,0.0
2026-07-28T11:12:49,Ford,Tourneo Connect,1,0,0.0
2026-07-28T11:12:49,Ford,Tourneo Courier,8,1,0.125
2026-07-28T11:12:49,Ford,Tourneo Custom,4,0,0.0
2026-07-28T11:12:49,Ford,Transit 2t,10,1,0.1
2026-07-28T11:12:49,Ford,Transit Connect,3,0,0.0
2026-07-28T11:12:49,Ford,Transit Courier,3,3,1.0
2026-07-28T11:12:49,Ford,Transit Custom,19,0,0.0
2026-07-28T11:12:49,Ford,Transit Custom Kombi,4,0,0.0
2026-07-28T11:12:49,Ford,Transit Custom Nugget,1,0,0.0
2026-07-28T11:12:49,Honda,Cr-V,1,0,0.0
2026-07-28T11:12:49,Honda,Hr-V,3,0,0.0
2026-07-28T11:12:49,Honda,Jazz,2,0,0.0
2026-07-28T11:12:49,Honda,Ny1,1,1,1.0
2026-07-28T11:12:49,Hyundai,Bayon,5,0,0.0
2026-07-28T11:12:49,Hyundai,I10,1,0,0.0
2026-07-28T11:12:49,Hyundai,I20,32,0,0.0
2026-07-28T11:12:49,Hyundai,I30,3,0,0.0
2026-07-28T11:12:49,Hyundai,I30 Fastback,1,0,0.0
2026-07-28T11:12:49,Hyundai,I30 Sw,4,0,0.0
2026-07-28T11:12:49,Hyundai,Ioniq,1,1,1.0
2026-07-28T11:12:49,Hyundai,Ix20,1,0,0.0
2026-07-28T11:12:49,Hyundai,Kona,21,0,0.0
2026-07-28T11:12:49,Hyundai,Santa Fe,2,0,0.0
2026-07-28T11:12:49,Hyundai,Tucson,39,0,0.0
2026-07-28T11:12:49,Isuzu,D-Max,1,0,0.0
2026-07-28T11:12:49,Iveco,Daily,2,0,0.0
2026-07-28T11:12:49,Renault,4,7,7,1.0
2026-07-28T11:12:49,Renault,5,39,39,1.0
2026-07-28T11:12:49,Renault,Arkana,377,0,0.0
2026-07-28T11:12:49,Renault,Austral,266,0,0.0
2026-07-28T11:12:49,Renault,Captur,788,0,0.0
2026-07-28T11:12:49,Renault,Clio,1408,0,0.0
2026-07-28T11:12:49,Renault,Clio Estate,2,0,0.0
2026-07-28T11:12:49,Renault,Espace,88,0,0.0
2026-07-28T11:12:49,Renault,Express,22,0,0.0
2026-07-28T11:12:49,Renault,Grand Scénic,31,0,0.0
2026-07-28T11:12:49,Renault,Kadjar,75,1,0.0133
2026-07-28T11:12:49,Renault,Kangoo,29,0,0.0
2026-07-28T11:12:49,Renault,Kangoo Express,15,1,0.0667
2026-07-28T11:12:49,Renault,Kangoo Van,30,7,0.2333
2026-07-28T11:12:49,Renault,Koleos,19,0,0.0
2026-07-28T11:12:49,Renault,Master,286,12,0.042
2026-07-28T11:12:49,Renault,Modus,1,0,0.0
2026-07-28T11:12:49,Renault,Mégane,302,199,0.6589
2026-07-28T11:12:49,Renault,Mégane Estate,22,0,0.0
2026-07-28T11:12:49,Renault,Rafale,50,0,0.0
2026-07-28T11:12:49,Renault,Scénic,65,30,0.4615
2026-07-28T11:12:49,Renault,Symbioz,175,0,0.0
2026-07-28T11:12:49,Renault,Talisman,9,0,0.0
2026-07-28T11:12:49,Renault,Talisman Estate,7,0,0.0
2026-07-28T11:12:49,Renault,Trafic,126,1,0.0079
2026-07-28T11:12:49,Renault,Trafic Combi,9,0,0.0
2026-07-28T11:12:49,Renault,Trafic Spacenomad,1,0,0.0
2026-07-28T11:12:49,Renault,Twingo,159,79,0.4969
2026-07-28T11:12:49,Renault,Twizy,3,3,1.0
2026-07-28T11:12:49,Renault,Zoé,56,56,1.0
2026-07-28T11:12:49,Seat,Arona,35,0,0.0
2026-07-28T11:12:49,Seat,Ateca,28,0,0.0
2026-07-28T11:12:49,Seat,Ibiza,32,0,0.0
2026-07-28T11:12:49,Seat,Leon,20,0,0.0
2026-07-28T11:12:49,Seat,Leon St,3,0,0.0
2026-07-28T11:12:49,Seat,Tarraco,1,0,0.0
2026-07-28T11:12:49,Skoda,Enyaq,2,2,1.0
2026-07-28T11:12:49,Skoda,Enyaq Coupé,1,1,1.0
2026-07-28T11:12:49,Skoda,Fabia,31,0,0.0
2026-07-28T11:12:49,Skoda,Fabia Combi,1,0,0.0
2026-07-28T11:12:49,Skoda,Kamiq,32,0,0.0
2026-07-28T11:12:49,Skoda,Karoq,15,0,0.0
2026-07-28T11:12:49,Skoda,Kodiaq,8,0,0.0
2026-07-28T11:12:49,Skoda,Octavia,4,0,0.0
2026-07-28T11:12:49,Skoda,Octavia Combi,7,0,0.0
2026-07-28T11:12:49,Skoda,Scala,6,0,0.0
2026-07-28T11:12:49,Skoda,Superb,1,0,0.0
2026-07-28T11:12:49,Smart,1,1,1,1.0
2026-07-28T11:12:49,Smart,3,2,2,1.0
2026-07-28T11:12:49,Smart,5,2,2,1.0
2026-07-28T11:12:49,Smart,Fortwo Coupé,2,2,1.0
2026-07-28T11:12:49,Subaru,Impreza,1,0,0.0
2026-07-28T11:12:49,Suzuki,Across,1,0,0.0
2026-07-28T11:12:49,Suzuki,Celerio,1,0,0.0
2026-07-28T11:12:49,Suzuki,E Vitara,2,2,1.0
2026-07-28T11:12:49,Suzuki,Ignis,5,0,0.0
2026-07-28T11:12:49,Suzuki,S-Cross,17,0,0.0
2026-07-28T11:12:49,Suzuki,Swift,25,0,0.0
2026-07-28T11:12:49,Suzuki,Vitara,25,1,0.04
2026-07-28T11:12:49,Toyota,Auris Touring Sports,1,0,0.0
2026-07-28T11:12:49,Toyota,Aygo,16,0,0.0
2026-07-28T11:12:49,Toyota,Aygo X,80,0,0.0
2026-07-28T11:12:49,Toyota,Bz4x,2,2,1.0
2026-07-28T11:12:49,Toyota,Bz4x Touring,2,2,1.0
2026-07-28T11:12:49,Toyota,C-Hr,89,0,0.0
2026-07-28T11:12:49,Toyota,C-Hr et plus,3,3,1.0
2026-07-28T11:12:49,Toyota,Corolla,19,0,0.0
2026-07-28T11:12:49,Toyota,Corolla Touring Sports,14,0,0.0
2026-07-28T11:12:49,Toyota,Hilux,3,0,0.0
2026-07-28T11:12:49,Toyota,Prius,1,0,0.0
2026-07-28T11:12:49,Toyota,Prius Hybride Rechargeable,1,0,0.0
2026-07-28T11:12:49,Toyota,Prius et plus,1,0,0.0
2026-07-28T11:12:49,Toyota,Proace,5,2,0.4
2026-07-28T11:12:49,Toyota,Proace City,2,0,0.0
2026-07-28T11:12:49,Toyota,Proace City Verso,1,0,0.0
2026-07-28T11:12:49,Toyota,Proace Max,1,0,0.0
2026-07-28T11:12:49,Toyota,Proace Verso,1,0,0.0
2026-07-28T11:12:49,Toyota,Rav4,18,0,0.0
2026-07-28T11:12:49,Toyota,Yaris,189,0,0.0
2026-07-28T11:12:49,Toyota,Yaris Cross,119,0,0.0
2026-07-28T11:12:49,Volkswagen,3,14,14,1.0
2026-07-28T11:12:49,Volkswagen,4,11,11,1.0
2026-07-28T11:12:49,Volkswagen,5,5,5,1.0
2026-07-28T11:12:49,Volkswagen,7,1,1,1.0
2026-07-28T11:12:49,Volkswagen,Arteon,2,0,0.0
2026-07-28T11:12:49,Volkswagen,Buzz,4,4,1.0
2026-07-28T11:12:49,Volkswagen,Caddy,1,0,0.0
2026-07-28T11:12:49,Volkswagen,Caddy Cargo,3,0,0.0
2026-07-28T11:12:49,Volkswagen,Caddy Maxi,1,0,0.0
2026-07-28T11:12:49,Volkswagen,Caddy Van,2,0,0.0
2026-07-28T11:12:49,Volkswagen,Caravelle,3,2,0.6667
2026-07-28T11:12:49,Volkswagen,Coccinelle,1,0,0.0
2026-07-28T11:12:49,Volkswagen,Crafter,4,0,0.0
2026-07-28T11:12:49,Volkswagen,Golf,54,0,0.0
2026-07-28T11:12:49,Volkswagen,Golf Sportsvan,1,0,0.0
2026-07-28T11:12:49,Volkswagen,Golf Sw,6,0,0.0
2026-07-28T11:12:49,Volkswagen,Multivan,1,0,0.0
2026-07-28T11:12:49,Volkswagen,Passat Sw,8,0,0.0
2026-07-28T11:12:49,Volkswagen,Polo,114,0,0.0
2026-07-28T11:12:49,Volkswagen,T-Cross,55,0,0.0
2026-07-28T11:12:49,Volkswagen,T-Roc,122,0,0.0
2026-07-28T11:12:49,Volkswagen,T-Roc Cabriolet,8,0,0.0
2026-07-28T11:12:49,Volkswagen,Taigo,46,0,0.0
2026-07-28T11:12:49,Volkswagen,Tayron,1,0,0.0
2026-07-28T11:12:49,Volkswagen,Tiguan,72,0,0.0
2026-07-28T11:12:49,Volkswagen,Tiguan Allspace,1,0,0.0
2026-07-28T11:12:49,Volkswagen,Touran,6,0,0.0
2026-07-28T11:12:49,Volkswagen,Transporter,14,1,0.0714
2026-07-28T11:12:49,Volvo,C40,3,3,1.0
2026-07-28T11:12:49,Volvo,Ec40,7,7,1.0
2026-07-28T11:12:49,Volvo,Es90,3,3,1.0
2026-07-28T11:12:49,Volvo,Ex30,14,14,1.0
2026-07-28T11:12:49,Volvo,Ex30 Cross Country,4,4,1.0
2026-07-28T11:12:49,Volvo,Ex40,9,9,1.0
2026-07-28T11:12:49,Volvo,Ex90,2,2,1.0
2026-07-28T11:12:49,Volvo,S60,1,0,0.0
2026-07-28T11:12:49,Volvo,S90,1,0,0.0
2026-07-28T11:12:49,Volvo,V60,14,0,0.0
2026-07-28T11:12:49,Volvo,Xc40,46,8,0.1739
2026-07-28T11:12:49,Volvo,Xc60,43,0,0.0
2026-07-28T11:12:49,Volvo,Xc90,7,0,0.0
2026-07-29T11:17:37,Abarth,500,4,1,0.25
2026-07-29T11:17:37,Abarth,500c,1,1,1.0
2026-07-29T11:17:37,Abarth,600,1,1,1.0
2026-07-29T11:17:37,Alfa Romeo,Giulia,3,0,0.0
2026-07-29T11:17:37,Alfa Romeo,Giulietta,2,0,0.0
2026-07-29T11:17:37,Alfa Romeo,Junior,1,0,0.0
2026-07-29T11:17:37,Alfa Romeo,Stelvio,5,0,0.0
2026-07-29T11:17:37,Alfa Romeo,Tonale,9,0,0.0
2026-07-29T11:17:37,Alpine,A110,27,0,0.0
2026-07-29T11:17:37,Alpine,A290,13,13,1.0
2026-07-29T11:17:37,Alpine,A390,5,5,1.0
2026-07-29T11:17:37,Aston Martin,V8 Vantage,1,0,0.0
2026-07-29T11:17:37,Audi,A1 Allstreet,3,0,0.0
2026-07-29T11:17:37,Audi,A1 Citycarver,1,0,0.0
2026-07-29T11:17:37,Audi,A1 Sportback,60,0,0.0
2026-07-29T11:17:37,Audi,A3,1,0,0.0
2026-07-29T11:17:37,Audi,A3 Allstreet,5,0,0.0
2026-07-29T11:17:37,Audi,A3 Sportback,36,0,0.0
2026-07-29T11:17:37,Audi,A4,2,0,0.0
2026-07-29T11:17:37,Audi,A4 Allroad,1,0,0.0
2026-07-29T11:17:37,Audi,A4 Avant,3,0,0.0
2026-07-29T11:17:37,Audi,A5,4,0,0.0
2026-07-29T11:17:37,Audi,A5 Avant,8,0,0.0
2026-07-29T11:17:37,Audi,A5 Sportback,5,0,0.0
2026-07-29T11:17:37,Audi,A6,2,0,0.0
2026-07-29T11:17:37,Audi,A6 Allroad,3,0,0.0
2026-07-29T11:17:37,Audi,A6 Avant,6,0,0.0
2026-07-29T11:17:37,Audi,A6 Avant E-Tron,2,2,1.0
2026-07-29T11:17:37,Audi,A6 Sportback E-Tron,2,2,1.0
2026-07-29T11:17:37,Audi,A7 Sportback,1,0,0.0
2026-07-29T11:17:37,Audi,A8,1,0,0.0
2026-07-29T11:17:37,Audi,E-Tron Gt,1,1,1.0
2026-07-29T11:17:37,Audi,E-Tron S Sportback,2,2,1.0
2026-07-29T11:17:37,Audi,Q2,49,0,0.0
2026-07-29T11:17:37,Audi,Q3,40,0,0.0
2026-07-29T11:17:37,Audi,Q3 Sportback,28,0,0.0
2026-07-29T11:17:37,Audi,Q4 E-Tron,4,4,1.0
2026-07-29T11:17:37,Audi,Q4 Sportback E-Tron,6,6,1.0
2026-07-29T11:17:37,Audi,Q5,20,0,0.0
2026-07-29T11:17:37,Audi,Q5 Sportback,9,0,0.0
2026-07-29T11:17:37,Audi,Q6 E-Tron,4,4,1.0
2026-07-29T11:17:37,Audi,Q6 Sportback E-Tron,4,4,1.0
2026-07-29T11:17:37,Audi,Q7,1,0,0.0
2026-07-29T11:17:37,Audi,Q8,3,0,0.0
2026-07-29T11:17:37,Audi,Q8 E-Tron,1,1,1.0
2026-07-29T11:17:37,Audi,Q8 E-Tron Sportback,1,1,1.0
2026-07-29T11:17:37,Audi,R8 Spyder,1,0,0.0
2026-07-29T11:17:37,Audi,Rs3 Sportback,1,0,0.0
2026-07-29T11:17:37,Audi,Rs4 Avant,1,0,0.0
2026-07-29T11:17:37,Audi,Rs6 Avant,1,0,0.0
2026-07-29T11:17:37,Audi,S3,1,0,0.0
2026-07-29T11:17:37,Audi,S3 Sportback,1,0,0.0
2026-07-29T11:17:37,Audi,S4 Avant,1,0,0.0
2026-07-29T11:17:37,Audi,S6 Avant E-Tron,2,2,1.0
2026-07-29T11:17:37,Audi,Tt,2,0,0.0
2026-07-29T11:17:37,Audi,Tt Roadster,1,0,0.0
2026-07-29T11:17:37,Bmw,I3,4,4,1.0
2026-07-29T11:17:37,Bmw,I4,33,33,1.0
2026-07-29T11:17:37,Bmw,I8,1,0,0.0
2026-07-29T11:17:37,Bmw,Ix,5,5,1.0
2026-07-29T11:17:37,Bmw,Ix3,4,4,1.0
2026-07-29T11:17:37,Bmw,M2 Coupé,3,0,0.0
2026-07-29T11:17:37,Bmw,M4 Coupé,2,0,0.0
2026-07-29T11:17:37,Bmw,M5,1,0,0.0
2026-07-29T11:17:37,Bmw,Série 1,133,0,0.0
2026-07-29T11:17:37,Bmw,Série 2 Active Tourer,72,0,0.0
2026-07-29T11:17:37,Bmw,Série 2 Cabriolet,1,0,0.0
2026-07-29T11:17:37,Bmw,Série 2 Coupé,8,0,0.0
2026-07-29T11:17:37,Bmw,Série 2 Gran Coupé,24,0,0.0
2026-07-29T11:17:37,Bmw,Série 2 Gran Tourer,4,0,0.0
2026-07-29T11:17:37,Bmw,Série 3,13,0,0.0
2026-07-29T11:17:37,Bmw,Série 3 Gran Turismo,4,0,0.0
2026-07-29T11:17:37,Bmw,Série 3 Touring,39,0,0.0
2026-07-29T11:17:37,Bmw,Série 4 Cabriolet,6,0,0.0
2026-07-29T11:17:37,Bmw,Série 4 Coupé,13,0,0.0
2026-07-29T11:17:37,Bmw,Série 4 Gran Coupé,28,0,0.0
2026-07-29T11:17:37,Bmw,Série 5,21,6,0.2857
2026-07-29T11:17:37,Bmw,Série 5 Touring,12,2,0.1667
2026-07-29T11:17:37,Bmw,Série 7,2,0,0.0
2026-07-29T11:17:37,Bmw,Série 8,1,0,0.0
2026-07-29T11:17:37,Bmw,Série 8 Gran Coupé,2,0,0.0
2026-07-29T11:17:37,Bmw,X1,160,29,0.1812
2026-07-29T11:17:37,Bmw,X2,71,8,0.1127
2026-07-29T11:17:37,Bmw,X3,71,0,0.0
2026-07-29T11:17:37,Bmw,X3 M,1,0,0.0
2026-07-29T11:17:37,Bmw,X4,9,0,0.0
2026-07-29T11:17:37,Bmw,X4 M,2,0,0.0
2026-07-29T11:17:37,Bmw,X5,32,0,0.0
2026-07-29T11:17:37,Bmw,X6,2,0,0.0
2026-07-29T11:17:37,Bmw,Xm,6,0,0.0
2026-07-29T11:17:37,Bmw,Z4 Roadster,8,0,0.0
2026-07-29T11:17:37,Byd,Atto 2,2,2,1.0
2026-07-29T11:17:37,Byd,Atto 3,1,1,1.0
2026-07-29T11:17:37,Byd,Dolphin,1,1,1.0
2026-07-29T11:17:37,Byd,Seal 6 Dm-I,1,0,0.0
2026-07-29T11:17:37,Byd,Seal 6 Dm-I Touring,1,0,0.0
2026-07-29T11:17:37,Byd,Tang,4,4,1.0
2026-07-29T11:17:37,Citroen,Ami,15,15,1.0
2026-07-29T11:17:37,Citroen,Berlingo,19,4,0.2105
2026-07-29T11:17:37,Citroen,Berlingo Van,37,0,0.0
2026-07-29T11:17:37,Citroen,C1,13,0,0.0
2026-07-29T11:17:37,Citroen,C3,761,11,0.0145
2026-07-29T11:17:37,Citroen,C3 Aircross,172,7,0.0407
2026-07-29T11:17:37,Citroen,C4,130,30,0.2308
2026-07-29T11:17:37,Citroen,C4 Aircross,1,0,0.0
2026-07-29T11:17:37,Citroen,C4 Cactus,13,0,0.0
2026-07-29T11:17:37,Citroen,C4 Picasso,5,0,0.0
2026-07-29T11:17:37,Citroen,C4 Spacetourer,5,0,0.0
2026-07-29T11:17:37,Citroen,C4 X,7,1,0.1429
2026-07-29T11:17:37,Citroen,C5 Aircross,210,3,0.0143
2026-07-29T11:17:37,Citroen,C5 X,15,0,0.0
2026-07-29T11:17:37,Citroen,Grand C4 Spacetourer,3,0,0.0
2026-07-29T11:17:37,Citroen,Holidays,1,0,0.0
2026-07-29T11:17:37,Citroen,Jumper,17,0,0.0
2026-07-29T11:17:37,Citroen,Jumpy,32,1,0.0312
2026-07-29T11:17:37,Citroen,Spacetourer,13,0,0.0
2026-07-29T11:17:37,Cupra,Born,2,2,1.0
2026-07-29T11:17:37,Cupra,Formentor,18,0,0.0
2026-07-29T11:17:37,Cupra,Leon,8,0,0.0
2026-07-29T11:17:37,Cupra,Leon St,2,0,0.0
2026-07-29T11:17:37,Cupra,Raval,2,2,1.0
2026-07-29T11:17:37,Cupra,Terramar,4,0,0.0
2026-07-29T11:17:37,Dacia,Bigster,42,0,0.0
2026-07-29T11:17:37,Dacia,Dokker,2,0,0.0
2026-07-29T11:17:37,Dacia,Duster,399,0,0.0
2026-07-29T11:17:37,Dacia,Jogger,139,0,0.0
2026-07-29T11:17:37,Dacia,Lodgy,9,0,0.0
2026-07-29T11:17:37,Dacia,Logan,2,0,0.0
2026-07-29T11:17:37,Dacia,Logan Mcv,2,0,0.0
2026-07-29T11:17:37,Dacia,Sandero,649,0,0.0
2026-07-29T11:17:37,Dacia,Spring,194,194,1.0
2026-07-29T11:17:37,Ds,4,14,6,0.4286
2026-07-29T11:17:37,Ds,8,6,6,1.0
2026-07-29T11:17:37,Ds,Ds,3,0,0.0
2026-07-29T11:17:37,Ds,Ds 3,45,12,0.2667
2026-07-29T11:17:37,Ds,Ds 3 Crossback,48,6,0.125
2026-07-29T11:17:37,Ds,Ds 4,123,0,0.0
2026-07-29T11:17:37,Ds,Ds 7,47,0,0.0
2026-07-29T11:17:37,Ds,Ds 7 Crossback,53,0,0.0
2026-07-29T11:17:37,Ds,Ds 9,1,0,0.0
2026-07-29T11:17:37,Fiat,500,45,20,0.4444
2026-07-29T11:17:37,Fiat,500c,9,2,0.2222
2026-07-29T11:17:37,Fiat,500x,23,0,0.0
2026-07-29T11:17:37,Fiat,600,11,2,0.1818
2026-07-29T11:17:37,Fiat,Doblo Cargo,2,0,0.0
2026-07-29T11:17:37,Fiat,Ducato,3,0,0.0
2026-07-29T11:17:37,Fiat,Grande Panda,4,2,0.5
2026-07-29T11:17:37,Fiat,Panda,5,0,0.0
2026-07-29T11:17:37,Fiat,Punto,1,0,0.0
2026-07-29T11:17:37,Fiat,Scudo,7,1,0.1429
2026-07-29T11:17:37,Fiat,Scudo Combi,1,0,0.0
2026-07-29T11:17:37,Fiat,Tipo,3,0,0.0
2026-07-29T11:17:37,Fiat,Tipo Cross,2,0,0.0
2026-07-29T11:17:37,Ford,B-Max,3,0,0.0
2026-07-29T11:17:37,Ford,C-Max,1,0,0.0
2026-07-29T11:17:37,Ford,Capri,9,9,1.0
2026-07-29T11:17:37,Ford,Ecosport,14,0,0.0
2026-07-29T11:17:37,Ford,Explorer,18,16,0.8889
2026-07-29T11:17:37,Ford,Fiesta,43,0,0.0
2026-07-29T11:17:37,Ford,Fiesta Active,2,0,0.0
2026-07-29T11:17:37,Ford,Focus,26,0,0.0
2026-07-29T11:17:37,Ford,Focus Active,1,0,0.0
2026-07-29T11:17:37,Ford,Galaxy,1,0,0.0
2026-07-29T11:17:37,Ford,Grand Tourneo Connect,1,0,0.0
2026-07-29T11:17:37,Ford,Ka et plus,1,0,0.0
2026-07-29T11:17:37,Ford,Kuga,83,0,0.0
2026-07-29T11:17:37,Ford,Mondeo,2,0,0.0
2026-07-29T11:17:37,Ford,Mondeo Sw,1,0,0.0
2026-07-29T11:17:37,Ford,Mustang Mach-E,5,5,1.0
2026-07-29T11:17:37,Ford,Puma,137,16,0.1168
2026-07-29T11:17:37,Ford,Ranger,10,0,0.0
2026-07-29T11:17:37,Ford,S-Max,4,0,0.0
2026-07-29T11:17:37,Ford,Tourneo Connect,1,0,0.0
2026-07-29T11:17:37,Ford,Tourneo Courier,6,1,0.1667
2026-07-29T11:17:37,Ford,Tourneo Custom,4,0,0.0
2026-07-29T11:17:37,Ford,Transit 2t,10,1,0.1
2026-07-29T11:17:37,Ford,Transit Connect,3,0,0.0
2026-07-29T11:17:37,Ford,Transit Courier,3,3,1.0
2026-07-29T11:17:37,Ford,Transit Custom,18,0,0.0
2026-07-29T11:17:37,Ford,Transit Custom Kombi,4,0,0.0
2026-07-29T11:17:37,Ford,Transit Custom Nugget,1,0,0.0
2026-07-29T11:17:37,Honda,Hr-V,3,0,0.0
2026-07-29T11:17:37,Honda,Jazz,2,0,0.0
2026-07-29T11:17:37,Honda,Ny1,1,1,1.0
2026-07-29T11:17:37,Toyota,Auris Touring Sports,1,0,0.0
2026-07-29T11:17:37,Toyota,Aygo,14,0,0.0
2026-07-29T11:17:37,Toyota,Aygo X,81,0,0.0
2026-07-29T11:17:37,Toyota,Bz4x,1,1,1.0
2026-07-29T11:17:37,Toyota,Bz4x Touring,3,3,1.0
2026-07-29T11:17:37,Toyota,C-Hr,90,0,0.0
2026-07-29T11:17:37,Toyota,C-Hr et plus,3,3,1.0
2026-07-29T11:17:37,Toyota,Corolla,18,0,0.0
2026-07-29T11:17:37,Toyota,Corolla Touring Sports,13,0,0.0
2026-07-29T11:17:37,Toyota,Hilux,3,0,0.0
2026-07-29T11:17:37,Toyota,Prius,1,0,0.0
2026-07-29T11:17:37,Toyota,Prius Hybride Rechargeable,1,0,0.0
2026-07-29T11:17:37,Toyota,Prius et plus,1,0,0.0
2026-07-29T11:17:37,Toyota,Proace,5,2,0.4
2026-07-29T11:17:37,Toyota,Proace City,2,0,0.0
2026-07-29T11:17:37,Toyota,Proace City Verso,1,0,0.0
2026-07-29T11:17:37,Toyota,Proace Max,1,0,0.0
2026-07-29T11:17:37,Toyota,Rav4,19,0,0.0
2026-07-29T11:17:37,Toyota,Yaris,194,0,0.0
2026-07-29T11:17:37,Toyota,Yaris Cross,119,0,0.0
2026-07-29T11:17:37,Volkswagen,3,14,14,1.0
2026-07-29T11:17:37,Volkswagen,4,11,11,1.0
2026-07-29T11:17:37,Volkswagen,5,5,5,1.0
2026-07-29T11:17:37,Volkswagen,7,1,1,1.0
2026-07-29T11:17:37,Volkswagen,Arteon,2,0,0.0
2026-07-29T11:17:37,Volkswagen,Buzz,4,4,1.0
2026-07-29T11:17:37,Volkswagen,Caddy,1,0,0.0
2026-07-29T11:17:37,Volkswagen,Caddy Cargo,3,0,0.0
2026-07-29T11:17:37,Volkswagen,Caddy Maxi,1,0,0.0
2026-07-29T11:17:37,Volkswagen,Caddy Van,2,0,0.0
2026-07-29T11:17:37,Volkswagen,Caravelle,3,2,0.6667
2026-07-29T11:17:37,Volkswagen,Coccinelle,1,0,0.0
2026-07-29T11:17:37,Volkswagen,Crafter,4,0,0.0
2026-07-29T11:17:37,Volkswagen,Golf,54,0,0.0
2026-07-29T11:17:37,Volkswagen,Golf Sportsvan,1,0,0.0
2026-07-29T11:17:37,Volkswagen,Golf Sw,5,0,0.0
2026-07-29T11:17:37,Volkswagen,Multivan,1,0,0.0
2026-07-29T11:17:37,Volkswagen,Passat Sw,9,0,0.0
2026-07-29T11:17:37,Volkswagen,Polo,116,0,0.0
2026-07-29T11:17:37,Volkswagen,T-Cross,56,0,0.0
2026-07-29T11:17:37,Volkswagen,T-Roc,122,0,0.0
2026-07-29T11:17:37,Volkswagen,T-Roc Cabriolet,8,0,0.0
2026-07-29T11:17:37,Volkswagen,Taigo,47,0,0.0
2026-07-29T11:17:37,Volkswagen,Tayron,1,0,0.0
2026-07-29T11:17:37,Volkswagen,Tiguan,71,0,0.0
2026-07-29T11:17:37,Volkswagen,Tiguan Allspace,1,0,0.0
2026-07-29T11:17:37,Volkswagen,Touran,6,0,0.0
2026-07-29T11:17:37,Volkswagen,Transporter,13,1,0.0769
2026-07-29T11:17:37,Volvo,C40,3,3,1.0
2026-07-29T11:17:37,Volvo,Ec40,7,7,1.0
2026-07-29T11:17:37,Volvo,Es90,3,3,1.0
2026-07-29T11:17:37,Volvo,Ex30,14,14,1.0
2026-07-29T11:17:37,Volvo,Ex30 Cross Country,4,4,1.0
2026-07-29T11:17:37,Volvo,Ex40,9,9,1.0
2026-07-29T11:17:37,Volvo,Ex90,2,2,1.0
2026-07-29T11:17:37,Volvo,S60,1,0,0.0
2026-07-29T11:17:37,Volvo,S90,1,0,0.0
2026-07-29T11:17:37,Volvo,V60,14,0,0.0
2026-07-29T11:17:37,Volvo,Xc40,44,8,0.1818
2026-07-29T11:17:37,Volvo,Xc60,42,0,0.0
2026-07-29T11:17:37,Volvo,Xc90,6,0,0.0
2026-07-30T11:03:08,Abarth,500,4,1,0.25
2026-07-30T11:03:08,Abarth,500c,2,1,0.5
2026-07-30T11:03:08,Abarth,600,1,1,1.0
2026-07-30T11:03:08,Alfa Romeo,Giulia,3,0,0.0
2026-07-30T11:03:08,Alfa Romeo,Giulietta,2,0,0.0
2026-07-30T11:03:08,Alfa Romeo,Junior,1,0,0.0
2026-07-30T11:03:08,Alfa Romeo,Stelvio,6,0,0.0
2026-07-30T11:03:08,Alfa Romeo,Tonale,9,0,0.0
2026-07-30T11:03:08,Alpine,A110,24,0,0.0
2026-07-30T11:03:08,Alpine,A290,12,12,1.0
2026-07-30T11:03:08,Alpine,A390,6,6,1.0
2026-07-30T11:03:08,Aston Martin,V8 Vantage,1,0,0.0
2026-07-30T11:03:08,Audi,A1 Allstreet,3,0,0.0
2026-07-30T11:03:08,Audi,A1 Citycarver,1,0,0.0
2026-07-30T11:03:08,Audi,A1 Sportback,60,0,0.0
2026-07-30T11:03:08,Audi,A3,1,0,0.0
2026-07-30T11:03:08,Audi,A3 Allstreet,5,0,0.0
2026-07-30T11:03:08,Audi,A3 Sportback,38,0,0.0
2026-07-30T11:03:08,Audi,A4,2,0,0.0
2026-07-30T11:03:08,Audi,A4 Allroad,1,0,0.0
2026-07-30T11:03:08,Audi,A4 Avant,3,0,0.0
2026-07-30T11:03:08,Audi,A5,4,0,0.0
2026-07-30T11:03:08,Audi,A5 Avant,8,0,0.0
2026-07-30T11:03:08,Audi,A5 Sportback,5,0,0.0
2026-07-30T11:03:08,Audi,A6,2,0,0.0
2026-07-30T11:03:08,Audi,A6 Allroad,3,0,0.0
2026-07-30T11:03:08,Audi,A6 Avant,6,0,0.0
2026-07-30T11:03:08,Audi,A6 Avant E-Tron,2,2,1.0
2026-07-30T11:03:08,Audi,A6 Sportback E-Tron,2,2,1.0
2026-07-30T11:03:08,Audi,A7 Sportback,1,0,0.0
2026-07-30T11:03:08,Audi,A8,1,0,0.0
2026-07-30T11:03:08,Audi,E-Tron Gt,1,1,1.0
2026-07-30T11:03:08,Audi,E-Tron S Sportback,2,2,1.0
2026-07-30T11:03:08,Audi,Q2,50,0,0.0
2026-07-30T11:03:08,Audi,Q3,41,0,0.0
2026-07-30T11:03:08,Audi,Q3 Sportback,29,0,0.0
2026-07-30T11:03:08,Audi,Q4 E-Tron,4,4,1.0
2026-07-30T11:03:08,Audi,Q4 Sportback E-Tron,6,6,1.0
2026-07-30T11:03:08,Audi,Q5,19,0,0.0
2026-07-30T11:03:08,Audi,Q5 Sportback,9,0,0.0
2026-07-30T11:03:08,Audi,Q6 E-Tron,4,4,1.0
2026-07-30T11:03:08,Audi,Q6 Sportback E-Tron,4,4,1.0
2026-07-30T11:03:08,Audi,Q7,1,0,0.0
2026-07-30T11:03:08,Audi,Q8,3,0,0.0
2026-07-30T11:03:08,Audi,Q8 E-Tron,1,1,1.0
2026-07-30T11:03:08,Audi,Q8 E-Tron Sportback,1,1,1.0
2026-07-30T11:03:08,Audi,R8 Spyder,1,0,0.0
2026-07-30T11:03:08,Audi,Rs3 Sportback,1,0,0.0
2026-07-30T11:03:08,Audi,Rs4 Avant,1,0,0.0
2026-07-30T11:03:08,Audi,Rs6 Avant,1,0,0.0
2026-07-30T11:03:08,Audi,S3,1,0,0.0
2026-07-30T11:03:08,Audi,S3 Sportback,1,0,0.0
2026-07-30T11:03:08,Audi,S4 Avant,1,0,0.0
2026-07-30T11:03:08,Audi,S6 Avant E-Tron,2,2,1.0
2026-07-30T11:03:08,Audi,Tt,2,0,0.0
2026-07-30T11:03:08,Audi,Tt Roadster,1,0,0.0
2026-07-30T11:03:08,Bmw,I3,4,4,1.0
2026-07-30T11:03:08,Bmw,I4,33,33,1.0
2026-07-30T11:03:08,Bmw,I8,1,0,0.0
2026-07-30T11:03:08,Bmw,Ix,5,5,1.0
2026-07-30T11:03:08,Bmw,Ix3,3,3,1.0
2026-07-30T11:03:08,Bmw,M2 Coupé,3,0,0.0
2026-07-30T11:03:08,Bmw,M4 Coupé,2,0,0.0
2026-07-30T11:03:08,Bmw,M5,1,0,0.0
2026-07-30T11:03:08,Bmw,Série 1,132,0,0.0
2026-07-30T11:03:08,Bmw,Série 2 Active Tourer,74,0,0.0
2026-07-30T11:03:08,Bmw,Série 2 Cabriolet,1,0,0.0
2026-07-30T11:03:08,Bmw,Série 2 Coupé,8,0,0.0
2026-07-30T11:03:08,Bmw,Série 2 Gran Coupé,24,0,0.0
2026-07-30T11:03:08,Bmw,Série 2 Gran Tourer,4,0,0.0
2026-07-30T11:03:08,Bmw,Série 3,13,0,0.0
2026-07-30T11:03:08,Bmw,Série 3 Gran Turismo,4,0,0.0
2026-07-30T11:03:08,Bmw,Série 3 Touring,39,0,0.0
2026-07-30T11:03:08,Bmw,Série 4 Cabriolet,6,0,0.0
2026-07-30T11:03:08,Bmw,Série 4 Coupé,13,0,0.0
2026-07-30T11:03:08,Bmw,Série 4 Gran Coupé,26,0,0.0
2026-07-30T11:03:08,Bmw,Série 5,21,6,0.2857
2026-07-30T11:03:08,Bmw,Série 5 Touring,12,2,0.1667
2026-07-30T11:03:08,Bmw,Série 7,2,0,0.0
2026-07-30T11:03:08,Bmw,Série 8,1,0,0.0
2026-07-30T11:03:08,Bmw,Série 8 Gran Coupé,2,0,0.0
2026-07-30T11:03:08,Bmw,X1,161,29,0.1801
2026-07-30T11:03:08,Bmw,X2,71,7,0.0986
2026-07-30T11:03:08,Bmw,X3,73,0,0.0
2026-07-30T11:03:08,Bmw,X3 M,1,0,0.0
2026-07-30T11:03:08,Bmw,X4,9,0,0.0
2026-07-30T11:03:08,Bmw,X4 M,2,0,0.0
2026-07-30T11:03:08,Bmw,X5,31,0,0.0
2026-07-30T11:03:08,Bmw,X6,2,0,0.0
2026-07-30T11:03:08,Bmw,Xm,5,0,0.0
2026-07-30T11:03:08,Bmw,Z4 Roadster,8,0,0.0
2026-07-30T11:03:08,Byd,Atto 2,2,2,1.0
2026-07-30T11:03:08,Byd,Atto 3,1,1,1.0
2026-07-30T11:03:08,Byd,Seal 6 Dm-I,1,0,0.0
2026-07-30T11:03:08,Byd,Tang,2,2,1.0
2026-07-30T11:03:08,Citroen,Ami,15,15,1.0
2026-07-30T11:03:08,Citroen,Berlingo,21,4,0.1905
2026-07-30T11:03:08,Citroen,Berlingo Van,37,0,0.0
2026-07-30T11:03:08,Citroen,C1,13,0,0.0
2026-07-30T11:03:08,Citroen,C3,752,10,0.0133
2026-07-30T11:03:08,Citroen,C3 Aircross,170,7,0.0412
2026-07-30T11:03:08,Citroen,C4,127,30,0.2362
2026-07-30T11:03:08,Citroen,C4 Aircross,1,0,0.0
2026-07-30T11:03:08,Citroen,C4 Cactus,13,0,0.0
2026-07-30T11:03:08,Citroen,C4 Picasso,5,0,0.0
2026-07-30T11:03:08,Citroen,C4 Spacetourer,6,0,0.0
2026-07-30T11:03:08,Citroen,C4 X,7,1,0.1429
2026-07-30T11:03:08,Citroen,C5 Aircross,206,3,0.0146
2026-07-30T11:03:08,Citroen,C5 X,15,0,0.0
2026-07-30T11:03:08,Citroen,Grand C4 Spacetourer,3,0,0.0
2026-07-30T11:03:08,Citroen,Holidays,1,0,0.0
2026-07-30T11:03:08,Citroen,Jumper,17,0,0.0
2026-07-30T11:03:08,Citroen,Jumpy,33,1,0.0303
2026-07-30T11:03:08,Citroen,Spacetourer,13,0,0.0
2026-07-30T11:03:08,Cupra,Born,2,2,1.0
2026-07-30T11:03:08,Cupra,Formentor,18,0,0.0
2026-07-30T11:03:08,Cupra,Leon,8,0,0.0
2026-07-30T11:03:08,Cupra,Leon St,2,0,0.0
2026-07-30T11:03:08,Cupra,Raval,2,2,1.0
2026-07-30T11:03:08,Cupra,Terramar,4,0,0.0
2026-07-30T11:03:08,Dacia,Bigster,43,0,0.0
2026-07-30T11:03:08,Dacia,Dokker,2,0,0.0
2026-07-30T11:03:08,Dacia,Duster,401,0,0.0
2026-07-30T11:03:08,Dacia,Jogger,139,0,0.0
2026-07-30T11:03:08,Dacia,Lodgy,9,0,0.0
2026-07-30T11:03:08,Dacia,Logan,2,0,0.0
2026-07-30T11:03:08,Dacia,Logan Mcv,2,0,0.0
2026-07-30T11:03:08,Dacia,Sandero,645,0,0.0
2026-07-30T11:03:08,Dacia,Spring,193,193,1.0
2026-07-30T11:03:08,Ds,4,14,6,0.4286
2026-07-30T11:03:08,Ds,8,6,6,1.0
2026-07-30T11:03:08,Ds,Ds,3,0,0.0
2026-07-30T11:03:08,Ds,Ds 3,45,12,0.2667
2026-07-30T11:03:08,Ds,Ds 3 Crossback,48,6,0.125
2026-07-30T11:03:08,Ds,Ds 4,123,0,0.0
2026-07-30T11:03:08,Ds,Ds 7,47,0,0.0
2026-07-30T11:03:08,Ds,Ds 7 Crossback,52,0,0.0
2026-07-30T11:03:08,Ds,Ds 9,1,0,0.0
2026-07-30T11:03:08,Fiat,500,45,20,0.4444
2026-07-30T11:03:08,Fiat,500c,9,2,0.2222
2026-07-30T11:03:08,Fiat,500x,23,0,0.0
2026-07-30T11:03:08,Fiat,600,11,2,0.1818
2026-07-30T11:03:08,Fiat,Doblo Cargo,2,0,0.0
2026-07-30T11:03:08,Fiat,Ducato,3,0,0.0
2026-07-30T11:03:08,Fiat,Grande Panda,4,2,0.5
2026-07-30T11:03:08,Fiat,Panda,5,0,0.0
2026-07-30T11:03:08,Fiat,Punto,1,0,0.0
2026-07-30T11:03:08,Fiat,Scudo,7,1,0.1429
2026-07-30T11:03:08,Fiat,Scudo Combi,1,0,0.0
2026-07-30T11:03:08,Fiat,Tipo,3,0,0.0
2026-07-30T11:03:08,Fiat,Tipo Cross,2,0,0.0
2026-07-30T11:03:08,Ford,B-Max,3,0,0.0
2026-07-30T11:03:08,Ford,C-Max,1,0,0.0
2026-07-30T11:03:08,Ford,Capri,9,9,1.0
2026-07-30T11:03:08,Ford,Ecosport,14,0,0.0
2026-07-30T11:03:08,Ford,Explorer,17,15,0.8824
2026-07-30T11:03:08,Ford,Fiesta,43,0,0.0
2026-07-30T11:03:08,Ford,Fiesta Active,2,0,0.0
2026-07-30T11:03:08,Ford,Focus,25,0,0.0
2026-07-30T11:03:08,Ford,Focus Active,1,0,0.0
2026-07-30T11:03:08,Ford,Galaxy,1,0,0.0
2026-07-30T11:03:08,Ford,Grand Tourneo Connect,1,0,0.0
2026-07-30T11:03:08,Ford,Ka et plus,1,0,0.0
2026-07-30T11:03:08,Ford,Kuga,84,0,0.0
2026-07-30T11:03:08,Ford,Mondeo,1,0,0.0
2026-07-30T11:03:08,Ford,Mondeo Sw,1,0,0.0
2026-07-30T11:03:08,Ford,Mustang Mach-E,5,5,1.0
2026-07-30T11:03:08,Ford,Puma,142,16,0.1127
2026-07-30T11:03:08,Ford,Ranger,9,0,0.0
2026-07-30T11:03:08,Ford,S-Max,4,0,0.0
2026-07-30T11:03:08,Ford,Tourneo Connect,1,0,0.0
2026-07-30T11:03:08,Ford,Tourneo Courier,5,1,0.2
2026-07-30T11:03:08,Ford,Tourneo Custom,5,0,0.0
2026-07-30T11:03:08,Ford,Transit 2t,10,1,0.1
2026-07-30T11:03:08,Ford,Transit Connect,3,0,0.0
2026-07-30T11:03:08,Ford,Transit Courier,3,3,1.0
2026-07-30T11:03:08,Ford,Transit Custom,19,0,0.0
2026-07-30T11:03:08,Ford,Transit Custom Kombi,4,0,0.0
2026-07-30T11:03:08,Ford,Transit Custom Nugget,1,0,0.0
2026-07-30T11:03:08,Honda,Hr-V,3,0,0.0
2026-07-30T11:03:08,Honda,Jazz,2,0,0.0
2026-07-30T11:03:08,Honda,Ny1,1,1,1.0
2026-07-30T11:03:08,Hyundai,Bayon,5,0,0.0
2026-07-30T11:03:08,Hyundai,I10,1,0,0.0
2026-07-30T11:03:08,Hyundai,I20,30,0,0.0
2026-07-30T11:03:08,Hyundai,I30,4,0,0.0
2026-07-30T11:03:08,Hyundai,I30 Fastback,1,0,0.0
2026-07-30T11:03:08,Hyundai,I30 Sw,4,0,0.0
2026-07-30T11:03:08,Hyundai,Ioniq,1,1,1.0
2026-07-30T11:03:08,Hyundai,Ix20,1,0,0.0
2026-07-30T11:03:08,Hyundai,Kona,22,0,0.0
2026-07-30T11:03:08,Hyundai,Santa Fe,2,0,0.0
2026-07-30T11:03:08,Hyundai,Tucson,41,0,0.0
2026-07-30T11:03:08,Isuzu,D-Max,1,0,0.0
2026-07-30T11:03:08,Porsche,718 Cayman,1,0,0.0
2026-07-30T11:03:08,Porsche,911 Cabriolet,5,0,0.0
2026-07-30T11:03:08,Porsche,911 Coupé,3,0,0.0
2026-07-30T11:03:08,Porsche,911 Speedster,1,0,0.0
2026-07-30T11:03:08,Porsche,911 Targa,1,0,0.0
2026-07-30T11:03:08,Porsche,Cayenne,3,0,0.0
2026-07-30T11:03:08,Porsche,Cayenne Coupé,5,0,0.0
2026-07-30T11:03:08,Porsche,Cayman,1,0,0.0
2026-07-30T11:03:08,Porsche,Macan,7,3,0.4286
2026-07-30T11:03:08,Porsche,Panamera,3,0,0.0
2026-07-30T11:03:08,Porsche,Panamera Sport Turismo,3,0,0.0
2026-07-30T11:03:08,Porsche,Taycan,8,8,1.0
2026-07-30T11:03:08,Renault,4,8,8,1.0
2026-07-30T11:03:08,Renault,5,41,41,1.0
2026-07-30T11:03:08,Renault,Arkana,369,0,0.0
2026-07-30T11:03:08,Renault,Austral,277,0,0.0
2026-07-30T11:03:08,Renault,Captur,786,0,0.0
2026-07-30T11:03:08,Renault,Clio,1408,0,0.0
2026-07-30T11:03:08,Renault,Clio Estate,1,0,0.0
2026-07-30T11:03:08,Renault,Espace,90,0,0.0
2026-07-30T11:03:08,Renault,Express,19,0,0.0
2026-07-30T11:03:08,Renault,Grand Scénic,30,0,0.0
2026-07-30T11:03:08,Renault,Kadjar,75,1,0.0133
2026-07-30T11:03:08,Renault,Kangoo,29,0,0.0
2026-07-30T11:03:08,Renault,Kangoo Express,17,1,0.0588
2026-07-30T11:03:08,Renault,Kangoo Van,30,7,0.2333
2026-07-30T11:03:08,Renault,Koleos,16,0,0.0
2026-07-30T11:03:08,Renault,Master,300,12,0.04
2026-07-30T11:03:08,Renault,Modus,1,0,0.0
2026-07-30T11:03:08,Renault,Mégane,315,215,0.6825
2026-07-30T11:03:08,Renault,Mégane Estate,23,0,0.0
2026-07-30T11:03:08,Renault,Rafale,54,0,0.0
2026-07-30T11:03:08,Renault,Scénic,73,38,0.5205
2026-07-30T11:03:08,Renault,Symbioz,182,0,0.0
2026-07-30T11:03:08,Renault,Talisman,9,0,0.0
2026-07-30T11:03:08,Renault,Talisman Estate,7,0,0.0
2026-07-30T11:03:08,Renault,Trafic,129,0,0.0
2026-07-30T11:03:08,Renault,Trafic Combi,9,0,0.0
2026-07-30T11:03:08,Renault,Trafic Spacenomad,1,0,0.0
2026-07-30T11:03:08,Renault,Twingo,164,81,0.4939
2026-07-30T11:03:08,Renault,Twizy,3,3,1.0
2026-07-30T11:03:08,Renault,Zoé,59,59,1.0
2026-07-30T11:03:08,Seat,Arona,34,0,0.0
2026-07-30T11:03:08,Seat,Ateca,28,0,0.0
2026-07-30T11:03:08,Seat,Ibiza,33,0,0.0
2026-07-30T11:03:08,Seat,Leon,21,0,0.0
2026-07-30T11:03:08,Seat,Leon St,3,0,0.0
2026-07-30T11:03:08,Seat,Tarraco,1,0,0.0
2026-07-30T11:03:08,Skoda,Enyaq,2,2,1.0
2026-07-30T11:03:08,Skoda,Enyaq Coupé,1,1,1.0
2026-07-30T11:03:08,Skoda,Fabia,30,0,0.0
2026-07-30T11:03:08,Skoda,Fabia Combi,1,0,0.0
2026-07-30T11:03:08,Skoda,Kamiq,32,0,0.0
2026-07-30T11:03:08,Skoda,Karoq,14,0,0.0
2026-07-30T11:03:08,Skoda,Kodiaq,8,0,0.0
2026-07-30T11:03:08,Skoda,Octavia,5,0,0.0
2026-07-30T11:03:08,Skoda,Octavia Combi,7,0,0.0
2026-07-30T11:03:08,Skoda,Scala,6,0,0.0
2026-07-30T11:03:08,Skoda,Superb,1,0,0.0
2026-07-30T11:03:08,Smart,1,1,1,1.0
2026-07-30T11:03:08,Smart,3,2,2,1.0
2026-07-30T11:03:08,Smart,5,3,3,1.0
2026-07-30T11:03:08,Smart,Fortwo Coupé,2,2,1.0
2026-07-30T11:03:08,Subaru,Impreza,1,0,0.0
2026-07-30T11:03:08,Suzuki,Across,1,0,0.0
2026-07-30T11:03:08,Suzuki,Celerio,1,0,0.0
2026-07-30T11:03:08,Suzuki,E Vitara,2,2,1.0
2026-07-30T11:03:08,Suzuki,Ignis,5,0,0.0
2026-07-30T11:03:08,Suzuki,S-Cross,15,0,0.0
2026-07-30T11:03:08,Suzuki,Swift,29,0,0.0
2026-07-30T11:03:08,Suzuki,Vitara,24,1,0.0417
2026-07-30T11:03:08,Tesla,Model 3,1,1,1.0
2026-07-30T11:03:08,Tesla,Model Y,1,1,1.0
2026-07-30T11:03:08,Toyota,Auris Touring Sports,1,0,0.0
2026-07-30T11:03:08,Toyota,Aygo,14,0,0.0
2026-07-30T11:03:08,Toyota,Aygo X,79,0,0.0
2026-07-30T11:03:08,Toyota,Bz4x,1,1,1.0
2026-07-30T11:03:08,Toyota,Bz4x Touring,3,3,1.0
2026-07-30T11:03:08,Toyota,C-Hr,93,0,0.0
2026-07-30T11:03:08,Toyota,C-Hr et plus,3,3,1.0
2026-07-30T11:03:08,Toyota,Corolla,18,0,0.0
2026-07-30T11:03:08,Toyota,Corolla Touring Sports,13,0,0.0
2026-07-30T11:03:08,Toyota,Hilux,3,0,0.0
2026-07-30T11:03:08,Toyota,Prius,1,0,0.0
2026-07-30T11:03:08,Toyota,Prius Hybride Rechargeable,1,0,0.0
2026-07-30T11:03:08,Toyota,Prius et plus,1,0,0.0
2026-07-30T11:03:08,Toyota,Proace,5,2,0.4
2026-07-30T11:03:08,Toyota,Proace City,2,0,0.0
2026-07-30T11:03:08,Toyota,Proace City Verso,1,0,0.0
2026-07-30T11:03:08,Toyota,Proace Max,1,0,0.0
2026-07-30T11:03:08,Toyota,Rav4,19,0,0.0
2026-07-30T11:03:08,Toyota,Yaris,192,0,0.0
2026-07-30T11:03:08,Toyota,Yaris Cross,114,0,0.0
2026-07-30T11:03:08,Volkswagen,3,14,14,1.0
2026-07-30T11:03:08,Volkswagen,4,11,11,1.0
2026-07-30T11:03:08,Volkswagen,5,4,4,1.0
2026-07-30T11:03:08,Volkswagen,7,1,1,1.0
2026-07-30T11:03:08,Volkswagen,Arteon,2,0,0.0
2026-07-30T11:03:08,Volkswagen,Buzz,4,4,1.0
2026-07-30T11:03:08,Volkswagen,Caddy,1,0,0.0
2026-07-30T11:03:08,Volkswagen,Caddy Cargo,3,0,0.0
2026-07-30T11:03:08,Volkswagen,Caddy Maxi,1,0,0.0
2026-07-30T11:03:08,Volkswagen,Caddy Van,2,0,0.0
2026-07-30T11:03:08,Volkswagen,Caravelle,3,2,0.6667
2026-07-30T11:03:08,Volkswagen,Coccinelle,1,0,0.0
2026-07-30T11:03:08,Volkswagen,Crafter,4,0,0.0
2026-07-30T11:03:08,Volkswagen,Golf,53,0,0.0
2026-07-30T11:03:08,Volkswagen,Golf Sw,5,0,0.0
2026-07-30T11:03:08,Volkswagen,Multivan,1,0,0.0
2026-07-30T11:03:08,Volkswagen,Passat Sw,8,0,0.0
2026-07-30T11:03:08,Volkswagen,Polo,111,0,0.0
2026-07-30T11:03:08,Volkswagen,T-Cross,56,0,0.0
2026-07-30T11:03:08,Volkswagen,T-Roc,120,0,0.0
2026-07-30T11:03:08,Volkswagen,T-Roc Cabriolet,8,0,0.0
2026-07-30T11:03:08,Volkswagen,Taigo,46,0,0.0
2026-07-30T11:03:08,Volkswagen,Tayron,1,0,0.0
2026-07-30T11:03:08,Volkswagen,Tiguan,69,0,0.0
2026-07-30T11:03:08,Volkswagen,Tiguan Allspace,1,0,0.0
2026-07-30T11:03:08,Volkswagen,Touran,6,0,0.0
2026-07-30T11:03:08,Volkswagen,Transporter,14,1,0.0714
2026-07-31T11:24:46,Abarth,500,4,1,0.25
2026-07-31T11:24:46,Abarth,500c,1,1,1.0
2026-07-31T11:24:46,Abarth,600,1,1,1.0
2026-07-31T11:24:46,Alfa Romeo,Giulia,3,0,0.0
2026-07-31T11:24:46,Alfa Romeo,Giulietta,2,0,0.0
2026-07-31T11:24:46,Alfa Romeo,Junior,1,0,0.0
2026-07-31T11:24:46,Alfa Romeo,Stelvio,7,0,0.0
2026-07-31T11:24:46,Alfa Romeo,Tonale,9,0,0.0
2026-07-31T11:24:46,Alpine,A110,26,0,0.0
2026-07-31T11:24:46,Alpine,A290,12,12,1.0
2026-07-31T11:24:46,Alpine,A390,6,6,1.0
2026-07-31T11:24:46,Aston Martin,V8 Vantage,1,0,0.0
2026-07-31T11:24:46,Audi,A1 Allstreet,3,0,0.0
2026-07-31T11:24:46,Audi,A1 Citycarver,1,0,0.0
2026-07-31T11:24:46,Audi,A1 Sportback,59,0,0.0
2026-07-31T11:24:46,Audi,A3,1,0,0.0
2026-07-31T11:24:46,Audi,A3 Allstreet,5,0,0.0
2026-07-31T11:24:46,Audi,A3 Sportback,38,0,0.0
2026-07-31T11:24:46,Audi,A4,2,0,0.0
2026-07-31T11:24:46,Audi,A4 Allroad,1,0,0.0
2026-07-31T11:24:46,Audi,A4 Avant,4,0,0.0
2026-07-31T11:24:46,Audi,A5,4,0,0.0
2026-07-31T11:24:46,Audi,A5 Avant,8,0,0.0
2026-07-31T11:24:46,Audi,A5 Sportback,5,0,0.0
2026-07-31T11:24:46,Audi,A6,2,0,0.0
2026-07-31T11:24:46,Audi,A6 Allroad,3,0,0.0
2026-07-31T11:24:46,Audi,A6 Avant,6,0,0.0
2026-07-31T11:24:46,Audi,A6 Avant E-Tron,2,2,1.0
2026-07-31T11:24:46,Audi,A6 Sportback E-Tron,2,2,1.0
2026-07-31T11:24:46,Audi,A7 Sportback,1,0,0.0
2026-07-31T11:24:46,Audi,A8,1,0,0.0
2026-07-31T11:24:46,Audi,E-Tron Gt,1,1,1.0
2026-07-31T11:24:46,Audi,E-Tron S Sportback,2,2,1.0
2026-07-31T11:24:46,Audi,Q2,48,0,0.0
2026-07-31T11:24:46,Audi,Q3,41,0,0.0
2026-07-31T11:24:46,Audi,Q3 Sportback,29,0,0.0
2026-07-31T11:24:46,Audi,Q4 E-Tron,5,5,1.0
2026-07-31T11:24:46,Audi,Q4 Sportback E-Tron,6,6,1.0
2026-07-31T11:24:46,Audi,Q5,19,0,0.0
2026-07-31T11:24:46,Audi,Q5 Sportback,9,0,0.0
2026-07-31T11:24:46,Audi,Q6 E-Tron,4,4,1.0
2026-07-31T11:24:46,Audi,Q6 Sportback E-Tron,4,4,1.0
2026-07-31T11:24:46,Audi,Q7,1,0,0.0
2026-07-31T11:24:46,Audi,Q8,3,0,0.0
2026-07-31T11:24:46,Audi,Q8 E-Tron,1,1,1.0
2026-07-31T11:24:46,Audi,Q8 E-Tron Sportback,1,1,1.0
2026-07-31T11:24:46,Audi,R8 Spyder,1,0,0.0
2026-07-31T11:24:46,Audi,Rs Q3 Sportback,1,0,0.0
2026-07-31T11:24:46,Audi,Rs3 Sportback,1,0,0.0
2026-07-31T11:24:46,Audi,Rs4 Avant,1,0,0.0
2026-07-31T11:24:46,Audi,Rs6 Avant,1,0,0.0
2026-07-31T11:24:46,Audi,S3,1,0,0.0
2026-07-31T11:24:46,Audi,S3 Sportback,1,0,0.0
2026-07-31T11:24:46,Audi,S4 Avant,1,0,0.0
2026-07-31T11:24:46,Audi,S6 Avant E-Tron,2,2,1.0
2026-07-31T11:24:46,Audi,Tt,2,0,0.0
2026-07-31T11:24:46,Audi,Tt Roadster,1,0,0.0
2026-07-31T11:24:46,Bmw,I3,4,4,1.0
2026-07-31T11:24:46,Bmw,I4,33,33,1.0
2026-07-31T11:24:46,Bmw,I8,1,0,0.0
2026-07-31T11:24:46,Bmw,Ix,5,5,1.0
2026-07-31T11:24:46,Bmw,Ix3,3,3,1.0
2026-07-31T11:24:46,Bmw,M2 Coupé,3,0,0.0
2026-07-31T11:24:46,Bmw,M4 Coupé,2,0,0.0
2026-07-31T11:24:46,Bmw,M5,1,0,0.0
2026-07-31T11:24:46,Bmw,Série 1,135,0,0.0
2026-07-31T11:24:46,Bmw,Série 2 Active Tourer,76,0,0.0
2026-07-31T11:24:46,Bmw,Série 2 Cabriolet,1,0,0.0
2026-07-31T11:24:46,Bmw,Série 2 Coupé,7,0,0.0
2026-07-31T11:24:46,Bmw,Série 2 Gran Coupé,24,0,0.0
2026-07-31T11:24:46,Bmw,Série 2 Gran Tourer,4,0,0.0
2026-07-31T11:24:46,Bmw,Série 3,13,0,0.0
2026-07-31T11:24:46,Bmw,Série 3 Gran Turismo,4,0,0.0
2026-07-31T11:24:46,Bmw,Série 3 Touring,39,0,0.0
2026-07-31T11:24:46,Bmw,Série 4 Cabriolet,6,0,0.0
2026-07-31T11:24:46,Bmw,Série 4 Coupé,13,0,0.0
2026-07-31T11:24:46,Bmw,Série 4 Gran Coupé,26,0,0.0
2026-07-31T11:24:46,Bmw,Série 5,21,6,0.2857
2026-07-31T11:24:46,Bmw,Série 5 Touring,12,2,0.1667
2026-07-31T11:24:46,Bmw,Série 7,2,0,0.0
2026-07-31T11:24:46,Bmw,Série 8,1,0,0.0
2026-07-31T11:24:46,Bmw,Série 8 Gran Coupé,2,0,0.0
2026-07-31T11:24:46,Bmw,X1,160,30,0.1875
2026-07-31T11:24:46,Bmw,X2,71,7,0.0986
2026-07-31T11:24:46,Bmw,X3,74,0,0.0
2026-07-31T11:24:46,Bmw,X4,9,0,0.0
2026-07-31T11:24:46,Bmw,X4 M,2,0,0.0
2026-07-31T11:24:46,Bmw,X5,31,0,0.0
2026-07-31T11:24:46,Bmw,X6,1,0,0.0
2026-07-31T11:24:46,Bmw,Xm,5,0,0.0
2026-07-31T11:24:46,Bmw,Z4 Roadster,8,0,0.0
2026-07-31T11:24:46,Byd,Atto 2,2,2,1.0
2026-07-31T11:24:46,Byd,Atto 3,1,1,1.0
2026-07-31T11:24:46,Byd,Seal 6 Dm-I,1,0,0.0
2026-07-31T11:24:46,Byd,Tang,2,2,1.0
2026-07-31T11:24:46,Citroen,Ami,16,16,1.0
2026-07-31T11:24:46,Citroen,Berlingo,21,3,0.1429
2026-07-31T11:24:46,Citroen,Berlingo Van,39,0,0.0
2026-07-31T11:24:46,Citroen,C1,12,0,0.0
2026-07-31T11:24:46,Citroen,C3,739,10,0.0135
2026-07-31T11:24:46,Citroen,C3 Aircross,168,7,0.0417
2026-07-31T11:24:46,Citroen,C4,126,30,0.2381
2026-07-31T11:24:46,Citroen,C4 Aircross,1,0,0.0
2026-07-31T11:24:46,Citroen,C4 Cactus,16,0,0.0
2026-07-31T11:24:46,Citroen,C4 Picasso,5,0,0.0
2026-07-31T11:24:46,Citroen,C4 Spacetourer,6,0,0.0
2026-07-31T11:24:46,Citroen,C4 X,7,1,0.1429
2026-07-31T11:24:46,Citroen,C5 Aircross,207,3,0.0145
2026-07-31T11:24:46,Citroen,C5 X,15,0,0.0
2026-07-31T11:24:46,Citroen,Grand C4 Spacetourer,3,0,0.0
2026-07-31T11:24:46,Citroen,Holidays,1,0,0.0
2026-07-31T11:24:46,Citroen,Jumper,17,0,0.0
2026-07-31T11:24:46,Citroen,Jumpy,34,1,0.0294
2026-07-31T11:24:46,Citroen,Spacetourer,13,0,0.0
2026-07-31T11:24:46,Cupra,Born,2,2,1.0
2026-07-31T11:24:46,Cupra,Formentor,18,0,0.0
2026-07-31T11:24:46,Cupra,Leon,8,0,0.0
2026-07-31T11:24:46,Cupra,Leon St,2,0,0.0
2026-07-31T11:24:46,Cupra,Raval,2,2,1.0
2026-07-31T11:24:46,Cupra,Terramar,4,0,0.0
2026-07-31T11:24:46,Dacia,Bigster,44,0,0.0
2026-07-31T11:24:46,Dacia,Dokker,2,0,0.0
2026-07-31T11:24:46,Dacia,Duster,403,0,0.0
2026-07-31T11:24:46,Dacia,Jogger,143,0,0.0
2026-07-31T11:24:46,Dacia,Lodgy,9,0,0.0
2026-07-31T11:24:46,Dacia,Logan,3,0,0.0
2026-07-31T11:24:46,Dacia,Logan Mcv,2,0,0.0
2026-07-31T11:24:46,Dacia,Sandero,648,0,0.0
2026-07-31T11:24:46,Dacia,Spring,194,194,1.0
2026-07-31T11:24:46,Ds,4,14,6,0.4286
2026-07-31T11:24:46,Ds,8,6,6,1.0
2026-07-31T11:24:46,Ds,Ds,3,0,0.0
2026-07-31T11:24:46,Ds,Ds 3,45,11,0.2444
2026-07-31T11:24:46,Ds,Ds 3 Crossback,49,7,0.1429
2026-07-31T11:24:46,Ds,Ds 4,123,0,0.0
2026-07-31T11:24:46,Ds,Ds 7,47,0,0.0
2026-07-31T11:24:46,Ds,Ds 7 Crossback,53,0,0.0
2026-07-31T11:24:46,Ds,Ds 9,1,0,0.0
2026-07-31T11:24:46,Fiat,500,42,17,0.4048
2026-07-31T11:24:46,Fiat,500c,9,2,0.2222
2026-07-31T11:24:46,Fiat,500x,23,0,0.0
2026-07-31T11:24:46,Fiat,600,12,2,0.1667
2026-07-31T11:24:46,Fiat,Doblo Cargo,2,0,0.0
2026-07-31T11:24:46,Fiat,Ducato,4,0,0.0
2026-07-31T11:24:46,Fiat,Grande Panda,4,2,0.5
2026-07-31T11:24:46,Fiat,Panda,5,0,0.0
2026-07-31T11:24:46,Fiat,Punto,1,0,0.0
2026-07-31T11:24:46,Fiat,Scudo,7,1,0.1429
2026-07-31T11:24:46,Fiat,Scudo Combi,1,0,0.0
2026-07-31T11:24:46,Fiat,Talento,1,0,0.0
2026-07-31T11:24:46,Fiat,Tipo,3,0,0.0
2026-07-31T11:24:46,Fiat,Tipo Cross,2,0,0.0
2026-07-31T11:24:46,Ford,B-Max,2,0,0.0
2026-07-31T11:24:46,Ford,C-Max,1,0,0.0
2026-07-31T11:24:46,Ford,Capri,9,9,1.0
2026-07-31T11:24:46,Ford,Ecosport,15,0,0.0
2026-07-31T11:24:46,Ford,Explorer,16,15,0.9375
2026-07-31T11:24:46,Ford,Fiesta,42,0,0.0
2026-07-31T11:24:46,Ford,Fiesta Active,2,0,0.0
2026-07-31T11:24:46,Ford,Focus,25,0,0.0
2026-07-31T11:24:46,Ford,Focus Active,1,0,0.0
2026-07-31T11:24:46,Ford,Focus Active Sw,1,0,0.0
2026-07-31T11:24:46,Ford,Focus Sw,1,0,0.0
2026-07-31T11:24:46,Ford,Galaxy,1,0,0.0
2026-07-31T11:24:46,Ford,Grand Tourneo Connect,1,0,0.0
2026-07-31T11:24:46,Ford,Ka et plus,1,0,0.0
2026-07-31T11:24:46,Ford,Kuga,83,0,0.0
2026-07-31T11:24:46,Ford,Mondeo,1,0,0.0
2026-07-31T11:24:46,Ford,Mondeo Sw,1,0,0.0
2026-07-31T11:24:46,Ford,Mustang Mach-E,5,5,1.0
2026-07-31T11:24:46,Ford,Puma,144,16,0.1111
2026-07-31T11:24:46,Ford,Ranger,8,0,0.0
2026-07-31T11:24:46,Ford,S-Max,4,0,0.0
2026-07-31T11:24:46,Ford,Tourneo Connect,1,0,0.0
2026-07-31T11:24:46,Ford,Tourneo Courier,6,1,0.1667
2026-07-31T11:24:46,Ford,Tourneo Custom,5,0,0.0
2026-07-31T11:24:46,Ford,Transit 2t,10,1,0.1
2026-07-31T11:24:46,Ford,Transit Connect,3,0,0.0
2026-07-31T11:24:46,Ford,Transit Courier,3,3,1.0
2026-07-31T11:24:46,Ford,Transit Custom,20,0,0.0
2026-07-31T11:24:46,Ford,Transit Custom Kombi,4,0,0.0
2026-07-31T11:24:46,Ford,Transit Custom Nugget,1,0,0.0
2026-07-31T11:24:46,Honda,Hr-V,3,0,0.0
2026-07-31T11:24:46,Honda,Jazz,1,0,0.0
2026-07-31T11:24:46,Honda,Ny1,1,1,1.0
2026-07-31T11:24:46,Hyundai,Bayon,5,0,0.0
2026-07-31T11:24:46,Hyundai,I10,1,0,0.0
2026-07-31T11:24:46,Hyundai,I20,31,0,0.0
2026-07-31T11:24:46,Hyundai,I30,4,0,0.0
2026-07-31T11:24:46,Hyundai,I30 Fastback,1,0,0.0
2026-07-31T11:24:46,Hyundai,I30 Sw,4,0,0.0
2026-07-31T11:24:46,Hyundai,Ioniq,1,1,1.0
2026-07-31T11:24:46,Hyundai,Ix20,1,0,0.0
2026-07-31T11:24:46,Hyundai,Kona,22,0,0.0
2026-07-31T11:24:46,Hyundai,Santa Fe,3,0,0.0
2026-07-31T11:24:46,Hyundai,Tucson,42,0,0.0
2026-07-31T11:24:46,Isuzu,D-Max,1,0,0.0
2026-07-31T11:24:46,Iveco,Daily,2,0,0.0
2026-07-31T11:24:46,Jaecoo,5,3,0,0.0
2026-07-31T11:24:46,Jaecoo,7,1,0,0.0
2026-07-31T11:24:46,Jaguar,E-Pace,7,0,0.0
2026-07-31T11:24:46,Jaguar,F-Pace,6,0,0.0
2026-07-31T11:24:46,Jaguar,F-Type Cabriolet,1,0,0.0
2026-07-31T11:24:46,Jaguar,F-Type Coupe,1,0,0.0
2026-07-31T11:24:46,Jaguar,I-Pace,2,2,1.0
2026-07-31T11:24:46,Jaguar,Xe,1,0,0.0
2026-08-01T10:30:48,Abarth,500,4,1,0.25
2026-08-01T10:30:48,Abarth,500c,1,1,1.0
2026-08-01T10:30:48,Abarth,600,1,1,1.0
2026-08-01T10:30:48,Alfa Romeo,Giulia,3,0,0.0
2026-08-01T10:30:48,Alfa Romeo,Giulietta,2,0,0.0
2026-08-01T10:30:48,Alfa Romeo,Junior,1,0,0.0
2026-08-01T10:30:48,Alfa Romeo,Stelvio,7,0,0.0
2026-08-01T10:30:48,Alfa Romeo,Tonale,8,0,0.0
2026-08-01T10:30:48,Alpine,A110,26,0,0.0
2026-08-01T10:30:48,Alpine,A290,12,12,1.0
2026-08-01T10:30:48,Alpine,A390,6,6,1.0
2026-08-01T10:30:48,Aston Martin,V8 Vantage,1,0,0.0
2026-08-01T10:30:48,Audi,A1 Allstreet,3,0,0.0
2026-08-01T10:30:48,Audi,A1 Citycarver,1,0,0.0
2026-08-01T10:30:48,Audi,A1 Sportback,63,0,0.0
2026-08-01T10:30:48,Audi,A3,1,0,0.0
2026-08-01T10:30:48,Audi,A3 Allstreet,5,0,0.0
2026-08-01T10:30:48,Audi,A3 Sportback,38,0,0.0
2026-08-01T10:30:48,Audi,A4,2,0,0.0
2026-08-01T10:30:48,Audi,A4 Allroad,1,0,0.0
2026-08-01T10:30:48,Audi,A4 Avant,4,0,0.0
2026-08-01T10:30:48,Audi,A5,3,0,0.0
2026-08-01T10:30:48,Audi,A5 Avant,8,0,0.0
2026-08-01T10:30:48,Audi,A5 Sportback,5,0,0.0
2026-08-01T10:30:48,Audi,A6,2,0,0.0
2026-08-01T10:30:48,Audi,A6 Allroad,3,0,0.0
2026-08-01T10:30:48,Audi,A6 Avant,7,0,0.0
2026-08-01T10:30:48,Audi,A6 Avant E-Tron,2,2,1.0
2026-08-01T10:30:48,Audi,A6 Sportback E-Tron,2,2,1.0
2026-08-01T10:30:48,Audi,A7 Sportback,1,0,0.0
2026-08-01T10:30:48,Audi,A8,1,0,0.0
2026-08-01T10:30:48,Audi,E-Tron Gt,1,1,1.0
2026-08-01T10:30:48,Audi,E-Tron S Sportback,2,2,1.0
2026-08-01T10:30:48,Audi,Q2,47,0,0.0
2026-08-01T10:30:48,Audi,Q3,42,0,0.0
2026-08-01T10:30:48,Audi,Q3 Sportback,28,0,0.0
2026-08-01T10:30:48,Audi,Q4 E-Tron,5,5,1.0
2026-08-01T10:30:48,Audi,Q4 Sportback E-Tron,6,6,1.0
2026-08-01T10:30:48,Audi,Q5,19,0,0.0
2026-08-01T10:30:48,Audi,Q5 Sportback,9,0,0.0
2026-08-01T10:30:48,Audi,Q6 E-Tron,4,4,1.0
2026-08-01T10:30:48,Audi,Q6 Sportback E-Tron,4,4,1.0
2026-08-01T10:30:48,Audi,Q7,1,0,0.0
2026-08-01T10:30:48,Audi,Q8,3,0,0.0
2026-08-01T10:30:48,Audi,Q8 E-Tron,1,1,1.0
2026-08-01T10:30:48,Audi,Q8 E-Tron Sportback,1,1,1.0
2026-08-01T10:30:48,Audi,R8 Spyder,1,0,0.0
2026-08-01T10:30:48,Audi,Rs Q3 Sportback,1,0,0.0
2026-08-01T10:30:48,Audi,Rs3 Sportback,1,0,0.0
2026-08-01T10:30:48,Audi,Rs4 Avant,1,0,0.0
2026-08-01T10:30:48,Audi,Rs6 Avant,1,0,0.0
2026-08-01T10:30:48,Audi,S3,1,0,0.0
2026-08-01T10:30:48,Audi,S3 Sportback,1,0,0.0
2026-08-01T10:30:48,Audi,S4 Avant,1,0,0.0
2026-08-01T10:30:48,Audi,S6 Avant E-Tron,2,2,1.0
2026-08-01T10:30:48,Audi,Tt,2,0,0.0
2026-08-01T10:30:48,Audi,Tt Roadster,1,0,0.0
2026-08-01T10:30:48,Bmw,I3,3,3,1.0
2026-08-01T10:30:48,Bmw,I4,33,33,1.0
2026-08-01T10:30:48,Bmw,I8,1,0,0.0
2026-08-01T10:30:48,Bmw,Ix,5,5,1.0
2026-08-01T10:30:48,Bmw,Ix3,4,4,1.0
2026-08-01T10:30:48,Bmw,M2 Coupé,3,0,0.0
2026-08-01T10:30:48,Bmw,M4 Coupé,2,0,0.0
2026-08-01T10:30:48,Bmw,M5,1,0,0.0
2026-08-01T10:30:48,Bmw,Série 1,135,0,0.0
2026-08-01T10:30:48,Bmw,Série 2 Active Tourer,77,0,0.0
2026-08-01T10:30:48,Bmw,Série 2 Coupé,6,0,0.0
2026-08-01T10:30:48,Bmw,Série 2 Gran Coupé,24,0,0.0
2026-08-01T10:30:48,Bmw,Série 2 Gran Tourer,4,0,0.0
2026-08-01T10:30:48,Bmw,Série 3,13,0,0.0
2026-08-01T10:30:48,Bmw,Série 3 Gran Turismo,4,0,0.0
2026-08-01T10:30:48,Bmw,Série 3 Touring,40,0,0.0
2026-08-01T10:30:48,Bmw,Série 4 Cabriolet,5,0,0.0
2026-08-01T10:30:48,Bmw,Série 4 Coupé,13,0,0.0
2026-08-01T10:30:48,Bmw,Série 4 Gran Coupé,25,0,0.0
2026-08-01T10:30:48,Bmw,Série 5,22,6,0.2727
2026-08-01T10:30:48,Bmw,Série 5 Touring,12,2,0.1667
2026-08-01T10:30:48,Bmw,Série 7,2,0,0.0
2026-08-01T10:30:48,Bmw,Série 8,1,0,0.0
2026-08-01T10:30:48,Bmw,Série 8 Gran Coupé,2,0,0.0
2026-08-01T10:30:48,Bmw,X1,158,32,0.2025
2026-08-01T10:30:48,Bmw,X2,72,7,0.0972
2026-08-01T10:30:48,Bmw,X3,73,0,0.0
2026-08-01T10:30:48,Bmw,X4,9,0,0.0
2026-08-01T10:30:48,Bmw,X4 M,2,0,0.0
2026-08-01T10:30:48,Bmw,X5,31,0,0.0
2026-08-01T10:30:48,Bmw,X6,1,0,0.0
2026-08-01T10:30:48,Bmw,Xm,5,0,0.0
2026-08-01T10:30:48,Bmw,Z4 Roadster,8,0,0.0
2026-08-01T10:30:48,Byd,Atto 2,2,2,1.0
2026-08-01T10:30:48,Byd,Atto 3,1,1,1.0
2026-08-01T10:30:48,Byd,Seal 6 Dm-I,1,0,0.0
2026-08-01T10:30:48,Byd,Tang,1,1,1.0
2026-08-01T10:30:48,Citroen,Ami,16,16,1.0
2026-08-01T10:30:48,Citroen,Berlingo,19,2,0.1053
2026-08-01T10:30:48,Citroen,Berlingo Van,39,0,0.0
2026-08-01T10:30:48,Citroen,C1,12,0,0.0
2026-08-01T10:30:48,Citroen,C3,713,10,0.014
2026-08-01T10:30:48,Citroen,C3 Aircross,167,7,0.0419
2026-08-01T10:30:48,Citroen,C4,125,30,0.24
2026-08-01T10:30:48,Citroen,C4 Aircross,1,0,0.0
2026-08-01T10:30:48,Citroen,C4 Cactus,16,0,0.0
2026-08-01T10:30:48,Citroen,C4 Picasso,4,0,0.0
2026-08-01T10:30:48,Citroen,C4 Spacetourer,6,0,0.0
2026-08-01T10:30:48,Citroen,C4 X,7,1,0.1429
2026-08-01T10:30:48,Citroen,C5 Aircross,202,3,0.0149
2026-08-01T10:30:48,Citroen,C5 X,15,0,0.0
2026-08-01T10:30:48,Citroen,Grand C4 Spacetourer,3,0,0.0
2026-08-01T10:30:48,Citroen,Holidays,1,0,0.0
2026-08-01T10:30:48,Citroen,Jumper,17,0,0.0
2026-08-01T10:30:48,Citroen,Jumpy,33,1,0.0303
2026-08-01T10:30:48,Citroen,Spacetourer,13,0,0.0
2026-08-01T10:30:48,Cupra,Born,2,2,1.0
2026-08-01T10:30:48,Cupra,Formentor,18,0,0.0
2026-08-01T10:30:48,Cupra,Leon,8,0,0.0
2026-08-01T10:30:48,Cupra,Leon St,2,0,0.0
2026-08-01T10:30:48,Cupra,Raval,2,2,1.0
2026-08-01T10:30:48,Cupra,Terramar,4,0,0.0
2026-08-01T10:30:48,Dacia,Bigster,43,0,0.0
2026-08-01T10:30:48,Dacia,Dokker,1,0,0.0
2026-08-01T10:30:48,Dacia,Duster,397,0,0.0
2026-08-01T10:30:48,Dacia,Jogger,143,0,0.0
2026-08-01T10:30:48,Dacia,Lodgy,9,0,0.0
2026-08-01T10:30:48,Dacia,Logan,3,0,0.0
2026-08-01T10:30:48,Dacia,Logan Mcv,2,0,0.0
2026-08-01T10:30:48,Dacia,Sandero,650,0,0.0
2026-08-01T10:30:48,Dacia,Spring,194,194,1.0
2026-08-01T10:30:48,Ds,4,14,6,0.4286
2026-08-01T10:30:48,Ds,8,6,6,1.0
2026-08-01T10:30:48,Ds,Ds,3,0,0.0
2026-08-01T10:30:48,Ds,Ds 3,45,11,0.2444
2026-08-01T10:30:48,Ds,Ds 3 Crossback,48,6,0.125
2026-08-01T10:30:48,Ds,Ds 4,120,0,0.0
2026-08-01T10:30:48,Ds,Ds 7,47,0,0.0
2026-08-01T10:30:48,Ds,Ds 7 Crossback,52,0,0.0
2026-08-01T10:30:48,Ds,Ds 9,1,0,0.0
2026-08-01T10:30:48,Fiat,500,43,18,0.4186
2026-08-01T10:30:48,Fiat,500c,8,2,0.25
2026-08-01T10:30:48,Fiat,500x,21,0,0.0
2026-08-01T10:30:48,Fiat,600,12,2,0.1667
2026-08-01T10:30:48,Fiat,Doblo Cargo,2,0,0.0
2026-08-01T10:30:48,Fiat,Ducato,4,0,0.0
2026-08-01T10:30:48,Fiat,Grande Panda,4,2,0.5
2026-08-01T10:30:48,Fiat,Panda,4,0,0.0
2026-08-01T10:30:48,Fiat,Punto,1,0,0.0
2026-08-01T10:30:48,Fiat,Scudo,7,1,0.1429
2026-08-01T10:30:48,Fiat,Scudo Combi,1,0,0.0
2026-08-01T10:30:48,Fiat,Talento,1,0,0.0
2026-08-01T10:30:48,Fiat,Tipo,3,0,0.0
2026-08-01T10:30:48,Fiat,Tipo Cross,2,0,0.0
2026-08-01T10:30:48,Ford,B-Max,2,0,0.0
2026-08-01T10:30:48,Ford,Capri,9,9,1.0
2026-08-01T10:30:48,Ford,Ecosport,15,0,0.0
2026-08-01T10:30:48,Ford,Explorer,16,15,0.9375
2026-08-01T10:30:48,Ford,Fiesta,41,0,0.0
2026-08-01T10:30:48,Ford,Fiesta Active,2,0,0.0
2026-08-01T10:30:48,Ford,Focus,26,0,0.0
2026-08-01T10:30:48,Ford,Focus Active,1,0,0.0
2026-08-01T10:30:48,Ford,Focus Active Sw,1,0,0.0
2026-08-01T10:30:48,Ford,Focus Sw,1,0,0.0
2026-08-01T10:30:48,Ford,Galaxy,1,0,0.0
2026-08-01T10:30:48,Ford,Grand Tourneo Connect,1,0,0.0
2026-08-01T10:30:48,Ford,Ka et plus,1,0,0.0
2026-08-01T10:30:48,Ford,Kuga,82,0,0.0
2026-08-01T10:30:48,Ford,Mondeo,1,0,0.0
2026-08-01T10:30:48,Ford,Mondeo Sw,2,0,0.0
2026-08-01T10:30:48,Ford,Mustang Mach-E,5,5,1.0
2026-08-01T10:30:48,Ford,Puma,145,16,0.1103
2026-08-01T10:30:48,Ford,Ranger,8,0,0.0
2026-08-01T10:30:48,Ford,S-Max,4,0,0.0
2026-08-01T10:30:48,Ford,Tourneo Connect,1,0,0.0
2026-08-01T10:30:48,Ford,Tourneo Courier,7,1,0.1429
2026-08-01T10:30:48,Ford,Tourneo Custom,5,0,0.0
2026-08-01T10:30:48,Ford,Transit 2t,11,1,0.0909
2026-08-01T10:30:48,Ford,Transit Connect,3,0,0.0
2026-08-01T10:30:48,Ford,Transit Courier,3,3,1.0
2026-08-01T10:30:48,Ford,Transit Custom,20,0,0.0
2026-08-01T10:30:48,Ford,Transit Custom Kombi,4,0,0.0
2026-08-01T10:30:48,Ford,Transit Custom Nugget,1,0,0.0
2026-08-01T10:30:48,Honda,Hr-V,3,0,0.0
2026-08-01T10:30:48,Honda,Jazz,1,0,0.0
2026-08-01T10:30:48,Honda,Ny1,1,1,1.0
2026-08-01T10:30:48,Hyundai,Bayon,5,0,0.0
2026-08-01T10:30:48,Hyundai,I10,1,0,0.0
2026-08-01T10:30:48,Hyundai,I20,28,0,0.0
2026-08-01T10:30:48,Hyundai,I30,4,0,0.0
2026-08-01T10:30:48,Hyundai,I30 Fastback,1,0,0.0
2026-08-01T10:30:48,Hyundai,I30 Sw,4,0,0.0
2026-08-01T10:30:48,Hyundai,Ioniq,1,1,1.0
2026-08-01T10:30:48,Hyundai,Ix20,1,0,0.0
2026-08-01T10:30:48,Hyundai,Kona,22,0,0.0
2026-08-01T10:30:48,Hyundai,Santa Fe,3,0,0.0
2026-08-01T10:30:48,Hyundai,Tucson,41,0,0.0
2026-08-01T10:30:48,Isuzu,D-Max,1,0,0.0
2026-08-01T10:30:48,Iveco,Daily,3,0,0.0
2026-08-01T10:30:48,Jaecoo,5,3,0,0.0
2026-08-01T10:30:48,Jaecoo,7,1,0,0.0
2026-08-01T10:30:48,Jaguar,E-Pace,7,0,0.0
2026-08-01T10:30:48,Jaguar,F-Pace,7,0,0.0
2026-08-01T10:30:48,Jaguar,F-Type Coupe,1,0,0.0
2026-08-01T10:30:48,Jaguar,I-Pace,2,2,1.0
2026-08-01T10:30:48,Jaguar,Xe,1,0,0.0
2026-08-01T10:30:48,Jeep,Avenger,5,0,0.0
2026-08-01T10:30:48,Jeep,Cherokee,1,0,0.0
2026-08-01T10:30:48,Jeep,Compass,5,0,0.0
2026-08-01T10:30:48,Jeep,Gladiator,1,0,0.0
2026-08-01T10:30:48,Jeep,Renegade,16,0,0.0
2026-08-01T10:30:48,Jeep,Wrangler,1,0,0.0
2026-08-01T10:30:48,Jeep,Wrangler Unlimited,3,0,0.0
2026-08-01T10:30:48,Volkswagen,3,14,14,1.0
2026-08-01T10:30:48,Volkswagen,4,10,10,1.0
2026-08-01T10:30:48,Volkswagen,5,4,4,1.0
2026-08-01T10:30:48,Volkswagen,7,1,1,1.0
2026-08-01T10:30:48,Volkswagen,Arteon,2,0,0.0
2026-08-01T10:30:48,Volkswagen,Buzz,4,4,1.0
2026-08-01T10:30:48,Volkswagen,Caddy,1,0,0.0
2026-08-01T10:30:48,Volkswagen,Caddy Cargo,3,0,0.0
2026-08-01T10:30:48,Volkswagen,Caddy Maxi,1,0,0.0
2026-08-01T10:30:48,Volkswagen,Caddy Van,2,0,0.0
2026-08-01T10:30:48,Volkswagen,Caravelle,3,2,0.6667
2026-08-01T10:30:48,Volkswagen,Coccinelle,1,0,0.0
2026-08-01T10:30:48,Volkswagen,Crafter,4,0,0.0
2026-08-01T10:30:48,Volkswagen,Golf,59,0,0.0
2026-08-01T10:30:48,Volkswagen,Golf Sw,5,0,0.0
2026-08-01T10:30:48,Volkswagen,Multivan,1,0,0.0
2026-08-01T10:30:48,Volkswagen,Passat Sw,9,0,0.0
2026-08-01T10:30:48,Volkswagen,Polo,109,0,0.0
2026-08-01T10:30:48,Volkswagen,T-Cross,58,0,0.0
2026-08-01T10:30:48,Volkswagen,T-Roc,121,0,0.0
2026-08-01T10:30:48,Volkswagen,T-Roc Cabriolet,6,0,0.0
2026-08-01T10:30:48,Volkswagen,Taigo,45,0,0.0
2026-08-01T10:30:48,Volkswagen,Tayron,1,0,0.0
2026-08-01T10:30:48,Volkswagen,Tiguan,70,0,0.0
2026-08-01T10:30:48,Volkswagen,Tiguan Allspace,2,0,0.0
2026-08-01T10:30:48,Volkswagen,Touran,6,0,0.0
2026-08-01T10:30:48,Volkswagen,Transporter,13,1,0.0769
2026-08-01T10:30:48,Volvo,C40,2,2,1.0
2026-08-01T10:30:48,Volvo,Ec40,7,7,1.0
2026-08-01T10:30:48,Volvo,Es90,3,3,1.0
2026-08-01T10:30:48,Volvo,Ex30,13,13,1.0
2026-08-01T10:30:48,Volvo,Ex30 Cross Country,4,4,1.0
2026-08-01T10:30:48,Volvo,Ex40,10,10,1.0
2026-08-01T10:30:48,Volvo,Ex90,1,1,1.0
2026-08-01T10:30:48,Volvo,S60,1,0,0.0
2026-08-01T10:30:48,Volvo,S90,1,0,0.0
2026-08-01T10:30:48,Volvo,V60,15,0,0.0
2026-08-01T10:30:48,Volvo,Xc40,45,9,0.2
2026-08-01T10:30:48,Volvo,Xc60,42,0,0.0
2026-08-01T10:30:48,Volvo,Xc90,6,0,0.0
2026-08-02T10:30:17,Abarth,500,4,1,0.25
2026-08-02T10:30:17,Abarth,500c,1,1,1.0
2026-08-02T10:30:17,Abarth,600,1,1,1.0
2026-08-02T10:30:17,Alfa Romeo,Giulia,3,0,0.0
2026-08-02T10:30:17,Alfa Romeo,Giulietta,2,0,0.0
2026-08-02T10:30:17,Alfa Romeo,Junior,1,0,0.0
2026-08-02T10:30:17,Alfa Romeo,Stelvio,7,0,0.0
2026-08-02T10:30:17,Alfa Romeo,Tonale,8,0,0.0
2026-08-02T10:30:17,Alpine,A110,25,0,0.0
2026-08-02T10:30:17,Alpine,A290,12,12,1.0
2026-08-02T10:30:17,Alpine,A390,6,6,1.0
2026-08-02T10:30:17,Aston Martin,V8 Vantage,1,0,0.0
2026-08-02T10:30:17,Audi,A1 Allstreet,3,0,0.0
2026-08-02T10:30:17,Audi,A1 Citycarver,1,0,0.0
2026-08-02T10:30:17,Audi,A1 Sportback,65,0,0.0
2026-08-02T10:30:17,Audi,A3,1,0,0.0
2026-08-02T10:30:17,Audi,A3 Allstreet,5,0,0.0
2026-08-02T10:30:17,Audi,A3 Sportback,39,0,0.0
2026-08-02T10:30:17,Audi,A4,2,0,0.0
2026-08-02T10:30:17,Audi,A4 Allroad,1,0,0.0
2026-08-02T10:30:17,Audi,A4 Avant,4,0,0.0
2026-08-02T10:30:17,Audi,A5,3,0,0.0
2026-08-02T10:30:17,Audi,A5 Avant,8,0,0.0
2026-08-02T10:30:17,Audi,A5 Sportback,5,0,0.0
2026-08-02T10:30:17,Audi,A6,2,0,0.0
2026-08-02T10:30:17,Audi,A6 Allroad,3,0,0.0
2026-08-02T10:30:17,Audi,A6 Avant,7,0,0.0
2026-08-02T10:30:17,Audi,A6 Avant E-Tron,1,1,1.0
2026-08-02T10:30:17,Audi,A6 Sportback E-Tron,2,2,1.0
2026-08-02T10:30:17,Audi,A7 Sportback,1,0,0.0
2026-08-02T10:30:17,Audi,A8,1,0,0.0
2026-08-02T10:30:17,Audi,E-Tron Gt,1,1,1.0
2026-08-02T10:30:17,Audi,E-Tron S Sportback,2,2,1.0
2026-08-02T10:30:17,Audi,Q2,46,0,0.0
2026-08-02T10:30:17,Audi,Q3,41,0,0.0
2026-08-02T10:30:17,Audi,Q3 Sportback,28,0,0.0
2026-08-02T10:30:17,Audi,Q4 E-Tron,5,5,1.0
2026-08-02T10:30:17,Audi,Q4 Sportback E-Tron,6,6,1.0
2026-08-02T10:30:17,Audi,Q5,19,0,0.0
2026-08-02T10:30:17,Audi,Q5 Sportback,9,0,0.0
2026-08-02T10:30:17,Audi,Q6 E-Tron,4,4,1.0
2026-08-02T10:30:17,Audi,Q6 Sportback E-Tron,4,4,1.0
2026-08-02T10:30:17,Audi,Q7,1,0,0.0
2026-08-02T10:30:17,Audi,Q8,3,0,0.0
2026-08-02T10:30:17,Audi,Q8 E-Tron,1,1,1.0
2026-08-02T10:30:17,Audi,Q8 E-Tron Sportback,1,1,1.0
2026-08-02T10:30:17,Audi,R8 Spyder,1,0,0.0
2026-08-02T10:30:17,Audi,Rs Q3 Sportback,1,0,0.0
2026-08-02T10:30:17,Audi,Rs3 Sportback,1,0,0.0
2026-08-02T10:30:17,Audi,Rs4 Avant,1,0,0.0
2026-08-02T10:30:17,Audi,Rs6 Avant,1,0,0.0
2026-08-02T10:30:17,Audi,S3,1,0,0.0
2026-08-02T10:30:17,Audi,S3 Sportback,1,0,0.0
2026-08-02T10:30:17,Audi,S4 Avant,1,0,0.0
2026-08-02T10:30:17,Audi,S6 Avant E-Tron,2,2,1.0
2026-08-02T10:30:17,Audi,Tt,2,0,0.0
2026-08-02T10:30:17,Audi,Tt Roadster,1,0,0.0
2026-08-02T10:30:17,Bmw,I3,3,3,1.0
2026-08-02T10:30:17,Bmw,I4,33,33,1.0
2026-08-02T10:30:17,Bmw,I8,1,0,0.0
2026-08-02T10:30:17,Bmw,Ix,5,5,1.0
2026-08-02T10:30:17,Bmw,Ix3,4,4,1.0
2026-08-02T10:30:17,Bmw,M2 Coupé,3,0,0.0
2026-08-02T10:30:17,Bmw,M4 Coupé,2,0,0.0
2026-08-02T10:30:17,Bmw,M5,1,0,0.0
2026-08-02T10:30:17,Bmw,Série 1,135,0,0.0
2026-08-02T10:30:17,Bmw,Série 2 Active Tourer,76,0,0.0
2026-08-02T10:30:17,Bmw,Série 2 Coupé,6,0,0.0
2026-08-02T10:30:17,Bmw,Série 2 Gran Coupé,24,0,0.0
2026-08-02T10:30:17,Bmw,Série 2 Gran Tourer,4,0,0.0
2026-08-02T10:30:17,Bmw,Série 3,13,0,0.0
2026-08-02T10:30:17,Bmw,Série 3 Gran Turismo,4,0,0.0
2026-08-02T10:30:17,Bmw,Série 3 Touring,40,0,0.0
2026-08-02T10:30:17,Bmw,Série 4 Cabriolet,6,0,0.0
2026-08-02T10:30:17,Bmw,Série 4 Coupé,13,0,0.0
2026-08-02T10:30:17,Bmw,Série 4 Gran Coupé,25,0,0.0
2026-08-02T10:30:17,Bmw,Série 5,22,6,0.2727
2026-08-02T10:30:17,Bmw,Série 5 Touring,12,2,0.1667
2026-08-02T10:30:17,Bmw,Série 7,2,0,0.0
2026-08-02T10:30:17,Bmw,Série 8,1,0,0.0
2026-08-02T10:30:17,Bmw,Série 8 Gran Coupé,2,0,0.0
2026-08-02T10:30:17,Bmw,X1,155,31,0.2
2026-08-02T10:30:17,Bmw,X2,73,7,0.0959
2026-08-02T10:30:17,Bmw,X3,74,0,0.0
2026-08-02T10:30:17,Bmw,X4,9,0,0.0
2026-08-02T10:30:17,Bmw,X4 M,2,0,0.0
2026-08-02T10:30:17,Bmw,X5,30,0,0.0
2026-08-02T10:30:17,Bmw,X6,1,0,0.0
2026-08-02T10:30:17,Bmw,Xm,5,0,0.0
2026-08-02T10:30:17,Bmw,Z4 Roadster,8,0,0.0
2026-08-02T10:30:17,Byd,Atto 2,2,2,1.0
2026-08-02T10:30:17,Byd,Atto 3,1,1,1.0
2026-08-02T10:30:17,Byd,Seal 6 Dm-I,1,0,0.0
2026-08-02T10:30:17,Byd,Tang,1,1,1.0
2026-08-02T10:30:17,Citroen,Ami,15,15,1.0
2026-08-02T10:30:17,Citroen,Berlingo,19,2,0.1053
2026-08-02T10:30:17,Citroen,Berlingo Van,39,0,0.0
2026-08-02T10:30:17,Citroen,C1,12,0,0.0
2026-08-02T10:30:17,Citroen,C3,708,9,0.0127
2026-08-02T10:30:17,Citroen,C3 Aircross,167,7,0.0419
2026-08-02T10:30:17,Citroen,C4,125,31,0.248
2026-08-02T10:30:17,Citroen,C4 Cactus,16,0,0.0
2026-08-02T10:30:17,Citroen,C4 Picasso,4,0,0.0
2026-08-02T10:30:17,Citroen,C4 Spacetourer,6,0,0.0
2026-08-02T10:30:17,Citroen,C4 X,7,1,0.1429
2026-08-02T10:30:17,Citroen,C5 Aircross,203,3,0.0148
2026-08-02T10:30:17,Citroen,C5 X,13,0,0.0
2026-08-02T10:30:17,Citroen,Grand C4 Picasso,1,0,0.0
2026-08-02T10:30:17,Citroen,Grand C4 Spacetourer,4,0,0.0
2026-08-02T10:30:17,Citroen,Holidays,1,0,0.0
2026-08-02T10:30:17,Citroen,Jumper,16,0,0.0
2026-08-02T10:30:17,Citroen,Jumpy,33,1,0.0303
2026-08-02T10:30:17,Citroen,Spacetourer,13,0,0.0
2026-08-02T10:30:17,Cupra,Born,2,2,1.0
2026-08-02T10:30:17,Cupra,Formentor,18,0,0.0
2026-08-02T10:30:17,Cupra,Leon,8,0,0.0
2026-08-02T10:30:17,Cupra,Leon St,2,0,0.0
2026-08-02T10:30:17,Cupra,Raval,1,1,1.0
2026-08-02T10:30:17,Cupra,Terramar,4,0,0.0
2026-08-02T10:30:17,Dacia,Bigster,44,0,0.0
2026-08-02T10:30:17,Dacia,Duster,395,0,0.0
2026-08-02T10:30:17,Dacia,Jogger,145,0,0.0
2026-08-02T10:30:17,Dacia,Lodgy,8,0,0.0
2026-08-02T10:30:17,Dacia,Logan,3,0,0.0
2026-08-02T10:30:17,Dacia,Logan Mcv,1,0,0.0
2026-08-02T10:30:17,Dacia,Sandero,659,0,0.0
2026-08-02T10:30:17,Dacia,Spring,198,198,1.0
2026-08-02T10:30:17,Ds,4,13,5,0.3846
2026-08-02T10:30:17,Ds,8,6,6,1.0
2026-08-02T10:30:17,Ds,Ds,3,0,0.0
2026-08-02T10:30:17,Ds,Ds 3,45,12,0.2667
2026-08-02T10:30:17,Ds,Ds 3 Crossback,47,6,0.1277
2026-08-02T10:30:17,Ds,Ds 4,115,0,0.0
2026-08-02T10:30:17,Ds,Ds 7,47,0,0.0
2026-08-02T10:30:17,Ds,Ds 7 Crossback,52,0,0.0
2026-08-02T10:30:17,Ds,Ds 9,1,0,0.0
2026-08-02T10:30:17,Fiat,500,44,17,0.3864
2026-08-02T10:30:17,Fiat,500c,8,2,0.25
2026-08-02T10:30:17,Fiat,500x,23,0,0.0
2026-08-02T10:30:17,Fiat,600,12,2,0.1667
2026-08-02T10:30:17,Fiat,Doblo Cargo,2,0,0.0
2026-08-02T10:30:17,Fiat,Ducato,4,0,0.0
2026-08-02T10:30:17,Fiat,Grande Panda,3,2,0.6667
2026-08-02T10:30:17,Fiat,Panda,4,0,0.0
2026-08-02T10:30:17,Fiat,Punto,1,0,0.0
2026-08-02T10:30:17,Fiat,Scudo,8,1,0.125
2026-08-02T10:30:17,Fiat,Scudo Combi,1,0,0.0
2026-08-02T10:30:17,Fiat,Talento,1,0,0.0
2026-08-02T10:30:17,Fiat,Tipo,3,0,0.0
2026-08-02T10:30:17,Fiat,Tipo Cross,2,0,0.0
2026-08-02T10:30:17,Ford,B-Max,2,0,0.0
2026-08-02T10:30:17,Ford,Capri,9,9,1.0
2026-08-02T10:30:17,Ford,Ecosport,15,0,0.0
2026-08-02T10:30:17,Ford,Explorer,16,15,0.9375
2026-08-02T10:30:17,Ford,Fiesta,42,0,0.0
2026-08-02T10:30:17,Ford,Fiesta Active,2,0,0.0
2026-08-02T10:30:17,Ford,Focus,25,0,0.0
2026-08-02T10:30:17,Ford,Focus Active,1,0,0.0
2026-08-02T10:30:17,Ford,Focus Active Sw,1,0,0.0
2026-08-02T10:30:17,Ford,Focus Sw,1,0,0.0
2026-08-02T10:30:17,Ford,Galaxy,1,0,0.0
2026-08-02T10:30:17,Ford,Grand Tourneo Connect,1,0,0.0
2026-08-02T10:30:17,Ford,Ka et plus,1,0,0.0
2026-08-02T10:30:17,Ford,Kuga,81,0,0.0
2026-08-02T10:30:17,Ford,Mondeo,1,0,0.0
2026-08-02T10:30:17,Ford,Mondeo Sw,2,0,0.0
2026-08-02T10:30:17,Ford,Mustang Mach-E,5,5,1.0
2026-08-02T10:30:17,Ford,Puma,144,16,0.1111
2026-08-02T10:30:17,Ford,Ranger,8,0,0.0
2026-08-02T10:30:17,Ford,S-Max,5,0,0.0
2026-08-02T10:30:17,Ford,Tourneo Connect,1,0,0.0
2026-08-02T10:30:17,Ford,Tourneo Courier,7,1,0.1429
2026-08-02T10:30:17,Ford,Tourneo Custom,5,0,0.0
2026-08-02T10:30:17,Ford,Transit 2t,11,1,0.0909
2026-08-02T10:30:17,Ford,Transit Connect,2,0,0.0
2026-08-02T10:30:17,Ford,Transit Courier,4,3,0.75
2026-08-02T10:30:17,Ford,Transit Custom,20,0,0.0
2026-08-02T10:30:17,Ford,Transit Custom Kombi,3,0,0.0
2026-08-02T10:30:17,Ford,Transit Custom Nugget,1,0,0.0
2026-08-02T10:30:17,Honda,Hr-V,3,0,0.0
2026-08-02T10:30:17,Honda,Jazz,1,0,0.0
2026-08-02T10:30:17,Honda,Ny1,1,1,1.0
2026-08-02T10:30:17,Hyundai,Bayon,5,0,0.0
2026-08-02T10:30:17,Hyundai,I10,1,0,0.0
2026-08-02T10:30:17,Hyundai,I20,27,0,0.0
2026-08-02T10:30:17,Hyundai,I30,4,0,0.0
2026-08-02T10:30:17,Hyundai,I30 Fastback,1,0,0.0
2026-08-02T10:30:17,Hyundai,I30 Sw,4,0,0.0
2026-08-02T10:30:17,Hyundai,Ioniq,3,2,0.6667
2026-08-02T10:30:17,Hyundai,Ix20,1,0,0.0
2026-08-02T10:30:17,Hyundai,Kona,23,0,0.0
2026-08-02T10:30:17,Hyundai,Santa Fe,3,0,0.0
2026-08-02T10:30:17,Hyundai,Tucson,43,0,0.0
2026-08-02T10:30:17,Isuzu,D-Max,1,0,0.0
2026-08-02T10:30:17,Iveco,Daily,3,0,0.0
2026-08-02T10:30:17,Jaecoo,5,2,0,0.0
2026-08-02T10:30:17,Jaecoo,7,1,0,0.0
2026-08-02T10:30:17,Jaguar,E-Pace,7,0,0.0
2026-08-02T10:30:17,Jaguar,F-Pace,7,0,0.0
2026-08-02T10:30:17,Jaguar,F-Type Coupe,1,0,0.0
2026-08-02T10:30:17,Jaguar,I-Pace,3,3,1.0
2026-08-02T10:30:17,Jaguar,Xe,1,0,0.0
2026-08-02T10:30:17,Jeep,Avenger,5,0,0.0
2026-08-02T10:30:17,Jeep,Cherokee,1,0,0.0
2026-08-02T10:30:17,Jeep,Compass,5,0,0.0
2026-08-02T10:30:17,Jeep,Gladiator,1,0,0.0
2026-08-02T10:30:17,Jeep,Renegade,15,0,0.0
2026-08-02T10:30:17,Jeep,Wrangler,1,0,0.0
2026-08-02T10:30:17,Jeep,Wrangler Unlimited,3,0,0.0
2026-08-02T10:30:17,Kia,Ceed,6,0,0.0
2026-08-02T10:30:17,Kia,Ceed Sw,3,0,0.0
2026-08-02T10:30:17,Kia,E-Niro,2,2,1.0
2026-08-02T10:30:17,Kia,Ev2,1,1,1.0
2026-08-02T10:30:17,Kia,Ev3,2,2,1.0
2026-08-02T10:30:17,Kia,Ev4,2,2,1.0
2026-08-02T10:30:17,Kia,Ev5,2,2,1.0
2026-08-02T10:30:17,Kia,Ev6,1,1,1.0
2026-08-02T10:30:17,Kia,Niro,12,0,0.0
2026-08-02T10:30:17,Kia,Picanto,19,0,0.0
2026-08-02T10:30:17,Kia,Pro Ceed,4,0,0.0
2026-08-02T10:30:17,Kia,Pv5 Cargo,1,1,1.0
2026-08-02T10:30:17,Kia,Pv5 Passenger,2,2,1.0
2026-08-02T10:30:17,Kia,Rio,8,0,0.0
2026-08-02T10:30:17,Kia,Sorento,1,0,0.0
2026-08-02T10:30:17,Kia,Sportage,49,0,0.0
2026-08-02T10:30:17,Kia,Stonic,27,0,0.0
2026-08-02T10:30:17,Kia,Venga,1,0,0.0
2026-08-02T10:30:17,Kia,Xceed,6,0,0.0
2026-08-02T10:30:17,Land-Rover,Defender,10,0,0.0
2026-08-02T10:30:17,Land-Rover,Discovery Sport,8,0,0.0
2026-08-02T10:30:17,Land-Rover,Range Rover,4,0,0.0
2026-08-02T10:30:17,Land-Rover,Range Rover Evoque,32,0,0.0
2026-08-02T10:30:17,Land-Rover,Range Rover Evoque Cabriolet,1,0,0.0
2026-08-02T10:30:17,Land-Rover,Range Rover Sport,16,0,0.0
2026-08-02T10:30:17,Land-Rover,Range Rover Velar,12,0,0.0
2026-08-02T10:30:17,Leapmotor,B10,2,1,0.5
2026-08-02T10:30:17,Leapmotor,C10,4,1,0.25
2026-08-02T10:30:17,Leapmotor,T03,2,2,1.0
2026-08-02T10:30:17,Lexus,Gs,1,0,0.0
2026-08-02T10:30:17,Lexus,Lbx,30,0,0.0
2026-08-02T10:30:17,Lexus,Nx,37,0,0.0
2026-08-02T10:30:17,Lexus,Rx,3,0,0.0
2026-08-02T10:30:17,Lexus,Rz,5,5,1.0
2026-08-02T10:30:17,Lexus,Ux,11,1,0.0909
2026-08-02T10:30:17,Man,Tge Fg,1,0,0.0
2026-08-02T10:30:17,Maserati,Ghibli,1,0,0.0
2026-08-02T10:30:17,Maserati,Granturismo,1,0,0.0
2026-08-02T10:30:17,Maserati,Grecale,4,3,0.75
2026-08-02T10:30:17,Maserati,Mc20 Cielo,2,0,0.0
2026-08-02T10:30:17,Mazda,Cx-3,3,0,0.0
2026-08-02T10:30:17,Mazda,Cx-30,10,0,0.0
2026-08-02T10:30:17,Mazda,Cx-5,3,0,0.0
2026-08-02T10:30:17,Mazda,Cx-60,2,0,0.0
2026-08-02T10:30:17,Mazda,Mazda2,5,0,0.0
2026-08-02T10:30:17,Mazda,Mazda3,2,0,0.0
2026-08-02T10:30:17,Mazda,Mazda6,1,0,0.0
2026-08-02T10:30:17,Mazda,Mx-5,3,0,0.0
2026-08-02T10:30:17,Mercedes,Amg Gt,1,0,0.0
2026-08-02T10:30:17,Mercedes,Amg Gt Roadster,1,0,0.0
2026-08-02T10:30:17,Mercedes,Citan,14,3,0.2143
2026-08-02T10:30:17,Mercedes,Cla,64,18,0.2812
2026-08-02T10:30:17,Mercedes,Cla Shooting Brake,52,12,0.2308
2026-08-02T10:30:17,Mercedes,Classe A,159,0,0.0
2026-08-02T10:30:17,Mercedes,Classe A Berline,7,0,0.0
2026-08-02T10:30:17,Mercedes,Classe B,67,0,0.0
2026-08-02T10:30:17,Mercedes,Classe C,36,0,0.0
2026-08-02T10:30:17,Mercedes,Classe C Break,23,0,0.0
2026-08-02T10:30:17,Mercedes,Classe C Coupé,4,0,0.0
2026-08-02T10:30:17,Mercedes,Classe Cls,1,0,0.0
2026-08-02T10:30:17,Mercedes,Classe E,11,0,0.0
2026-08-02T10:30:17,Mercedes,Classe E All-Terrain,2,0,0.0
2026-08-02T10:30:17,Mercedes,Classe E Break,7,0,0.0
2026-08-02T10:30:17,Mercedes,Classe E Coupé,3,0,0.0
2026-08-02T10:30:17,Mercedes,Classe G,2,0,0.0
2026-08-02T10:30:17,Mercedes,Classe S,5,0,0.0
2026-08-02T10:30:17,Mercedes,Classe S Coupé,1,0,0.0
2026-08-02T10:30:17,Mercedes,Classe Sl,2,0,0.0
2026-08-02T10:30:17,Mercedes,Classe T,1,0,0.0
2026-08-02T10:30:17,Mercedes,Classe V,2,0,0.0
2026-08-02T10:30:17,Mercedes,Cle Cabriolet,2,0,0.0
2026-08-02T10:30:17,Mercedes,Cle Coupé,2,0,0.0
2026-08-02T10:30:17,Mercedes,Eqa,13,13,1.0
2026-08-02T10:30:17,Mercedes,Eqb,7,7,1.0
2026-08-02T10:30:17,Mercedes,Eqc,1,1,1.0
2026-08-02T10:30:17,Mercedes,Eqe,7,7,1.0
2026-08-02T10:30:17,Mercedes,Eqe Suv,4,4,1.0
2026-08-02T10:30:17,Mercedes,Eqs,5,5,1.0
2026-08-02T10:30:17,Mercedes,Eqt,1,1,1.0
2026-08-02T10:30:17,Mercedes,Gla,116,0,0.0
2026-08-02T10:30:17,Mercedes,Glb,40,18,0.45
2026-08-02T10:30:17,Mercedes,Glc,68,12,0.1765
2026-08-02T10:30:17,Mercedes,Glc Coupé,14,0,0.0
2026-08-02T10:30:17,Mercedes,Gle,13,0,0.0
2026-08-02T10:30:17,Mercedes,Gle Coupé,12,0,0.0
2026-08-02T10:30:17,Mercedes,Gls,1,0,0.0
2026-08-02T10:30:17,Mercedes,Sprinter,21,6,0.2857
2026-08-02T10:30:17,Mercedes,Vito,28,2,0.0714
2026-08-02T10:30:17,Mercedes,Vito Tourer,1,0,0.0
2026-08-02T10:30:17,Mg,Cyberster,2,2,1.0
2026-08-02T10:30:17,Mg,Ehs,16,0,0.0
2026-08-02T10:30:17,Mg,Marvel R,5,5,1.0
2026-08-02T10:30:17,Mg,Mg3,17,0,0.0
2026-08-02T10:30:17,Mg,Mg4,6,6,1.0
2026-08-02T10:30:17,Mg,Mg5,5,5,1.0
2026-08-02T10:30:17,Mg,Zs,25,8,0.32
2026-08-02T10:30:17,Mini,Aceman,3,3,1.0
2026-08-02T10:30:17,Mini,Cabrio,21,0,0.0
2026-08-02T10:30:17,Mini,Clubman,23,0,0.0
2026-08-02T10:30:17,Mini,Cooper 3 Portes,9,4,0.4444
2026-08-02T10:30:17,Mini,Cooper 5 Portes,5,0,0.0
2026-08-02T10:30:17,Mini,Countryman,86,4,0.0465
2026-08-02T10:30:17,Mini,Mini,165,50,0.303
2026-08-02T10:30:17,Mitsubishi,Asx,11,0,0.0
2026-08-02T10:30:17,Mitsubishi,Colt,17,0,0.0
2026-08-02T10:30:17,Mitsubishi,Eclipse Cross,83,0,0.0
2026-08-02T10:30:17,Mitsubishi,Outlander,15,0,0.0
2026-08-02T10:30:17,Mitsubishi,Space Star,8,0,0.0
2026-08-02T10:30:17,Mobilize,Duo,3,3,1.0
2026-08-02T10:30:17,Nissan,Ariya,6,5,0.8333
2026-08-02T10:30:17,Nissan,Interstar,1,0,0.0
2026-08-02T10:30:17,Nissan,Juke,250,0,0.0
2026-08-02T10:30:17,Nissan,Leaf,15,14,0.9333
2026-08-02T10:30:17,Nissan,Micra,65,8,0.1231
2026-08-02T10:30:17,Nissan,Np300 Navara,1,0,0.0
2026-08-02T10:30:17,Nissan,Nv300,2,0,0.0
2026-08-02T10:30:17,Nissan,Nv400,1,0,0.0
2026-08-02T10:30:17,Nissan,Primastar,4,0,0.0
2026-08-02T10:30:17,Nissan,Qashqai,265,0,0.0
2026-08-02T10:30:17,Nissan,Townstar,4,3,0.75
2026-08-02T10:30:17,Nissan,X-Trail,32,0,0.0
2026-08-02T10:30:17,Opel,Adam Rocks,1,0,0.0
2026-08-02T10:30:17,Opel,Astra,11,0,0.0
2026-08-02T10:30:17,Opel,Astra Sports Tourer,4,0,0.0
2026-08-02T10:30:17,Opel,Combo Cargo,2,0,0.0
2026-08-02T10:30:17,Opel,Combo Life,2,0,0.0
2026-08-02T10:30:17,Opel,Corsa,73,11,0.1507
2026-08-02T10:30:17,Opel,Crossland X,24,0,0.0
2026-08-02T10:30:17,Opel,Frontera,2,1,0.5
2026-08-02T10:30:17,Opel,Grandland,19,1,0.0526
2026-08-02T10:30:17,Opel,Grandland X,10,0,0.0
2026-08-02T10:30:17,Opel,Insignia Grand Sport,3,0,0.0
2026-08-02T10:30:17,Opel,Insignia Sports Tourer,1,0,0.0
2026-08-02T10:30:17,Opel,Karl,1,0,0.0
2026-08-02T10:30:17,Opel,Mokka,36,3,0.0833
2026-08-02T10:30:17,Opel,Mokka X,3,0,0.0
2026-08-02T10:30:17,Opel,Movano,1,0,0.0
2026-08-02T10:30:17,Opel,Vivaro,11,0,0.0
2026-08-02T10:30:17,Opel,Zafira,1,0,0.0
2026-08-02T10:30:17,Peugeot,108,12,0,0.0
2026-08-02T10:30:17,Peugeot,2008,663,89,0.1342
2026-08-02T10:30:17,Peugeot,208,940,129,0.1372
2026-08-02T10:30:17,Peugeot,3008,453,45,0.0993
2026-08-02T10:30:17,Peugeot,308,288,24,0.0833
2026-08-02T10:30:17,Peugeot,308 Sw,92,4,0.0435
2026-08-02T10:30:17,Peugeot,408,53,5,0.0943
2026-08-02T10:30:17,Peugeot,5008,131,4,0.0305
2026-08-02T10:30:17,Peugeot,508,23,0,0.0
2026-08-02T10:30:17,Peugeot,508 Sw,19,0,0.0
2026-08-02T10:30:17,Peugeot,Boxer,22,0,0.0
2026-08-02T10:30:17,Peugeot,E-208,1,1,1.0
2026-08-02T10:30:17,Peugeot,Expert,64,7,0.1094
2026-08-02T10:30:17,Peugeot,Partner,128,7,0.0547
2026-08-02T10:30:17,Peugeot,Rifter,26,2,0.0769
2026-08-02T10:30:17,Peugeot,Traveller,4,0,0.0
2026-08-02T10:30:17,Porsche,718 Cayman,1,0,0.0
2026-08-02T10:30:17,Porsche,911 Cabriolet,5,0,0.0
2026-08-02T10:30:17,Porsche,911 Coupé,3,0,0.0
2026-08-02T10:30:17,Porsche,911 Speedster,1,0,0.0
2026-08-02T10:30:17,Porsche,911 Targa,1,0,0.0
2026-08-02T10:30:17,Porsche,Cayenne,3,0,0.0
2026-08-02T10:30:17,Porsche,Cayenne Coupé,5,0,0.0
2026-08-02T10:30:17,Porsche,Cayman,1,0,0.0
2026-08-02T10:30:17,Porsche,Macan,6,3,0.5
2026-08-02T10:30:17,Porsche,Panamera,3,0,0.0
2026-08-02T10:30:17,Porsche,Panamera Sport Turismo,3,0,0.0
2026-08-02T10:30:17,Porsche,Taycan,9,9,1.0
2026-08-02T10:30:17,Renault,4,8,8,1.0
2026-08-02T10:30:17,Renault,5,40,40,1.0
2026-08-02T10:30:17,Renault,Arkana,374,0,0.0
2026-08-02T10:30:17,Renault,Austral,279,0,0.0
2026-08-02T10:30:17,Renault,Captur,793,0,0.0
2026-08-02T10:30:17,Renault,Clio,1401,0,0.0
2026-08-02T10:30:17,Renault,Clio Estate,1,0,0.0
2026-08-02T10:30:17,Renault,Espace,89,0,0.0
2026-08-02T10:30:17,Renault,Express,18,0,0.0
2026-08-02T10:30:17,Renault,Grand Scénic,28,0,0.0
2026-08-02T10:30:17,Renault,Kadjar,76,1,0.0132
2026-08-02T10:30:17,Renault,Kangoo,30,0,0.0
2026-08-02T10:30:17,Renault,Kangoo Express,16,1,0.0625
2026-08-02T10:30:17,Renault,Kangoo Van,31,8,0.2581
2026-08-02T10:30:17,Renault,Koleos,16,0,0.0
2026-08-02T10:30:17,Renault,Master,308,12,0.039
2026-08-02T10:30:17,Renault,Mégane,318,219,0.6887
2026-08-02T10:30:17,Renault,Mégane Estate,22,0,0.0
2026-08-02T10:30:17,Renault,Rafale,51,0,0.0
2026-08-02T10:30:17,Renault,Scénic,73,35,0.4795
2026-08-02T10:30:17,Renault,Symbioz,187,0,0.0
2026-08-02T10:30:17,Renault,Talisman,9,0,0.0
2026-08-02T10:30:17,Renault,Talisman Estate,6,0,0.0
2026-08-02T10:30:17,Renault,Trafic,130,0,0.0
2026-08-02T10:30:17,Renault,Trafic Combi,10,0,0.0
2026-08-02T10:30:17,Renault,Trafic Spacenomad,1,0,0.0
2026-08-02T10:30:17,Renault,Twingo,157,81,0.5159
2026-08-02T10:30:17,Renault,Twizy,3,3,1.0
2026-08-02T10:30:17,Renault,Zoé,63,63,1.0
2026-08-02T10:30:17,Seat,Arona,32,0,0.0
2026-08-02T10:30:17,Seat,Ateca,28,0,0.0
2026-08-02T10:30:17,Seat,Ibiza,33,0,0.0
2026-08-02T10:30:17,Seat,Leon,21,0,0.0
2026-08-02T10:30:17,Seat,Leon St,3,0,0.0
2026-08-02T10:30:17,Seat,Tarraco,1,0,0.0
2026-08-02T10:30:17,Skoda,Enyaq,2,2,1.0
2026-08-02T10:30:17,Skoda,Enyaq Coupé,1,1,1.0
2026-08-02T10:30:17,Skoda,Fabia,29,0,0.0
2026-08-02T10:30:17,Skoda,Fabia Combi,1,0,0.0
2026-08-02T10:30:17,Skoda,Kamiq,33,0,0.0
2026-08-02T10:30:17,Skoda,Karoq,14,0,0.0
2026-08-02T10:30:17,Skoda,Kodiaq,8,0,0.0
2026-08-02T10:30:17,Skoda,Octavia,6,0,0.0
2026-08-02T10:30:17,Skoda,Octavia Combi,7,0,0.0
2026-08-02T10:30:17,Skoda,Scala,6,0,0.0
2026-08-02T10:30:17,Skoda,Superb,1,0,0.0
2026-08-02T10:30:17,Smart,1,1,1,1.0
2026-08-02T10:30:17,Smart,3,1,1,1.0
2026-08-02T10:30:17,Smart,5,3,3,1.0
2026-08-02T10:30:17,Smart,Fortwo Coupé,1,1,1.0
2026-08-02T10:30:17,Suzuki,Across,1,0,0.0
2026-08-02T10:30:17,Suzuki,E Vitara,2,2,1.0
2026-08-02T10:30:17,Suzuki,Ignis,5,0,0.0
2026-08-02T10:30:17,Suzuki,S-Cross,15,0,0.0
2026-08-02T10:30:17,Suzuki,Swift,30,0,0.0
2026-08-02T10:30:17,Suzuki,Vitara,25,1,0.04
2026-08-02T10:30:17,Tesla,Model 3,1,1,1.0
2026-08-02T10:30:17,Tesla,Model Y,1,1,1.0
2026-08-02T10:30:17,Toyota,Auris Touring Sports,1,0,0.0
2026-08-02T10:30:17,Toyota,Aygo,10,0,0.0
2026-08-02T10:30:17,Toyota,Aygo X,82,0,0.0
2026-08-02T10:30:17,Toyota,Bz4x,1,1,1.0
2026-08-02T10:30:17,Toyota,Bz4x Touring,3,3,1.0
2026-08-02T10:30:17,Toyota,C-Hr,87,0,0.0
2026-08-02T10:30:17,Toyota,C-Hr et plus,3,3,1.0
2026-08-02T10:30:17,Toyota,Corolla,22,0,0.0
2026-08-02T10:30:17,Toyota,Corolla Touring Sports,12,0,0.0
2026-08-02T10:30:17,Toyota,Hilux,3,0,0.0
2026-08-02T10:30:17,Toyota,Prius,1,0,0.0
2026-08-02T10:30:17,Toyota,Prius Hybride Rechargeable,1,0,0.0
2026-08-02T10:30:17,Toyota,Prius et plus,1,0,0.0
2026-08-02T10:30:17,Toyota,Proace,5,2,0.4
2026-08-02T10:30:17,Toyota,Proace City,2,0,0.0
2026-08-02T10:30:17,Toyota,Proace City Verso,1,0,0.0
2026-08-02T10:30:17,Toyota,Proace Max,1,0,0.0
2026-08-02T10:30:17,Toyota,Rav4,16,0,0.0
2026-08-02T10:30:17,Toyota,Yaris,189,0,0.0
2026-08-02T10:30:17,Toyota,Yaris Cross,112,0,0.0
2026-08-03T12:16:03,Abarth,500,4,1,0.25
2026-08-03T12:16:03,Abarth,500c,1,1,1.0
2026-08-03T12:16:03,Abarth,600,1,1,1.0
2026-08-03T12:16:03,Alfa Romeo,Giulia,3,0,0.0
2026-08-03T12:16:03,Alfa Romeo,Giulietta,2,0,0.0
2026-08-03T12:16:03,Alfa Romeo,Junior,1,0,0.0
2026-08-03T12:16:03,Alfa Romeo,Stelvio,7,0,0.0
2026-08-03T12:16:03,Alfa Romeo,Tonale,8,0,0.0
2026-08-03T12:16:03,Alpine,A110,25,0,0.0
2026-08-03T12:16:03,Alpine,A290,12,12,1.0
2026-08-03T12:16:03,Alpine,A390,6,6,1.0
2026-08-03T12:16:03,Aston Martin,V8 Vantage,1,0,0.0
2026-08-03T12:16:03,Audi,A1 Allstreet,3,0,0.0
2026-08-03T12:16:03,Audi,A1 Citycarver,1,0,0.0
2026-08-03T12:16:03,Audi,A1 Sportback,65,0,0.0
2026-08-03T12:16:03,Audi,A3,1,0,0.0
2026-08-03T12:16:03,Audi,A3 Allstreet,5,0,0.0
2026-08-03T12:16:03,Audi,A3 Sportback,39,0,0.0
2026-08-03T12:16:03,Audi,A4,2,0,0.0
2026-08-03T12:16:03,Audi,A4 Allroad,1,0,0.0
2026-08-03T12:16:03,Audi,A4 Avant,4,0,0.0
2026-08-03T12:16:03,Audi,A5,3,0,0.0
2026-08-03T12:16:03,Audi,A5 Avant,8,0,0.0
2026-08-03T12:16:03,Audi,A5 Sportback,5,0,0.0
2026-08-03T12:16:03,Audi,A6,2,0,0.0
2026-08-03T12:16:03,Audi,A6 Allroad,3,0,0.0
2026-08-03T12:16:03,Audi,A6 Avant,7,0,0.0
2026-08-03T12:16:03,Audi,A6 Avant E-Tron,1,1,1.0
2026-08-03T12:16:03,Audi,A6 Sportback E-Tron,2,2,1.0
2026-08-03T12:16:03,Audi,A7 Sportback,1,0,0.0
2026-08-03T12:16:03,Audi,A8,1,0,0.0
2026-08-03T12:16:03,Audi,E-Tron Gt,1,1,1.0
2026-08-03T12:16:03,Audi,E-Tron S Sportback,2,2,1.0
2026-08-03T12:16:03,Audi,Q2,46,0,0.0
2026-08-03T12:16:03,Audi,Q3,40,0,0.0
2026-08-03T12:16:03,Audi,Q3 Sportback,28,0,0.0
2026-08-03T12:16:03,Audi,Q4 E-Tron,5,5,1.0
2026-08-03T12:16:03,Audi,Q4 Sportback E-Tron,6,6,1.0
2026-08-03T12:16:03,Audi,Q5,20,0,0.0
2026-08-03T12:16:03,Audi,Q5 Sportback,10,0,0.0
2026-08-03T12:16:03,Audi,Q6 E-Tron,4,4,1.0
2026-08-03T12:16:03,Audi,Q6 Sportback E-Tron,4,4,1.0
2026-08-03T12:16:03,Audi,Q7,1,0,0.0
2026-08-03T12:16:03,Audi,Q8,3,0,0.0
2026-08-03T12:16:03,Audi,Q8 E-Tron,1,1,1.0
2026-08-03T12:16:03,Audi,Q8 E-Tron Sportback,1,1,1.0
2026-08-03T12:16:03,Audi,R8 Spyder,1,0,0.0
2026-08-03T12:16:03,Audi,Rs Q3 Sportback,1,0,0.0
2026-08-03T12:16:03,Audi,Rs3 Sportback,1,0,0.0
2026-08-03T12:16:03,Audi,Rs4 Avant,1,0,0.0
2026-08-03T12:16:03,Audi,Rs6 Avant,1,0,0.0
2026-08-03T12:16:03,Audi,S3,1,0,0.0
2026-08-03T12:16:03,Audi,S4 Avant,1,0,0.0
2026-08-03T12:16:03,Audi,S6 Avant E-Tron,2,2,1.0
2026-08-03T12:16:03,Audi,Tt,2,0,0.0
2026-08-03T12:16:03,Audi,Tt Roadster,1,0,0.0
2026-08-03T12:16:03,Bmw,I3,3,3,1.0
2026-08-03T12:16:03,Bmw,I4,33,33,1.0
2026-08-03T12:16:03,Bmw,I8,1,0,0.0
2026-08-03T12:16:03,Bmw,Ix,5,5,1.0
2026-08-03T12:16:03,Bmw,Ix3,4,4,1.0
2026-08-03T12:16:03,Bmw,M2 Coupé,3,0,0.0
2026-08-03T12:16:03,Bmw,M4 Coupé,2,0,0.0
2026-08-03T12:16:03,Bmw,M5,1,0,0.0
2026-08-03T12:16:03,Bmw,Série 1,134,0,0.0
2026-08-03T12:16:03,Bmw,Série 2 Active Tourer,76,0,0.0
2026-08-03T12:16:03,Bmw,Série 2 Coupé,6,0,0.0
2026-08-03T12:16:03,Bmw,Série 2 Gran Coupé,23,0,0.0
2026-08-03T12:16:03,Bmw,Série 2 Gran Tourer,4,0,0.0
2026-08-03T12:16:03,Bmw,Série 3,13,0,0.0
2026-08-03T12:16:03,Bmw,Série 3 Gran Turismo,4,0,0.0
2026-08-03T12:16:03,Bmw,Série 3 Touring,40,0,0.0
2026-08-03T12:16:03,Bmw,Série 4 Cabriolet,6,0,0.0
2026-08-03T12:16:03,Bmw,Série 4 Coupé,13,0,0.0
2026-08-03T12:16:03,Bmw,Série 4 Gran Coupé,25,0,0.0
2026-08-03T12:16:03,Bmw,Série 5,22,6,0.2727
2026-08-03T12:16:03,Bmw,Série 5 Touring,12,2,0.1667
2026-08-03T12:16:03,Bmw,Série 7,2,0,0.0
2026-08-03T12:16:03,Bmw,Série 8,1,0,0.0
2026-08-03T12:16:03,Bmw,Série 8 Gran Coupé,2,0,0.0
2026-08-03T12:16:03,Bmw,X1,155,30,0.1935
2026-08-03T12:16:03,Bmw,X2,71,7,0.0986
2026-08-03T12:16:03,Bmw,X3,74,0,0.0
2026-08-03T12:16:03,Bmw,X4,9,0,0.0
2026-08-03T12:16:03,Bmw,X4 M,2,0,0.0
2026-08-03T12:16:03,Bmw,X5,30,0,0.0
2026-08-03T12:16:03,Bmw,X6,1,0,0.0
2026-08-03T12:16:03,Bmw,Xm,5,0,0.0
2026-08-03T12:16:03,Bmw,Z4 Roadster,8,0,0.0
2026-08-03T12:16:03,Byd,Atto 2,2,2,1.0
2026-08-03T12:16:03,Byd,Atto 3,1,1,1.0
2026-08-03T12:16:03,Byd,Seal 6 Dm-I,1,0,0.0
2026-08-03T12:16:03,Byd,Tang,1,1,1.0
2026-08-03T12:16:03,Citroen,Ami,15,15,1.0
2026-08-03T12:16:03,Citroen,Berlingo,19,2,0.1053
2026-08-03T12:16:03,Citroen,Berlingo Van,39,0,0.0
2026-08-03T12:16:03,Citroen,C1,12,0,0.0
2026-08-03T12:16:03,Citroen,C3,709,9,0.0127
2026-08-03T12:16:03,Citroen,C3 Aircross,165,7,0.0424
2026-08-03T12:16:03,Citroen,C4,125,31,0.248
2026-08-03T12:16:03,Citroen,C4 Cactus,17,0,0.0
2026-08-03T12:16:03,Citroen,C4 Picasso,4,0,0.0
2026-08-03T12:16:03,Citroen,C4 Spacetourer,6,0,0.0
2026-08-03T12:16:03,Citroen,C4 X,7,1,0.1429
2026-08-03T12:16:03,Citroen,C5 Aircross,202,3,0.0149
2026-08-03T12:16:03,Citroen,C5 X,13,0,0.0
2026-08-03T12:16:03,Citroen,Grand C4 Picasso,1,0,0.0
2026-08-03T12:16:03,Citroen,Grand C4 Spacetourer,5,0,0.0
2026-08-03T12:16:03,Citroen,Holidays,1,0,0.0
2026-08-03T12:16:03,Citroen,Jumper,16,0,0.0
2026-08-03T12:16:03,Citroen,Jumpy,32,1,0.0312
2026-08-03T12:16:03,Citroen,Spacetourer,13,0,0.0
2026-08-03T12:16:03,Cupra,Born,2,2,1.0
2026-08-03T12:16:03,Cupra,Formentor,18,0,0.0
2026-08-03T12:16:03,Cupra,Leon,8,0,0.0
2026-08-03T12:16:03,Cupra,Leon St,2,0,0.0
2026-08-03T12:16:03,Cupra,Raval,1,1,1.0
2026-08-03T12:16:03,Cupra,Terramar,4,0,0.0
2026-08-03T12:16:03,Dacia,Bigster,43,0,0.0
2026-08-03T12:16:03,Dacia,Duster,399,0,0.0
2026-08-03T12:16:03,Dacia,Jogger,143,0,0.0
2026-08-03T12:16:03,Dacia,Lodgy,7,0,0.0
2026-08-03T12:16:03,Dacia,Logan,3,0,0.0
2026-08-03T12:16:03,Dacia,Logan Mcv,1,0,0.0
2026-08-03T12:16:03,Dacia,Sandero,653,0,0.0
2026-08-03T12:16:03,Dacia,Spring,198,198,1.0
2026-08-03T12:16:03,Ds,4,13,5,0.3846
2026-08-03T12:16:03,Ds,8,6,6,1.0
2026-08-03T12:16:03,Ds,Ds,3,0,0.0
2026-08-03T12:16:03,Ds,Ds 3,45,12,0.2667
2026-08-03T12:16:03,Ds,Ds 3 Crossback,48,6,0.125
2026-08-03T12:16:03,Ds,Ds 4,116,0,0.0
2026-08-03T12:16:03,Ds,Ds 7,49,0,0.0
2026-08-03T12:16:03,Ds,Ds 7 Crossback,52,0,0.0
2026-08-03T12:16:03,Ds,Ds 9,1,0,0.0
2026-08-03T12:16:03,Fiat,500,45,18,0.4
2026-08-03T12:16:03,Fiat,500c,8,2,0.25
2026-08-03T12:16:03,Fiat,500x,22,0,0.0
2026-08-03T12:16:03,Fiat,600,12,2,0.1667
2026-08-03T12:16:03,Fiat,Doblo Cargo,2,0,0.0
2026-08-03T12:16:03,Fiat,Ducato,4,0,0.0
2026-08-03T12:16:03,Fiat,Grande Panda,3,2,0.6667
2026-08-03T12:16:03,Fiat,Panda,4,0,0.0
2026-08-03T12:16:03,Fiat,Punto,1,0,0.0
2026-08-03T12:16:03,Fiat,Scudo,8,1,0.125
2026-08-03T12:16:03,Fiat,Scudo Combi,1,0,0.0
2026-08-03T12:16:03,Fiat,Talento,1,0,0.0
2026-08-03T12:16:03,Fiat,Tipo,3,0,0.0
2026-08-03T12:16:03,Fiat,Tipo Cross,2,0,0.0
2026-08-03T12:16:03,Ford,B-Max,2,0,0.0
2026-08-03T12:16:03,Ford,Capri,9,9,1.0
2026-08-03T12:16:03,Ford,Ecosport,14,0,0.0
2026-08-03T12:16:03,Ford,Explorer,16,15,0.9375
2026-08-03T12:16:03,Ford,Fiesta,43,0,0.0
2026-08-03T12:16:03,Ford,Fiesta Active,2,0,0.0
2026-08-03T12:16:03,Ford,Focus,25,0,0.0
2026-08-03T12:16:03,Ford,Focus Active,1,0,0.0
2026-08-03T12:16:03,Ford,Focus Active Sw,1,0,0.0
2026-08-03T12:16:03,Ford,Focus Sw,2,0,0.0
2026-08-03T12:16:03,Ford,Galaxy,1,0,0.0
2026-08-03T12:16:03,Ford,Grand Tourneo Connect,1,0,0.0
2026-08-03T12:16:03,Ford,Ka et plus,1,0,0.0
2026-08-03T12:16:03,Ford,Kuga,81,0,0.0
2026-08-03T12:16:03,Ford,Mondeo,1,0,0.0
2026-08-03T12:16:03,Ford,Mondeo Sw,2,0,0.0
2026-08-03T12:16:03,Ford,Mustang Mach-E,5,5,1.0
2026-08-03T12:16:03,Ford,Puma,146,16,0.1096
2026-08-03T12:16:03,Ford,Ranger,8,0,0.0
2026-08-03T12:16:03,Ford,S-Max,5,0,0.0
2026-08-03T12:16:03,Ford,Tourneo Connect,1,0,0.0
2026-08-03T12:16:03,Ford,Tourneo Courier,7,1,0.1429
2026-08-03T12:16:03,Ford,Tourneo Custom,5,0,0.0
2026-08-03T12:16:03,Ford,Transit 2t,11,1,0.0909
2026-08-03T12:16:03,Ford,Transit Connect,2,0,0.0
2026-08-03T12:16:03,Ford,Transit Courier,4,3,0.75
2026-08-03T12:16:03,Ford,Transit Custom,20,0,0.0
2026-08-03T12:16:03,Ford,Transit Custom Kombi,3,0,0.0
2026-08-03T12:16:03,Ford,Transit Custom Nugget,1,0,0.0
2026-08-03T12:16:03,Honda,Hr-V,3,0,0.0
2026-08-03T12:16:03,Honda,Jazz,1,0,0.0
2026-08-03T12:16:03,Honda,Ny1,1,1,1.0
2026-08-03T12:16:03,Hyundai,Bayon,6,0,0.0
2026-08-03T12:16:03,Hyundai,I10,1,0,0.0
2026-08-03T12:16:03,Hyundai,I20,27,0,0.0
2026-08-03T12:16:03,Hyundai,I30,4,0,0.0
2026-08-03T12:16:03,Hyundai,I30 Fastback,1,0,0.0
2026-08-03T12:16:03,Hyundai,I30 Sw,4,0,0.0
2026-08-03T12:16:03,Hyundai,Ioniq,3,2,0.6667
2026-08-03T12:16:03,Hyundai,Ix20,1,0,0.0
2026-08-03T12:16:03,Hyundai,Kona,22,0,0.0
2026-08-03T12:16:03,Hyundai,Santa Fe,3,0,0.0
2026-08-03T12:16:03,Hyundai,Tucson,42,0,0.0
2026-08-03T12:16:03,Infiniti,Q30,1,0,0.0
2026-08-03T12:16:03,Volkswagen,3,14,14,1.0
2026-08-03T12:16:03,Volkswagen,3 Neo,1,1,1.0
2026-08-03T12:16:03,Volkswagen,4,10,10,1.0
2026-08-03T12:16:03,Volkswagen,5,4,4,1.0
2026-08-03T12:16:03,Volkswagen,7,1,1,1.0
2026-08-03T12:16:03,Volkswagen,Arteon,2,0,0.0
2026-08-03T12:16:03,Volkswagen,Buzz,4,4,1.0
2026-08-03T12:16:03,Volkswagen,Caddy,1,0,0.0
2026-08-03T12:16:03,Volkswagen,Caddy Cargo,3,0,0.0
2026-08-03T12:16:03,Volkswagen,Caddy Maxi,1,0,0.0
2026-08-03T12:16:03,Volkswagen,Caddy Van,2,0,0.0
2026-08-03T12:16:03,Volkswagen,Caravelle,3,2,0.6667
2026-08-03T12:16:03,Volkswagen,Coccinelle,1,0,0.0
2026-08-03T12:16:03,Volkswagen,Crafter,4,0,0.0
2026-08-03T12:16:03,Volkswagen,Golf,61,0,0.0
2026-08-03T12:16:03,Volkswagen,Golf Sportsvan,1,0,0.0
2026-08-03T12:16:03,Volkswagen,Golf Sw,5,0,0.0
2026-08-03T12:16:03,Volkswagen,Multivan,1,0,0.0
2026-08-03T12:16:03,Volkswagen,Passat Sw,8,0,0.0
2026-08-03T12:16:03,Volkswagen,Polo,109,0,0.0
2026-08-03T12:16:03,Volkswagen,T-Cross,59,0,0.0
2026-08-03T12:16:03,Volkswagen,T-Roc,122,0,0.0
2026-08-03T12:16:03,Volkswagen,T-Roc Cabriolet,6,0,0.0
2026-08-03T12:16:03,Volkswagen,Taigo,46,0,0.0
2026-08-03T12:16:03,Volkswagen,Tayron,1,0,0.0
2026-08-03T12:16:03,Volkswagen,Tiguan,70,0,0.0
2026-08-03T12:16:03,Volkswagen,Tiguan Allspace,2,0,0.0
2026-08-03T12:16:03,Volkswagen,Touran,7,0,0.0
2026-08-03T12:16:03,Volkswagen,Transporter,14,1,0.0714
2026-08-03T12:16:03,Volvo,C40,2,2,1.0
2026-08-03T12:16:03,Volvo,Ec40,7,7,1.0
2026-08-03T12:16:03,Volvo,Es90,3,3,1.0
2026-08-03T12:16:03,Volvo,Ex30,13,13,1.0
2026-08-03T12:16:03,Volvo,Ex30 Cross Country,4,4,1.0
2026-08-03T12:16:03,Volvo,Ex40,10,10,1.0
2026-08-03T12:16:03,Volvo,Ex90,1,1,1.0
2026-08-03T12:16:03,Volvo,S60,1,0,0.0
2026-08-03T12:16:03,Volvo,S90,1,0,0.0
2026-08-03T12:16:03,Volvo,V60,15,0,0.0
2026-08-03T12:16:03,Volvo,Xc40,46,9,0.1957
2026-08-03T12:16:03,Volvo,Xc60,43,0,0.0
2026-08-03T12:16:03,Volvo,Xc90,6,0,0.0
2026-08-04T11:19:48,Abarth,500,4,1,0.25
2026-08-04T11:19:48,Abarth,500c,1,1,1.0
2026-08-04T11:19:48,Abarth,600,1,1,1.0
2026-08-04T11:19:48,Alfa Romeo,Giulia,3,0,0.0
2026-08-04T11:19:48,Alfa Romeo,Giulietta,2,0,0.0
2026-08-04T11:19:48,Alfa Romeo,Junior,1,0,0.0
2026-08-04T11:19:48,Alfa Romeo,Stelvio,7,0,0.0
2026-08-04T11:19:48,Alfa Romeo,Tonale,8,0,0.0
2026-08-04T11:19:48,Alpine,A110,25,0,0.0
2026-08-04T11:19:48,Alpine,A290,12,12,1.0
2026-08-04T11:19:48,Alpine,A390,5,5,1.0
2026-08-04T11:19:48,Aston Martin,V8 Vantage,1,0,0.0
2026-08-04T11:19:48,Audi,A1 Allstreet,3,0,0.0
2026-08-04T11:19:48,Audi,A1 Citycarver,1,0,0.0
2026-08-04T11:19:48,Audi,A1 Sportback,65,0,0.0
2026-08-04T11:19:48,Audi,A3,1,0,0.0
2026-08-04T11:19:48,Audi,A3 Allstreet,5,0,0.0
2026-08-04T11:19:48,Audi,A3 Sportback,39,0,0.0
2026-08-04T11:19:48,Audi,A4,2,0,0.0
2026-08-04T11:19:48,Audi,A4 Allroad,1,0,0.0
2026-08-04T11:19:48,Audi,A4 Avant,4,0,0.0
2026-08-04T11:19:48,Audi,A5,3,0,0.0
2026-08-04T11:19:48,Audi,A5 Avant,8,0,0.0
2026-08-04T11:19:48,Audi,A5 Sportback,4,0,0.0
2026-08-04T11:19:48,Audi,A6,2,0,0.0
2026-08-04T11:19:48,Audi,A6 Allroad,3,0,0.0
2026-08-04T11:19:48,Audi,A6 Avant,7,0,0.0
2026-08-04T11:19:48,Audi,A6 Avant E-Tron,1,1,1.0
2026-08-04T11:19:48,Audi,A6 Sportback E-Tron,2,2,1.0
2026-08-04T11:19:48,Audi,A7 Sportback,1,0,0.0
2026-08-04T11:19:48,Audi,A8,1,0,0.0
2026-08-04T11:19:48,Audi,E-Tron Gt,1,1,1.0
2026-08-04T11:19:48,Audi,E-Tron S Sportback,2,2,1.0
2026-08-04T11:19:48,Audi,Q2,45,0,0.0
2026-08-04T11:19:48,Audi,Q3,39,0,0.0
2026-08-04T11:19:48,Audi,Q3 Sportback,27,0,0.0
2026-08-04T11:19:48,Audi,Q4 E-Tron,5,5,1.0
2026-08-04T11:19:48,Audi,Q4 Sportback E-Tron,6,6,1.0
2026-08-04T11:19:48,Audi,Q5,20,0,0.0
2026-08-04T11:19:48,Audi,Q5 Sportback,10,0,0.0
2026-08-04T11:19:48,Audi,Q6 E-Tron,4,4,1.0
2026-08-04T11:19:48,Audi,Q6 Sportback E-Tron,4,4,1.0
2026-08-04T11:19:48,Audi,Q7,1,0,0.0
2026-08-04T11:19:48,Audi,Q8,3,0,0.0
2026-08-04T11:19:48,Audi,Q8 E-Tron,1,1,1.0
2026-08-04T11:19:48,Audi,Q8 E-Tron Sportback,1,1,1.0
2026-08-04T11:19:48,Audi,R8 Spyder,1,0,0.0
2026-08-04T11:19:48,Audi,Rs Q3 Sportback,1,0,0.0
2026-08-04T11:19:48,Audi,Rs3 Sportback,1,0,0.0
2026-08-04T11:19:48,Audi,Rs4 Avant,1,0,0.0
2026-08-04T11:19:48,Audi,Rs6 Avant,1,0,0.0
2026-08-04T11:19:48,Audi,S3,1,0,0.0
2026-08-04T11:19:48,Audi,S3 Sportback,1,0,0.0
2026-08-04T11:19:48,Audi,S4 Avant,1,0,0.0
2026-08-04T11:19:48,Audi,S6 Avant E-Tron,2,2,1.0
2026-08-04T11:19:48,Audi,Tt,2,0,0.0
2026-08-04T11:19:48,Audi,Tt Roadster,1,0,0.0
2026-08-04T11:19:48,Bmw,I3,3,3,1.0
2026-08-04T11:19:48,Bmw,I4,33,33,1.0
2026-08-04T11:19:48,Bmw,I8,1,0,0.0
2026-08-04T11:19:48,Bmw,Ix,5,5,1.0
2026-08-04T11:19:48,Bmw,Ix3,4,4,1.0
2026-08-04T11:19:48,Bmw,M2 Coupé,3,0,0.0
2026-08-04T11:19:48,Bmw,M4 Coupé,2,0,0.0
2026-08-04T11:19:48,Bmw,M5,1,0,0.0
2026-08-04T11:19:48,Bmw,Série 1,134,0,0.0
2026-08-04T11:19:48,Bmw,Série 2 Active Tourer,76,0,0.0
2026-08-04T11:19:48,Bmw,Série 2 Coupé,6,0,0.0
2026-08-04T11:19:48,Bmw,Série 2 Gran Coupé,23,0,0.0
2026-08-04T11:19:48,Bmw,Série 2 Gran Tourer,4,0,0.0
2026-08-04T11:19:48,Bmw,Série 3,12,0,0.0
2026-08-04T11:19:48,Bmw,Série 3 Gran Turismo,4,0,0.0
2026-08-04T11:19:48,Bmw,Série 3 Touring,39,0,0.0
2026-08-04T11:19:48,Bmw,Série 4 Cabriolet,7,0,0.0
2026-08-04T11:19:48,Bmw,Série 4 Coupé,13,0,0.0
2026-08-04T11:19:48,Bmw,Série 4 Gran Coupé,26,0,0.0
2026-08-04T11:19:48,Bmw,Série 5,21,6,0.2857
2026-08-04T11:19:48,Bmw,Série 5 Touring,12,2,0.1667
2026-08-04T11:19:48,Bmw,Série 7,2,0,0.0
2026-08-04T11:19:48,Bmw,Série 8,1,0,0.0
2026-08-04T11:19:48,Bmw,Série 8 Gran Coupé,2,0,0.0
2026-08-04T11:19:48,Bmw,X1,152,29,0.1908
2026-08-04T11:19:48,Bmw,X2,72,7,0.0972
2026-08-04T11:19:48,Bmw,X3,75,0,0.0
2026-08-04T11:19:48,Bmw,X4,9,0,0.0
2026-08-04T11:19:48,Bmw,X4 M,2,0,0.0
2026-08-04T11:19:48,Bmw,X5,32,0,0.0
2026-08-04T11:19:48,Bmw,X6,1,0,0.0
2026-08-04T11:19:48,Bmw,Xm,5,0,0.0
2026-08-04T11:19:48,Bmw,Z4 Roadster,8,0,0.0
2026-08-04T11:19:48,Byd,Atto 2,2,2,1.0
2026-08-04T11:19:48,Byd,Atto 3,1,1,1.0
2026-08-04T11:19:48,Byd,Dolphin,1,1,1.0
2026-08-04T11:19:48,Byd,Seal 6 Dm-I,1,0,0.0
2026-08-04T11:19:48,Byd,Seal 6 Dm-I Touring,1,0,0.0
2026-08-04T11:19:48,Byd,Tang,3,3,1.0
2026-08-04T11:19:48,Citroen,Ami,15,15,1.0
2026-08-04T11:19:48,Citroen,Berlingo,17,2,0.1176
2026-08-04T11:19:48,Citroen,Berlingo Van,39,0,0.0
2026-08-04T11:19:48,Citroen,C1,11,0,0.0
2026-08-04T11:19:48,Citroen,C3,698,9,0.0129
2026-08-04T11:19:48,Citroen,C3 Aircross,162,7,0.0432
2026-08-04T11:19:48,Citroen,C4,120,30,0.25
2026-08-04T11:19:48,Citroen,C4 Cactus,16,0,0.0
2026-08-04T11:19:48,Citroen,C4 Picasso,4,0,0.0
2026-08-04T11:19:48,Citroen,C4 Spacetourer,6,0,0.0
2026-08-04T11:19:48,Citroen,C4 X,7,1,0.1429
2026-08-04T11:19:48,Citroen,C5 Aircross,198,3,0.0152
2026-08-04T11:19:48,Citroen,C5 X,14,0,0.0
2026-08-04T11:19:48,Citroen,Grand C4 Picasso,1,0,0.0
2026-08-04T11:19:48,Citroen,Grand C4 Spacetourer,5,0,0.0
2026-08-04T11:19:48,Citroen,Holidays,1,0,0.0
2026-08-04T11:19:48,Citroen,Jumper,16,0,0.0
2026-08-04T11:19:48,Citroen,Jumpy,30,1,0.0333
2026-08-04T11:19:48,Citroen,Spacetourer,13,0,0.0
2026-08-04T11:19:48,Cupra,Born,2,2,1.0
2026-08-04T11:19:48,Cupra,Formentor,18,0,0.0
2026-08-04T11:19:48,Cupra,Leon,8,0,0.0
2026-08-04T11:19:48,Cupra,Leon St,2,0,0.0
2026-08-04T11:19:48,Cupra,Raval,1,1,1.0
2026-08-04T11:19:48,Cupra,Terramar,4,0,0.0
2026-08-04T11:19:48,Dacia,Bigster,43,0,0.0
2026-08-04T11:19:48,Dacia,Duster,403,0,0.0
2026-08-04T11:19:48,Dacia,Jogger,144,0,0.0
2026-08-04T11:19:48,Dacia,Lodgy,6,0,0.0
2026-08-04T11:19:48,Dacia,Logan,3,0,0.0
2026-08-04T11:19:48,Dacia,Logan Mcv,1,0,0.0
2026-08-04T11:19:48,Dacia,Sandero,635,0,0.0
2026-08-04T11:19:48,Dacia,Spring,196,196,1.0
2026-08-04T11:19:48,Ds,4,13,5,0.3846
2026-08-04T11:19:48,Ds,8,6,6,1.0
2026-08-04T11:19:48,Ds,Ds,3,0,0.0
2026-08-04T11:19:48,Ds,Ds 3,45,12,0.2667
2026-08-04T11:19:48,Ds,Ds 3 Crossback,46,5,0.1087
2026-08-04T11:19:48,Ds,Ds 4,115,0,0.0
2026-08-04T11:19:48,Ds,Ds 7,49,0,0.0
2026-08-04T11:19:48,Ds,Ds 7 Crossback,50,0,0.0
2026-08-04T11:19:48,Ds,Ds 9,1,0,0.0
2026-08-04T11:19:48,Fiat,500,44,17,0.3864
2026-08-04T11:19:48,Fiat,500c,7,2,0.2857
2026-08-04T11:19:48,Fiat,500x,21,0,0.0
2026-08-04T11:19:48,Fiat,600,12,2,0.1667
2026-08-04T11:19:48,Fiat,Doblo Cargo,1,0,0.0
2026-08-04T11:19:48,Fiat,Ducato,4,0,0.0
2026-08-04T11:19:48,Fiat,Grande Panda,3,2,0.6667
2026-08-04T11:19:48,Fiat,Panda,4,0,0.0
2026-08-04T11:19:48,Fiat,Punto,1,0,0.0
2026-08-04T11:19:48,Fiat,Scudo,8,1,0.125
2026-08-04T11:19:48,Fiat,Talento,1,0,0.0
2026-08-04T11:19:48,Fiat,Tipo,3,0,0.0
2026-08-04T11:19:48,Fiat,Tipo Cross,2,0,0.0
2026-08-04T11:19:48,Ford,B-Max,2,0,0.0
2026-08-04T11:19:48,Ford,Capri,9,9,1.0
2026-08-04T11:19:48,Ford,Ecosport,15,0,0.0
2026-08-04T11:19:48,Ford,Explorer,16,15,0.9375
2026-08-04T11:19:48,Ford,Fiesta,43,0,0.0
2026-08-04T11:19:48,Ford,Fiesta Active,2,0,0.0
2026-08-04T11:19:48,Ford,Focus,25,0,0.0
2026-08-04T11:19:48,Ford,Focus Active,1,0,0.0
2026-08-04T11:19:48,Ford,Focus Active Sw,1,0,0.0
2026-08-04T11:19:48,Ford,Focus Sw,2,0,0.0
2026-08-04T11:19:48,Ford,Galaxy,1,0,0.0
2026-08-04T11:19:48,Ford,Grand Tourneo Connect,1,0,0.0
2026-08-04T11:19:48,Ford,Ka et plus,1,0,0.0
2026-08-04T11:19:48,Ford,Kuga,80,0,0.0
2026-08-04T11:19:48,Ford,Mondeo,1,0,0.0
2026-08-04T11:19:48,Ford,Mondeo Sw,2,0,0.0
2026-08-04T11:19:48,Ford,Mustang Mach-E,5,5,1.0
2026-08-04T11:19:48,Ford,Puma,145,18,0.1241
2026-08-04T11:19:48,Ford,Ranger,9,0,0.0
2026-08-04T11:19:48,Ford,S-Max,5,0,0.0
2026-08-04T11:19:48,Ford,Tourneo Connect,1,0,0.0
2026-08-04T11:19:48,Ford,Tourneo Courier,7,1,0.1429
2026-08-04T11:19:48,Ford,Tourneo Custom,5,0,0.0
2026-08-04T11:19:48,Ford,Transit 2t,11,1,0.0909
2026-08-04T11:19:48,Ford,Transit Connect,2,0,0.0
2026-08-04T11:19:48,Ford,Transit Courier,4,3,0.75
2026-08-04T11:19:48,Ford,Transit Custom,19,0,0.0
2026-08-04T11:19:48,Ford,Transit Custom Kombi,3,0,0.0
2026-08-04T11:19:48,Ford,Transit Custom Nugget,1,0,0.0
2026-08-04T11:19:48,Honda,Hr-V,3,0,0.0
2026-08-04T11:19:48,Honda,Jazz,1,0,0.0
2026-08-04T11:19:48,Honda,Ny1,1,1,1.0
2026-08-04T11:19:48,Hyundai,Bayon,5,0,0.0
2026-08-04T11:19:48,Hyundai,I10,1,0,0.0
2026-08-04T11:19:48,Hyundai,I20,26,0,0.0
2026-08-04T11:19:48,Hyundai,I30,4,0,0.0
2026-08-04T11:19:48,Hyundai,I30 Fastback,1,0,0.0
2026-08-04T11:19:48,Hyundai,I30 Sw,4,0,0.0
2026-08-04T11:19:48,Hyundai,Ioniq,3,2,0.6667
2026-08-04T11:19:48,Hyundai,Ix20,1,0,0.0
2026-08-04T11:19:48,Hyundai,Kona,23,0,0.0
2026-08-04T11:19:48,Hyundai,Santa Fe,2,0,0.0
2026-08-04T11:19:48,Hyundai,Tucson,41,0,0.0
2026-08-04T11:19:48,Infiniti,Q30,1,0,0.0
2026-08-04T11:19:48,Isuzu,D-Max,1,0,0.0
2026-08-04T11:19:48,Iveco,Daily,3,0,0.0
2026-08-04T11:19:48,Jaecoo,5,1,0,0.0
2026-08-04T11:19:48,Jaecoo,7,1,0,0.0
2026-08-04T11:19:48,Jaguar,E-Pace,7,0,0.0
2026-08-04T11:19:48,Jaguar,F-Pace,7,0,0.0
2026-08-04T11:19:48,Jaguar,F-Type Coupe,1,0,0.0
2026-08-04T11:19:48,Jaguar,I-Pace,3,3,1.0
2026-08-04T11:19:48,Jaguar,Xe,1,0,0.0
2026-08-04T11:19:48,Toyota,Auris Touring Sports,1,0,0.0
2026-08-04T11:19:48,Toyota,Aygo,10,0,0.0
2026-08-04T11:19:48,Toyota,Aygo X,83,0,0.0
2026-08-04T11:19:48,Toyota,Bz4x,1,1,1.0
2026-08-04T11:19:48,Toyota,Bz4x Touring,3,3,1.0
2026-08-04T11:19:48,Toyota,C-Hr,79,0,0.0
2026-08-04T11:19:48,Toyota,C-Hr et plus,3,3,1.0
2026-08-04T11:19:48,Toyota,Corolla,22,0,0.0
2026-08-04T11:19:48,Toyota,Corolla Touring Sports,11,0,0.0
2026-08-04T11:19:48,Toyota,Hilux,3,0,0.0
2026-08-04T11:19:48,Toyota,Prius,1,0,0.0
2026-08-04T11:19:48,Toyota,Prius Hybride Rechargeable,1,0,0.0
2026-08-04T11:19:48,Toyota,Prius et plus,1,0,0.0
2026-08-04T11:19:48,Toyota,Proace,5,2,0.4
2026-08-04T11:19:48,Toyota,Proace City,2,0,0.0
2026-08-04T11:19:48,Toyota,Proace City Verso,1,0,0.0
2026-08-04T11:19:48,Toyota,Proace Max,1,0,0.0
2026-08-04T11:19:48,Toyota,Rav4,13,0,0.0
2026-08-04T11:19:48,Toyota,Yaris,185,0,0.0
2026-08-04T11:19:48,Toyota,Yaris Cross,116,0,0.0
2026-08-04T11:19:48,Volkswagen,3,14,14,1.0
2026-08-04T11:19:48,Volkswagen,3 Neo,1,1,1.0
2026-08-04T11:19:48,Volkswagen,4,10,10,1.0
2026-08-04T11:19:48,Volkswagen,5,4,4,1.0
2026-08-04T11:19:48,Volkswagen,7,1,1,1.0
2026-08-04T11:19:48,Volkswagen,Arteon,2,0,0.0
2026-08-04T11:19:48,Volkswagen,Buzz,4,4,1.0
2026-08-04T11:19:48,Volkswagen,Caddy,1,0,0.0
2026-08-04T11:19:48,Volkswagen,Caddy Cargo,3,0,0.0
2026-08-04T11:19:48,Volkswagen,Caddy Maxi,1,0,0.0
2026-08-04T11:19:48,Volkswagen,Caddy Van,2,0,0.0
2026-08-04T11:19:48,Volkswagen,Caravelle,3,2,0.6667
2026-08-04T11:19:48,Volkswagen,Coccinelle,1,0,0.0
2026-08-04T11:19:48,Volkswagen,Crafter,4,0,0.0
2026-08-04T11:19:48,Volkswagen,Golf,62,0,0.0
2026-08-04T11:19:48,Volkswagen,Golf Sportsvan,1,0,0.0
2026-08-04T11:19:48,Volkswagen,Golf Sw,5,0,0.0
2026-08-04T11:19:48,Volkswagen,Multivan,1,0,0.0
2026-08-04T11:19:48,Volkswagen,Passat Sw,8,0,0.0
2026-08-04T11:19:48,Volkswagen,Polo,108,0,0.0
2026-08-04T11:19:48,Volkswagen,T-Cross,59,0,0.0
2026-08-04T11:19:48,Volkswagen,T-Roc,122,0,0.0
2026-08-04T11:19:48,Volkswagen,T-Roc Cabriolet,5,0,0.0
2026-08-04T11:19:48,Volkswagen,Taigo,46,0,0.0
2026-08-04T11:19:48,Volkswagen,Tayron,1,0,0.0
2026-08-04T11:19:48,Volkswagen,Tiguan,69,0,0.0
2026-08-04T11:19:48,Volkswagen,Tiguan Allspace,2,0,0.0
2026-08-04T11:19:48,Volkswagen,Touran,7,0,0.0
2026-08-04T11:19:48,Volkswagen,Transporter,13,1,0.0769
2026-08-04T11:19:48,Volvo,C40,2,2,1.0
2026-08-04T11:19:48,Volvo,Ec40,7,7,1.0
2026-08-04T11:19:48,Volvo,Es90,3,3,1.0
2026-08-04T11:19:48,Volvo,Ex30,13,13,1.0
2026-08-04T11:19:48,Volvo,Ex30 Cross Country,4,4,1.0
2026-08-04T11:19:48,Volvo,Ex40,10,10,1.0
2026-08-04T11:19:48,Volvo,Ex90,1,1,1.0
2026-08-04T11:19:48,Volvo,S60,1,0,0.0
2026-08-04T11:19:48,Volvo,S90,1,0,0.0
2026-08-04T11:19:48,Volvo,V60,15,0,0.0
2026-08-04T11:19:48,Volvo,Xc40,45,9,0.2
2026-08-04T11:19:48,Volvo,Xc60,43,0,0.0
2026-08-04T11:19:48,Volvo,Xc90,6,0,0.0
2026-08-05T11:15:55,Abarth,500,4,1,0.25
2026-08-05T11:15:55,Abarth,500c,1,1,1.0
2026-08-05T11:15:55,Abarth,600,1,1,1.0
2026-08-05T11:15:55,Alfa Romeo,Giulia,3,0,0.0
2026-08-05T11:15:55,Alfa Romeo,Giulietta,2,0,0.0
2026-08-05T11:15:55,Alfa Romeo,Junior,1,0,0.0
2026-08-05T11:15:55,Alfa Romeo,Stelvio,7,0,0.0
2026-08-05T11:15:55,Alfa Romeo,Tonale,9,0,0.0
2026-08-05T11:15:55,Alpine,A110,25,0,0.0
2026-08-05T11:15:55,Alpine,A290,12,12,1.0
2026-08-05T11:15:55,Alpine,A390,5,5,1.0
2026-08-05T11:15:55,Aston Martin,V8 Vantage,1,0,0.0
2026-08-05T11:15:55,Audi,A1 Allstreet,3,0,0.0
2026-08-05T11:15:55,Audi,A1 Citycarver,1,0,0.0
2026-08-05T11:15:55,Audi,A1 Sportback,66,0,0.0
2026-08-05T11:15:55,Audi,A3,1,0,0.0
2026-08-05T11:15:55,Audi,A3 Allstreet,5,0,0.0
2026-08-05T11:15:55,Audi,A3 Sportback,39,0,0.0
2026-08-05T11:15:55,Audi,A4,2,0,0.0
2026-08-05T11:15:55,Audi,A4 Allroad,1,0,0.0
2026-08-05T11:15:55,Audi,A4 Avant,4,0,0.0
2026-08-05T11:15:55,Audi,A5,2,0,0.0
2026-08-05T11:15:55,Audi,A5 Avant,8,0,0.0
2026-08-05T11:15:55,Audi,A5 Sportback,4,0,0.0
2026-08-05T11:15:55,Audi,A6,2,0,0.0
2026-08-05T11:15:55,Audi,A6 Allroad,3,0,0.0
2026-08-05T11:15:55,Audi,A6 Avant,7,0,0.0
2026-08-05T11:15:55,Audi,A6 Avant E-Tron,1,1,1.0
2026-08-05T11:15:55,Audi,A6 Sportback E-Tron,2,2,1.0
2026-08-05T11:15:55,Audi,A7 Sportback,1,0,0.0
2026-08-05T11:15:55,Audi,A8,1,0,0.0
2026-08-05T11:15:55,Audi,E-Tron Gt,1,1,1.0
2026-08-05T11:15:55,Audi,E-Tron S Sportback,2,2,1.0
2026-08-05T11:15:55,Audi,Q2,45,0,0.0
2026-08-05T11:15:55,Audi,Q3,39,0,0.0
2026-08-05T11:15:55,Audi,Q3 Sportback,26,0,0.0
2026-08-05T11:15:55,Audi,Q4 E-Tron,6,6,1.0
2026-08-05T11:15:55,Audi,Q4 Sportback E-Tron,5,5,1.0
2026-08-05T11:15:55,Audi,Q5,20,0,0.0
2026-08-05T11:15:55,Audi,Q5 Sportback,10,0,0.0
2026-08-05T11:15:55,Audi,Q6 E-Tron,4,4,1.0
2026-08-05T11:15:55,Audi,Q6 Sportback E-Tron,4,4,1.0
2026-08-05T11:15:55,Audi,Q7,1,0,0.0
2026-08-05T11:15:55,Audi,Q8,3,0,0.0
2026-08-05T11:15:55,Audi,Q8 E-Tron,1,1,1.0
2026-08-05T11:15:55,Audi,Q8 E-Tron Sportback,1,1,1.0
2026-08-05T11:15:55,Audi,R8 Spyder,1,0,0.0
2026-08-05T11:15:55,Audi,Rs Q3 Sportback,1,0,0.0
2026-08-05T11:15:55,Audi,Rs3 Sportback,1,0,0.0
2026-08-05T11:15:55,Audi,Rs4 Avant,1,0,0.0
2026-08-05T11:15:55,Audi,Rs6 Avant,1,0,0.0
2026-08-05T11:15:55,Audi,S3,1,0,0.0
2026-08-05T11:15:55,Audi,S3 Sportback,1,0,0.0
2026-08-05T11:15:55,Audi,S4 Avant,1,0,0.0
2026-08-05T11:15:55,Audi,S6 Avant E-Tron,2,2,1.0
2026-08-05T11:15:55,Audi,Tt,2,0,0.0
2026-08-05T11:15:55,Audi,Tt Roadster,1,0,0.0
2026-08-05T11:15:55,Bmw,I3,3,3,1.0
2026-08-05T11:15:55,Bmw,I4,33,33,1.0
2026-08-05T11:15:55,Bmw,I8,1,0,0.0
2026-08-05T11:15:55,Bmw,Ix,6,6,1.0
2026-08-05T11:15:55,Bmw,Ix3,4,4,1.0
2026-08-05T11:15:55,Bmw,M2 Coupé,3,0,0.0
2026-08-05T11:15:55,Bmw,M4 Coupé,2,0,0.0
2026-08-05T11:15:55,Bmw,M5,1,0,0.0
2026-08-05T11:15:55,Bmw,Série 1,131,0,0.0
2026-08-05T11:15:55,Bmw,Série 2 Active Tourer,77,0,0.0
2026-08-05T11:15:55,Bmw,Série 2 Coupé,6,0,0.0
2026-08-05T11:15:55,Bmw,Série 2 Gran Coupé,23,0,0.0
2026-08-05T11:15:55,Bmw,Série 2 Gran Tourer,3,0,0.0
2026-08-05T11:15:55,Bmw,Série 3,11,0,0.0
2026-08-05T11:15:55,Bmw,Série 3 Gran Turismo,4,0,0.0
2026-08-05T11:15:55,Bmw,Série 3 Touring,39,0,0.0
2026-08-05T11:15:55,Bmw,Série 4 Cabriolet,7,0,0.0
2026-08-05T11:15:55,Bmw,Série 4 Coupé,13,0,0.0
2026-08-05T11:15:55,Bmw,Série 4 Gran Coupé,26,0,0.0
2026-08-05T11:15:55,Bmw,Série 5,21,6,0.2857
2026-08-05T11:15:55,Bmw,Série 5 Touring,12,2,0.1667
2026-08-05T11:15:55,Bmw,Série 7,2,0,0.0
2026-08-05T11:15:55,Bmw,Série 8,1,0,0.0
2026-08-05T11:15:55,Bmw,Série 8 Gran Coupé,2,0,0.0
2026-08-05T11:15:55,Bmw,X1,153,30,0.1961
2026-08-05T11:15:55,Bmw,X2,74,8,0.1081
2026-08-05T11:15:55,Bmw,X3,75,0,0.0
2026-08-05T11:15:55,Bmw,X4,9,0,0.0
2026-08-05T11:15:55,Bmw,X4 M,2,0,0.0
2026-08-05T11:15:55,Bmw,X5,30,0,0.0
2026-08-05T11:15:55,Bmw,X6,2,0,0.0
2026-08-05T11:15:55,Bmw,Xm,4,0,0.0
2026-08-05T11:15:55,Bmw,Z4 Roadster,8,0,0.0
2026-08-05T11:15:55,Byd,Atto 2,2,2,1.0
2026-08-05T11:15:55,Byd,Atto 3,1,1,1.0
2026-08-05T11:15:55,Byd,Dolphin,1,1,1.0
2026-08-05T11:15:55,Byd,Seal 6 Dm-I,1,0,0.0
2026-08-05T11:15:55,Byd,Seal 6 Dm-I Touring,1,0,0.0
2026-08-05T11:15:55,Byd,Tang,3,3,1.0
2026-08-05T11:15:55,Citroen,Ami,16,16,1.0
2026-08-05T11:15:55,Citroen,Berlingo,16,2,0.125
2026-08-05T11:15:55,Citroen,Berlingo Van,40,0,0.0
2026-08-05T11:15:55,Citroen,C1,12,0,0.0
2026-08-05T11:15:55,Citroen,C3,695,9,0.0129
2026-08-05T11:15:55,Citroen,C3 Aircross,162,7,0.0432
2026-08-05T11:15:55,Citroen,C4,118,29,0.2458
2026-08-05T11:15:55,Citroen,C4 Cactus,16,0,0.0
2026-08-05T11:15:55,Citroen,C4 Picasso,5,0,0.0
2026-08-05T11:15:55,Citroen,C4 Spacetourer,6,0,0.0
2026-08-05T11:15:55,Citroen,C4 X,8,2,0.25
2026-08-05T11:15:55,Citroen,C5 Aircross,195,4,0.0205
2026-08-05T11:15:55,Citroen,C5 X,14,0,0.0
2026-08-05T11:15:55,Citroen,Grand C4 Picasso,1,0,0.0
2026-08-05T11:15:55,Citroen,Grand C4 Spacetourer,6,0,0.0
2026-08-05T11:15:55,Citroen,Holidays,1,0,0.0
2026-08-05T11:15:55,Citroen,Jumper,16,0,0.0
2026-08-05T11:15:55,Citroen,Jumpy,33,1,0.0303
2026-08-05T11:15:55,Citroen,Spacetourer,13,0,0.0
2026-08-05T11:15:55,Cupra,Born,2,2,1.0
2026-08-05T11:15:55,Cupra,Formentor,18,0,0.0
2026-08-05T11:15:55,Cupra,Leon,7,0,0.0
2026-08-05T11:15:55,Cupra,Leon St,2,0,0.0
2026-08-05T11:15:55,Cupra,Raval,1,1,1.0
2026-08-05T11:15:55,Cupra,Terramar,4,0,0.0
2026-08-05T11:15:55,Dacia,Bigster,44,0,0.0
2026-08-05T11:15:55,Dacia,Duster,406,0,0.0
2026-08-05T11:15:55,Dacia,Jogger,146,0,0.0
2026-08-05T11:15:55,Dacia,Lodgy,6,0,0.0
2026-08-05T11:15:55,Dacia,Logan,3,0,0.0
2026-08-05T11:15:55,Dacia,Logan Mcv,1,0,0.0
2026-08-05T11:15:55,Dacia,Sandero,643,0,0.0
2026-08-05T11:15:55,Dacia,Spring,199,199,1.0
2026-08-05T11:15:55,Ds,4,12,5,0.4167
2026-08-05T11:15:55,Ds,8,6,6,1.0
2026-08-05T11:15:55,Ds,Ds,3,0,0.0
2026-08-05T11:15:55,Ds,Ds 3,45,12,0.2667
2026-08-05T11:15:55,Ds,Ds 3 Crossback,46,6,0.1304
2026-08-05T11:15:55,Ds,Ds 4,114,0,0.0
2026-08-05T11:15:55,Ds,Ds 7,49,0,0.0
2026-08-05T11:15:55,Ds,Ds 7 Crossback,51,0,0.0
2026-08-05T11:15:55,Ds,Ds 9,1,0,0.0
2026-08-05T11:15:55,Fiat,500,42,17,0.4048
2026-08-05T11:15:55,Fiat,500c,7,2,0.2857
2026-08-05T11:15:55,Fiat,500x,22,0,0.0
2026-08-05T11:15:55,Fiat,600,12,2,0.1667
2026-08-05T11:15:55,Fiat,Doblo Cargo,1,0,0.0
2026-08-05T11:15:55,Fiat,Ducato,4,0,0.0
2026-08-05T11:15:55,Fiat,Grande Panda,2,1,0.5
2026-08-05T11:15:55,Fiat,Panda,4,0,0.0
2026-08-05T11:15:55,Fiat,Punto,1,0,0.0
2026-08-05T11:15:55,Fiat,Scudo,8,1,0.125
2026-08-05T11:15:55,Fiat,Talento,1,0,0.0
2026-08-05T11:15:55,Fiat,Tipo,3,0,0.0
2026-08-05T11:15:55,Fiat,Tipo Cross,2,0,0.0
2026-08-05T11:15:55,Ford,B-Max,2,0,0.0
2026-08-05T11:15:55,Ford,Capri,9,9,1.0
2026-08-05T11:15:55,Ford,Ecosport,15,0,0.0
2026-08-05T11:15:55,Ford,Explorer,16,15,0.9375
2026-08-05T11:15:55,Ford,Fiesta,44,0,0.0
2026-08-05T11:15:55,Ford,Fiesta Active,2,0,0.0
2026-08-05T11:15:55,Ford,Focus,25,0,0.0
2026-08-05T11:15:55,Ford,Focus Active,1,0,0.0
2026-08-05T11:15:55,Ford,Focus Active Sw,1,0,0.0
2026-08-05T11:15:55,Ford,Focus Sw,2,0,0.0
2026-08-05T11:15:55,Ford,Galaxy,1,0,0.0
2026-08-05T11:15:55,Ford,Grand Tourneo Connect,1,0,0.0
2026-08-05T11:15:55,Ford,Kuga,79,0,0.0
2026-08-05T11:15:55,Ford,Mondeo,1,0,0.0
2026-08-05T11:15:55,Ford,Mondeo Sw,2,0,0.0
2026-08-05T11:15:55,Ford,Mustang Mach-E,5,5,1.0
2026-08-05T11:15:55,Ford,Puma,142,18,0.1268
2026-08-05T11:15:55,Ford,Ranger,9,0,0.0
2026-08-05T11:15:55,Ford,S-Max,5,0,0.0
2026-08-05T11:15:55,Ford,Tourneo Connect,1,0,0.0
2026-08-05T11:15:55,Ford,Tourneo Courier,7,1,0.1429
2026-08-05T11:15:55,Ford,Tourneo Custom,5,0,0.0
2026-08-05T11:15:55,Ford,Transit 2t,11,1,0.0909
2026-08-05T11:15:55,Ford,Transit Connect,2,0,0.0
2026-08-05T11:15:55,Ford,Transit Courier,4,3,0.75
2026-08-05T11:15:55,Ford,Transit Custom,19,0,0.0
2026-08-05T11:15:55,Ford,Transit Custom Kombi,4,0,0.0
2026-08-05T11:15:55,Ford,Transit Custom Nugget,1,0,0.0
2026-08-05T11:15:55,Honda,Hr-V,2,0,0.0
2026-08-05T11:15:55,Honda,Jazz,2,0,0.0
2026-08-05T11:15:55,Honda,Ny1,1,1,1.0
2026-08-05T11:15:55,Hyundai,Bayon,5,0,0.0
2026-08-05T11:15:55,Hyundai,I10,1,0,0.0
2026-08-05T11:15:55,Hyundai,I20,26,0,0.0
2026-08-05T11:15:55,Hyundai,I30,4,0,0.0
2026-08-05T11:15:55,Hyundai,I30 Fastback,1,0,0.0
2026-08-05T11:15:55,Hyundai,I30 Sw,3,0,0.0
2026-08-05T11:15:55,Hyundai,Ioniq,3,2,0.6667
2026-08-05T11:15:55,Hyundai,Ix20,1,0,0.0
2026-08-05T11:15:55,Hyundai,Kona,23,0,0.0
2026-08-05T11:15:55,Hyundai,Santa Fe,4,0,0.0
2026-08-05T11:15:55,Hyundai,Tucson,43,0,0.0
2026-08-05T11:15:55,Infiniti,Q30,1,0,0.0
2026-08-05T11:15:55,Porsche,718 Cayman,1,0,0.0
2026-08-05T11:15:55,Porsche,911 Cabriolet,5,0,0.0
2026-08-05T11:15:55,Porsche,911 Coupé,3,0,0.0
2026-08-05T11:15:55,Porsche,911 Speedster,1,0,0.0
2026-08-05T11:15:55,Porsche,Cayenne,3,0,0.0
2026-08-05T11:15:55,Porsche,Cayenne Coupé,5,0,0.0
2026-08-05T11:15:55,Porsche,Cayman,1,0,0.0
2026-08-05T11:15:55,Porsche,Macan,6,3,0.5
2026-08-05T11:15:55,Porsche,Panamera,3,0,0.0
2026-08-05T11:15:55,Porsche,Panamera Sport Turismo,3,0,0.0
2026-08-05T11:15:55,Porsche,Taycan,9,9,1.0
2026-08-05T11:15:55,Renault,4,8,8,1.0
2026-08-05T11:15:55,Renault,5,39,39,1.0
2026-08-05T11:15:55,Renault,Arkana,377,0,0.0
2026-08-05T11:15:55,Renault,Austral,272,0,0.0
2026-08-05T11:15:55,Renault,Captur,792,0,0.0
2026-08-05T11:15:55,Renault,Clio,1317,0,0.0
2026-08-05T11:15:55,Renault,Clio Estate,1,0,0.0
2026-08-05T11:15:55,Renault,Espace,93,0,0.0
2026-08-05T11:15:55,Renault,Express,17,0,0.0
2026-08-05T11:15:55,Renault,Grand Scénic,25,0,0.0
2026-08-05T11:15:55,Renault,Kadjar,72,1,0.0139
2026-08-05T11:15:55,Renault,Kangoo,31,0,0.0
2026-08-05T11:15:55,Renault,Kangoo Express,15,1,0.0667
2026-08-05T11:15:55,Renault,Kangoo Van,31,8,0.2581
2026-08-05T11:15:55,Renault,Koleos,17,0,0.0
2026-08-05T11:15:55,Renault,Master,301,12,0.0399
2026-08-05T11:15:55,Renault,Mégane,317,221,0.6972
2026-08-05T11:15:55,Renault,Mégane Estate,24,0,0.0
2026-08-05T11:15:55,Renault,Rafale,50,0,0.0
2026-08-05T11:15:55,Renault,Scénic,70,35,0.5
2026-08-05T11:15:55,Renault,Symbioz,187,0,0.0
2026-08-05T11:15:55,Renault,Talisman,8,0,0.0
2026-08-05T11:15:55,Renault,Talisman Estate,6,0,0.0
2026-08-05T11:15:55,Renault,Trafic,129,0,0.0
2026-08-05T11:15:55,Renault,Trafic Combi,12,0,0.0
2026-08-05T11:15:55,Renault,Trafic Spacenomad,1,0,0.0
2026-08-05T11:15:55,Renault,Twingo,159,85,0.5346
2026-08-05T11:15:55,Renault,Twizy,3,3,1.0
2026-08-05T11:15:55,Renault,Zoé,63,63,1.0
2026-08-05T11:15:55,Seat,Arona,32,0,0.0
2026-08-05T11:15:55,Seat,Ateca,29,0,0.0
2026-08-05T11:15:55,Seat,Ibiza,33,0,0.0
2026-08-05T11:15:55,Seat,Leon,20,0,0.0
2026-08-05T11:15:55,Seat,Leon St,3,0,0.0
2026-08-05T11:15:55,Seat,Tarraco,1,0,0.0
2026-08-05T11:15:55,Skoda,Enyaq,2,2,1.0
2026-08-05T11:15:55,Skoda,Enyaq Coupé,1,1,1.0
2026-08-05T11:15:55,Skoda,Fabia,30,0,0.0
2026-08-05T11:15:55,Skoda,Fabia Combi,1,0,0.0
2026-08-05T11:15:55,Skoda,Kamiq,30,0,0.0
2026-08-05T11:15:55,Skoda,Karoq,14,0,0.0
2026-08-05T11:15:55,Skoda,Kodiaq,9,0,0.0
2026-08-05T11:15:55,Skoda,Octavia,6,0,0.0
2026-08-05T11:15:55,Skoda,Octavia Combi,7,0,0.0
2026-08-05T11:15:55,Skoda,Scala,6,0,0.0
2026-08-05T11:15:55,Skoda,Superb,1,0,0.0
2026-08-05T11:15:55,Skoda,Superb Combi,1,0,0.0
2026-08-05T11:15:55,Smart,1,1,1,1.0
2026-08-05T11:15:55,Smart,3,1,1,1.0
2026-08-05T11:15:55,Smart,5,3,3,1.0
2026-08-05T11:15:55,Suzuki,Across,1,0,0.0
2026-08-05T11:15:55,Suzuki,E Vitara,2,2,1.0
2026-08-05T11:15:55,Suzuki,Ignis,6,0,0.0
2026-08-05T11:15:55,Suzuki,S-Cross,15,0,0.0
2026-08-05T11:15:55,Suzuki,Swift,32,0,0.0
2026-08-05T11:15:55,Suzuki,Vitara,23,1,0.0435
2026-08-05T11:15:55,Tesla,Model 3,1,1,1.0
2026-08-05T11:15:55,Tesla,Model Y,1,1,1.0
2026-08-05T11:15:55,Toyota,Auris Touring Sports,1,0,0.0
2026-08-05T11:15:55,Toyota,Aygo,11,0,0.0
2026-08-05T11:15:55,Toyota,Aygo X,85,0,0.0
2026-08-05T11:15:55,Toyota,Bz4x,1,1,1.0
2026-08-05T11:15:55,Toyota,Bz4x Touring,3,3,1.0
2026-08-05T11:15:55,Toyota,C-Hr,82,0,0.0
2026-08-05T11:15:55,Toyota,C-Hr et plus,2,2,1.0
2026-08-05T11:15:55,Toyota,Corolla,22,0,0.0
2026-08-05T11:15:55,Toyota,Corolla Touring Sports,13,0,0.0
2026-08-05T11:15:55,Toyota,Hilux,3,0,0.0
2026-08-05T11:15:55,Toyota,Prius,2,0,0.0
2026-08-05T11:15:55,Toyota,Prius Hybride Rechargeable,1,0,0.0
2026-08-05T11:15:55,Toyota,Prius et plus,1,0,0.0
2026-08-05T11:15:55,Toyota,Proace,5,2,0.4
2026-08-05T11:15:55,Toyota,Proace City,2,0,0.0
2026-08-05T11:15:55,Toyota,Proace City Verso,1,0,0.0
2026-08-05T11:15:55,Toyota,Proace Max,1,0,0.0
2026-08-05T11:15:55,Toyota,Rav4,16,0,0.0
2026-08-05T11:15:55,Toyota,Yaris,183,0,0.0
2026-08-05T11:15:55,Toyota,Yaris Cross,114,0,0.0
2026-08-05T11:15:55,Volkswagen,3,15,15,1.0
2026-08-05T11:15:55,Volkswagen,3 Neo,1,1,1.0
2026-08-05T11:15:55,Volkswagen,4,10,10,1.0
2026-08-05T11:15:55,Volkswagen,5,4,4,1.0
2026-08-05T11:15:55,Volkswagen,7,1,1,1.0
2026-08-05T11:15:55,Volkswagen,Arteon,2,0,0.0
2026-08-05T11:15:55,Volkswagen,Buzz,4,4,1.0
2026-08-05T11:15:55,Volkswagen,Caddy,1,0,0.0
2026-08-05T11:15:55,Volkswagen,Caddy Cargo,3,0,0.0
2026-08-05T11:15:55,Volkswagen,Caddy Maxi,1,0,0.0
2026-08-05T11:15:55,Volkswagen,Caddy Van,2,0,0.0
2026-08-05T11:15:55,Volkswagen,Caravelle,3,2,0.6667
2026-08-05T11:15:55,Volkswagen,Coccinelle,1,0,0.0
2026-08-05T11:15:55,Volkswagen,Crafter,4,0,0.0
2026-08-05T11:15:55,Volkswagen,Golf,63,0,0.0
2026-08-05T11:15:55,Volkswagen,Golf Sportsvan,1,0,0.0
2026-08-05T11:15:55,Volkswagen,Golf Sw,5,0,0.0
2026-08-05T11:15:55,Volkswagen,Multivan,1,0,0.0
2026-08-05T11:15:55,Volkswagen,Passat Sw,8,0,0.0
2026-08-05T11:15:55,Volkswagen,Polo,104,0,0.0
2026-08-05T11:15:55,Volkswagen,T-Cross,58,0,0.0
2026-08-05T11:15:55,Volkswagen,T-Roc,126,0,0.0
2026-08-05T11:15:55,Volkswagen,T-Roc Cabriolet,6,0,0.0
2026-08-05T11:15:55,Volkswagen,Taigo,46,0,0.0
2026-08-05T11:15:55,Volkswagen,Tayron,1,0,0.0
2026-08-05T11:15:55,Volkswagen,Tiguan,72,0,0.0
2026-08-05T11:15:55,Volkswagen,Tiguan Allspace,2,0,0.0
2026-08-05T11:15:55,Volkswagen,Touran,6,0,0.0
2026-08-05T11:15:55,Volkswagen,Transporter,13,1,0.0769
2026-08-05T11:15:55,Volvo,C40,2,2,1.0
2026-08-05T11:15:55,Volvo,Ec40,7,7,1.0
2026-08-05T11:15:55,Volvo,Es90,3,3,1.0
2026-08-05T11:15:55,Volvo,Ex30,13,13,1.0
2026-08-05T11:15:55,Volvo,Ex30 Cross Country,4,4,1.0
2026-08-05T11:15:55,Volvo,Ex40,10,10,1.0
2026-08-05T11:15:55,Volvo,Ex90,1,1,1.0
2026-08-05T11:15:55,Volvo,S60,1,0,0.0
2026-08-05T11:15:55,Volvo,S90,1,0,0.0
2026-08-05T11:15:55,Volvo,V60,15,0,0.0
2026-08-05T11:15:55,Volvo,Xc40,44,8,0.1818
2026-08-05T11:15:55,Volvo,Xc60,43,0,0.0
2026-08-05T11:15:55,Volvo,Xc90,7,0,0.0
2026-08-06T11:16:33,Abarth,500,4,1,0.25
2026-08-06T11:16:33,Abarth,500c,1,1,1.0
2026-08-06T11:16:33,Abarth,600,1,1,1.0
2026-08-06T11:16:33,Alfa Romeo,Giulia,3,0,0.0
2026-08-06T11:16:33,Alfa Romeo,Giulietta,2,0,0.0
2026-08-06T11:16:33,Alfa Romeo,Junior,1,0,0.0
2026-08-06T11:16:33,Alfa Romeo,Stelvio,8,0,0.0
2026-08-06T11:16:33,Alfa Romeo,Tonale,9,0,0.0
2026-08-06T11:16:33,Alpine,A110,25,0,0.0
2026-08-06T11:16:33,Alpine,A290,12,12,1.0
2026-08-06T11:16:33,Alpine,A390,5,5,1.0
2026-08-06T11:16:33,Aston Martin,V8 Vantage,1,0,0.0
2026-08-06T11:16:33,Audi,A1 Allstreet,3,0,0.0
2026-08-06T11:16:33,Audi,A1 Citycarver,1,0,0.0
2026-08-06T11:16:33,Audi,A1 Sportback,67,0,0.0
2026-08-06T11:16:33,Audi,A3,1,0,0.0
2026-08-06T11:16:33,Audi,A3 Allstreet,5,0,0.0
2026-08-06T11:16:33,Audi,A3 Sportback,38,0,0.0
2026-08-06T11:16:33,Audi,A4,2,0,0.0
2026-08-06T11:16:33,Audi,A4 Allroad,1,0,0.0
2026-08-06T11:16:33,Audi,A4 Avant,3,0,0.0
2026-08-06T11:16:33,Audi,A5,2,0,0.0
2026-08-06T11:16:33,Audi,A5 Avant,8,0,0.0
2026-08-06T11:16:33,Audi,A5 Sportback,4,0,0.0
2026-08-06T11:16:33,Audi,A6,2,0,0.0
2026-08-06T11:16:33,Audi,A6 Allroad,3,0,0.0
2026-08-06T11:16:33,Audi,A6 Avant,7,0,0.0
2026-08-06T11:16:33,Audi,A6 Avant E-Tron,1,1,1.0
2026-08-06T11:16:33,Audi,A6 Sportback E-Tron,2,2,1.0
2026-08-06T11:16:33,Audi,A7 Sportback,1,0,0.0
2026-08-06T11:16:33,Audi,A8,1,0,0.0
2026-08-06T11:16:33,Audi,E-Tron Gt,1,1,1.0
2026-08-06T11:16:33,Audi,E-Tron S Sportback,2,2,1.0
2026-08-06T11:16:33,Audi,E-Tron Sportback,1,1,1.0
2026-08-06T11:16:33,Audi,Q2,45,0,0.0
2026-08-06T11:16:33,Audi,Q3,40,0,0.0
2026-08-06T11:16:33,Audi,Q3 Sportback,26,0,0.0
2026-08-06T11:16:33,Audi,Q4 E-Tron,5,5,1.0
2026-08-06T11:16:33,Audi,Q4 Sportback E-Tron,5,5,1.0
2026-08-06T11:16:33,Audi,Q5,21,0,0.0
2026-08-06T11:16:33,Audi,Q5 Sportback,10,0,0.0
2026-08-06T11:16:33,Audi,Q6 E-Tron,4,4,1.0
2026-08-06T11:16:33,Audi,Q6 Sportback E-Tron,4,4,1.0
2026-08-06T11:16:33,Audi,Q7,1,0,0.0
2026-08-06T11:16:33,Audi,Q8,3,0,0.0
2026-08-06T11:16:33,Audi,Q8 E-Tron,1,1,1.0
2026-08-06T11:16:33,Audi,Q8 E-Tron Sportback,1,1,1.0
2026-08-06T11:16:33,Audi,R8 Spyder,1,0,0.0
2026-08-06T11:16:33,Audi,Rs Q3 Sportback,1,0,0.0
2026-08-06T11:16:33,Audi,Rs3 Sportback,1,0,0.0
2026-08-06T11:16:33,Audi,Rs4 Avant,1,0,0.0
2026-08-06T11:16:33,Audi,Rs6 Avant,1,0,0.0
2026-08-06T11:16:33,Audi,S3,1,0,0.0
2026-08-06T11:16:33,Audi,S3 Sportback,1,0,0.0
2026-08-06T11:16:33,Audi,S4 Avant,1,0,0.0
2026-08-06T11:16:33,Audi,S6 Avant E-Tron,2,2,1.0
2026-08-06T11:16:33,Audi,Tt,2,0,0.0
2026-08-06T11:16:33,Audi,Tt Roadster,1,0,0.0
2026-08-06T11:16:33,Bmw,I3,3,3,1.0
2026-08-06T11:16:33,Bmw,I4,32,32,1.0
2026-08-06T11:16:33,Bmw,I8,1,0,0.0
2026-08-06T11:16:33,Bmw,Ix,6,6,1.0
2026-08-06T11:16:33,Bmw,Ix3,4,4,1.0
2026-08-06T11:16:33,Bmw,M2 Coupé,3,0,0.0
2026-08-06T11:16:33,Bmw,M4 Coupé,2,0,0.0
2026-08-06T11:16:33,Bmw,M5,1,0,0.0
2026-08-06T11:16:33,Bmw,Série 1,131,0,0.0
2026-08-06T11:16:33,Bmw,Série 2 Active Tourer,78,0,0.0
2026-08-06T11:16:33,Bmw,Série 2 Coupé,6,0,0.0
2026-08-06T11:16:33,Bmw,Série 2 Gran Coupé,23,0,0.0
2026-08-06T11:16:33,Bmw,Série 2 Gran Tourer,3,0,0.0
2026-08-06T11:16:33,Bmw,Série 3,11,0,0.0
2026-08-06T11:16:33,Bmw,Série 3 Gran Turismo,4,0,0.0
2026-08-06T11:16:33,Bmw,Série 3 Touring,40,0,0.0
2026-08-06T11:16:33,Bmw,Série 4 Cabriolet,7,0,0.0
2026-08-06T11:16:33,Bmw,Série 4 Coupé,14,0,0.0
2026-08-06T11:16:33,Bmw,Série 4 Gran Coupé,26,0,0.0
2026-08-06T11:16:33,Bmw,Série 5,23,6,0.2609
2026-08-06T11:16:33,Bmw,Série 5 Touring,12,2,0.1667
2026-08-06T11:16:33,Bmw,Série 7,2,0,0.0
2026-08-06T11:16:33,Bmw,Série 8,1,0,0.0
2026-08-06T11:16:33,Bmw,Série 8 Gran Coupé,2,0,0.0
2026-08-06T11:16:33,Bmw,X1,152,30,0.1974
2026-08-06T11:16:33,Bmw,X2,76,8,0.1053
2026-08-06T11:16:33,Bmw,X3,76,0,0.0
2026-08-06T11:16:33,Bmw,X4,9,0,0.0
2026-08-06T11:16:33,Bmw,X4 M,2,0,0.0
2026-08-06T11:16:33,Bmw,X5,29,0,0.0
2026-08-06T11:16:33,Bmw,X6,2,0,0.0
2026-08-06T11:16:33,Bmw,Xm,4,0,0.0
2026-08-06T11:16:33,Bmw,Z4 Roadster,8,0,0.0
2026-08-06T11:16:33,Byd,Atto 2,2,2,1.0
2026-08-06T11:16:33,Byd,Atto 3,1,1,1.0
2026-08-06T11:16:33,Byd,Dolphin,1,1,1.0
2026-08-06T11:16:33,Byd,Seal 6 Dm-I,1,0,0.0
2026-08-06T11:16:33,Byd,Seal 6 Dm-I Touring,1,0,0.0
2026-08-06T11:16:33,Byd,Tang,3,3,1.0
2026-08-06T11:16:33,Citroen,Ami,16,16,1.0
2026-08-06T11:16:33,Citroen,Berlingo,15,1,0.0667
2026-08-06T11:16:33,Citroen,Berlingo Van,41,0,0.0
2026-08-06T11:16:33,Citroen,C1,12,0,0.0
2026-08-06T11:16:33,Citroen,C3,709,9,0.0127
2026-08-06T11:16:33,Citroen,C3 Aircross,166,7,0.0422
2026-08-06T11:16:33,Citroen,C4,121,30,0.2479
2026-08-06T11:16:33,Citroen,C4 Cactus,16,0,0.0
2026-08-06T11:16:33,Citroen,C4 Picasso,4,0,0.0
2026-08-06T11:16:33,Citroen,C4 Spacetourer,6,0,0.0
2026-08-06T11:16:33,Citroen,C4 X,8,2,0.25
2026-08-06T11:16:33,Citroen,C5 Aircross,201,4,0.0199
2026-08-06T11:16:33,Citroen,C5 X,15,0,0.0
2026-08-06T11:16:33,Citroen,Grand C4 Picasso,1,0,0.0
2026-08-06T11:16:33,Citroen,Grand C4 Spacetourer,5,0,0.0
2026-08-06T11:16:33,Citroen,Holidays,1,0,0.0
2026-08-06T11:16:33,Citroen,Jumper,15,0,0.0
2026-08-06T11:16:33,Citroen,Jumpy,33,1,0.0303
2026-08-06T11:16:33,Citroen,Spacetourer,12,0,0.0
2026-08-06T11:16:33,Cupra,Born,2,2,1.0
2026-08-06T11:16:33,Cupra,Formentor,19,0,0.0
2026-08-06T11:16:33,Cupra,Leon,7,0,0.0
2026-08-06T11:16:33,Cupra,Leon St,2,0,0.0
2026-08-06T11:16:33,Cupra,Raval,1,1,1.0
2026-08-06T11:16:33,Cupra,Terramar,4,0,0.0
2026-08-06T11:16:33,Dacia,Bigster,47,0,0.0
2026-08-06T11:16:33,Dacia,Duster,408,0,0.0
2026-08-06T11:16:33,Dacia,Jogger,154,0,0.0
2026-08-06T11:16:33,Dacia,Lodgy,8,0,0.0
2026-08-06T11:16:33,Dacia,Logan,3,0,0.0
2026-08-06T11:16:33,Dacia,Logan Mcv,1,0,0.0
2026-08-06T11:16:33,Dacia,Sandero,667,0,0.0
2026-08-06T11:16:33,Dacia,Spring,202,202,1.0
2026-08-06T11:16:33,Ds,4,12,5,0.4167
2026-08-06T11:16:33,Ds,8,7,7,1.0
2026-08-06T11:16:33,Ds,Ds,3,0,0.0
2026-08-06T11:16:33,Ds,Ds 3,48,14,0.2917
2026-08-06T11:16:33,Ds,Ds 3 Crossback,46,6,0.1304
2026-08-06T11:16:33,Ds,Ds 4,112,0,0.0
2026-08-06T11:16:33,Ds,Ds 7,47,0,0.0
2026-08-06T11:16:33,Ds,Ds 7 Crossback,51,0,0.0
2026-08-06T11:16:33,Ds,Ds 9,1,0,0.0
2026-08-06T11:16:33,Fiat,500,43,18,0.4186
2026-08-06T11:16:33,Fiat,500c,6,2,0.3333
2026-08-06T11:16:33,Fiat,500x,24,0,0.0
2026-08-06T11:16:33,Fiat,600,12,2,0.1667
2026-08-06T11:16:33,Fiat,Doblo Cargo,1,0,0.0
2026-08-06T11:16:33,Fiat,Ducato,5,0,0.0
2026-08-06T11:16:33,Fiat,Grande Panda,2,1,0.5
2026-08-06T11:16:33,Fiat,Panda,4,0,0.0
2026-08-06T11:16:33,Fiat,Punto,1,0,0.0
2026-08-06T11:16:33,Fiat,Scudo,8,1,0.125
2026-08-06T11:16:33,Fiat,Talento,1,0,0.0
2026-08-06T11:16:33,Fiat,Tipo,3,0,0.0
2026-08-06T11:16:33,Fiat,Tipo Cross,2,0,0.0
2026-08-06T11:16:33,Ford,B-Max,1,0,0.0
2026-08-06T11:16:33,Ford,Capri,9,9,1.0
2026-08-06T11:16:33,Ford,Ecosport,15,0,0.0
2026-08-06T11:16:33,Ford,Explorer,15,14,0.9333
2026-08-06T11:16:33,Ford,Fiesta,44,0,0.0
2026-08-06T11:16:33,Ford,Fiesta Active,2,0,0.0
2026-08-06T11:16:33,Ford,Focus,26,0,0.0
2026-08-06T11:16:33,Ford,Focus Active,1,0,0.0
2026-08-06T11:16:33,Ford,Focus Active Sw,1,0,0.0
2026-08-06T11:16:33,Ford,Focus Sw,2,0,0.0
2026-08-06T11:16:33,Ford,Galaxy,1,0,0.0
2026-08-06T11:16:33,Ford,Grand Tourneo Connect,1,0,0.0
2026-08-06T11:16:33,Ford,Kuga,81,0,0.0
2026-08-06T11:16:33,Ford,Mondeo,1,0,0.0
2026-08-06T11:16:33,Ford,Mondeo Sw,2,0,0.0
2026-08-06T11:16:33,Ford,Mustang Mach-E,5,5,1.0
2026-08-06T11:16:33,Ford,Puma,144,18,0.125
2026-08-06T11:16:33,Ford,Ranger,8,0,0.0
2026-08-06T11:16:33,Ford,S-Max,5,0,0.0
2026-08-06T11:16:33,Ford,Tourneo Connect,1,0,0.0
2026-08-06T11:16:33,Ford,Tourneo Courier,7,1,0.1429
2026-08-06T11:16:33,Ford,Tourneo Custom,5,0,0.0
2026-08-06T11:16:33,Ford,Transit 2t,11,1,0.0909
2026-08-06T11:16:33,Ford,Transit Connect,3,0,0.0
2026-08-06T11:16:33,Ford,Transit Courier,4,3,0.75
2026-08-06T11:16:33,Ford,Transit Custom,19,0,0.0
2026-08-06T11:16:33,Ford,Transit Custom Kombi,4,0,0.0
2026-08-06T11:16:33,Ford,Transit Custom Nugget,1,0,0.0
2026-08-06T11:16:33,Honda,Hr-V,2,0,0.0
2026-08-06T11:16:33,Honda,Ny1,1,1,1.0
2026-08-06T11:16:33,Hyundai,Bayon,5,0,0.0
2026-08-06T11:16:33,Hyundai,I10,1,0,0.0
2026-08-06T11:16:33,Hyundai,I20,27,0,0.0
2026-08-06T11:16:33,Hyundai,I30,4,0,0.0
2026-08-06T11:16:33,Hyundai,I30 Fastback,1,0,0.0
2026-08-06T11:16:33,Hyundai,I30 Sw,3,0,0.0
2026-08-06T11:16:33,Hyundai,Ioniq,3,2,0.6667
2026-08-06T11:16:33,Hyundai,Ix20,1,0,0.0
2026-08-06T11:16:33,Hyundai,Kona,22,0,0.0
2026-08-06T11:16:33,Hyundai,Santa Fe,4,0,0.0
2026-08-06T11:16:33,Hyundai,Tucson,45,0,0.0
2026-08-06T11:16:33,Infiniti,Q30,1,0,0.0
2026-08-06T11:16:33,Isuzu,D-Max,1,0,0.0
2026-08-06T11:16:33,Iveco,Daily,3,0,0.0
2026-08-06T11:16:33,Jaguar,E-Pace,6,0,0.0
2026-08-06T11:16:33,Jaguar,F-Pace,7,0,0.0
2026-08-06T11:16:33,Jaguar,F-Type Coupe,1,0,0.0
2026-08-06T11:16:33,Jaguar,I-Pace,2,2,1.0
2026-08-06T11:16:33,Jaguar,Xe,1,0,0.0
2026-08-06T11:16:33,Peugeot,108,8,0,0.0
2026-08-06T11:16:33,Peugeot,2008,665,83,0.1248
2026-08-06T11:16:33,Peugeot,208,950,131,0.1379
2026-08-06T11:16:33,Peugeot,3008,451,44,0.0976
2026-08-06T11:16:33,Peugeot,308,291,24,0.0825
2026-08-06T11:16:33,Peugeot,308 Sw,91,4,0.044
2026-08-06T11:16:33,Peugeot,408,58,5,0.0862
2026-08-06T11:16:33,Peugeot,5008,136,4,0.0294
2026-08-06T11:16:33,Peugeot,508,22,0,0.0
2026-08-06T11:16:33,Peugeot,508 Sw,18,0,0.0
2026-08-06T11:16:33,Peugeot,Boxer,25,0,0.0
2026-08-06T11:16:33,Peugeot,E-208,1,1,1.0
2026-08-06T11:16:33,Peugeot,Expert,68,6,0.0882
2026-08-06T11:16:33,Peugeot,Partner,124,7,0.0565
2026-08-06T11:16:33,Peugeot,Rifter,25,2,0.08
2026-08-06T11:16:33,Peugeot,Traveller,3,0,0.0
2026-08-06T11:16:33,Porsche,718 Cayman,1,0,0.0
2026-08-06T11:16:33,Porsche,911 Cabriolet,5,0,0.0
2026-08-06T11:16:33,Porsche,911 Coupé,4,0,0.0
2026-08-06T11:16:33,Porsche,911 Speedster,1,0,0.0
2026-08-06T11:16:33,Porsche,Cayenne,3,0,0.0
2026-08-06T11:16:33,Porsche,Cayenne Coupé,5,0,0.0
2026-08-06T11:16:33,Porsche,Cayman,1,0,0.0
2026-08-06T11:16:33,Porsche,Macan,6,3,0.5
2026-08-06T11:16:33,Porsche,Panamera,3,0,0.0
2026-08-06T11:16:33,Porsche,Panamera Sport Turismo,3,0,0.0
2026-08-06T11:16:33,Porsche,Taycan,9,9,1.0
2026-08-06T11:16:33,Renault,4,9,9,1.0
2026-08-06T11:16:33,Renault,5,41,41,1.0
2026-08-06T11:16:33,Renault,Arkana,383,0,0.0
2026-08-06T11:16:33,Renault,Austral,285,0,0.0
2026-08-06T11:16:33,Renault,Captur,817,0,0.0
2026-08-06T11:16:33,Renault,Clio,1350,0,0.0
2026-08-06T11:16:33,Renault,Clio Estate,1,0,0.0
2026-08-06T11:16:33,Renault,Espace,94,0,0.0
2026-08-06T11:16:33,Renault,Express,17,0,0.0
2026-08-06T11:16:33,Renault,Grand Scénic,28,0,0.0
2026-08-06T11:16:33,Renault,Kadjar,73,1,0.0137
2026-08-06T11:16:33,Renault,Kangoo,33,0,0.0
2026-08-06T11:16:33,Renault,Kangoo Express,16,1,0.0625
2026-08-06T11:16:33,Renault,Kangoo Van,31,8,0.2581
2026-08-06T11:16:33,Renault,Koleos,17,0,0.0
2026-08-06T11:16:33,Renault,Master,303,12,0.0396
2026-08-06T11:16:33,Renault,Mégane,336,240,0.7143
2026-08-06T11:16:33,Renault,Mégane Estate,26,0,0.0
2026-08-06T11:16:33,Renault,Rafale,51,0,0.0
2026-08-06T11:16:33,Renault,Scénic,73,36,0.4932
2026-08-06T11:16:33,Renault,Symbioz,190,0,0.0
2026-08-06T11:16:33,Renault,Talisman,8,0,0.0
2026-08-06T11:16:33,Renault,Talisman Estate,6,0,0.0
2026-08-06T11:16:33,Renault,Trafic,128,0,0.0
2026-08-06T11:16:33,Renault,Trafic Combi,10,0,0.0
2026-08-06T11:16:33,Renault,Trafic Spacenomad,1,0,0.0
2026-08-06T11:16:33,Renault,Twingo,163,92,0.5644
2026-08-06T11:16:33,Renault,Twizy,4,4,1.0
2026-08-06T11:16:33,Renault,Zoé,65,65,1.0
2026-08-06T11:16:33,Seat,Arona,32,0,0.0
2026-08-06T11:16:33,Seat,Ateca,29,0,0.0
2026-08-06T11:16:33,Seat,Ibiza,32,0,0.0
2026-08-06T11:16:33,Seat,Leon,20,0,0.0
2026-08-06T11:16:33,Seat,Leon St,3,0,0.0
2026-08-06T11:16:33,Seat,Tarraco,1,0,0.0
2026-08-06T11:16:33,Skoda,Enyaq,2,2,1.0
2026-08-06T11:16:33,Skoda,Enyaq Coupé,1,1,1.0
2026-08-06T11:16:33,Skoda,Fabia,30,0,0.0
2026-08-06T11:16:33,Skoda,Fabia Combi,1,0,0.0
2026-08-06T11:16:33,Skoda,Kamiq,30,0,0.0
2026-08-06T11:16:33,Skoda,Karoq,14,0,0.0
2026-08-06T11:16:33,Skoda,Kodiaq,9,0,0.0
2026-08-06T11:16:33,Skoda,Octavia,6,0,0.0
2026-08-06T11:16:33,Skoda,Octavia Combi,7,0,0.0
2026-08-06T11:16:33,Skoda,Scala,6,0,0.0
2026-08-06T11:16:33,Skoda,Superb,1,0,0.0
2026-08-06T11:16:33,Skoda,Superb Combi,1,0,0.0
2026-08-06T11:16:33,Smart,1,1,1,1.0
2026-08-06T11:16:33,Smart,3,1,1,1.0
2026-08-06T11:16:33,Smart,5,3,3,1.0
2026-08-06T11:16:33,Suzuki,Across,1,0,0.0
2026-08-06T11:16:33,Suzuki,E Vitara,2,2,1.0
2026-08-06T11:16:33,Suzuki,Ignis,5,0,0.0
2026-08-06T11:16:33,Suzuki,S-Cross,16,0,0.0
2026-08-06T11:16:33,Suzuki,Swift,33,0,0.0
2026-08-06T11:16:33,Suzuki,Vitara,24,1,0.0417
2026-08-06T11:16:33,Tesla,Model 3,1,1,1.0
2026-08-06T11:16:33,Tesla,Model Y,1,1,1.0
2026-08-06T11:16:33,Toyota,Auris Touring Sports,1,0,0.0
2026-08-06T11:16:33,Toyota,Aygo,15,0,0.0
2026-08-06T11:16:33,Toyota,Aygo X,85,0,0.0
2026-08-06T11:16:33,Toyota,Bz4x,1,1,1.0
2026-08-06T11:16:33,Toyota,Bz4x Touring,2,2,1.0
2026-08-06T11:16:33,Toyota,C-Hr,82,0,0.0
2026-08-06T11:16:33,Toyota,C-Hr et plus,2,2,1.0
2026-08-06T11:16:33,Toyota,Corolla,23,0,0.0
2026-08-06T11:16:33,Toyota,Corolla Touring Sports,14,0,0.0
2026-08-06T11:16:33,Toyota,Hilux,3,0,0.0
2026-08-06T11:16:33,Toyota,Prius,2,0,0.0
2026-08-06T11:16:33,Toyota,Prius Hybride Rechargeable,1,0,0.0
2026-08-06T11:16:33,Toyota,Proace,5,2,0.4
2026-08-06T11:16:33,Toyota,Proace City,2,0,0.0
2026-08-06T11:16:33,Toyota,Proace City Verso,1,0,0.0
2026-08-06T11:16:33,Toyota,Proace Max,1,0,0.0
2026-08-06T11:16:33,Toyota,Rav4,19,0,0.0
2026-08-06T11:16:33,Toyota,Yaris,185,0,0.0
2026-08-06T11:16:33,Toyota,Yaris Cross,114,0,0.0
2026-08-06T11:16:33,Volkswagen,3,15,15,1.0
2026-08-06T11:16:33,Volkswagen,3 Neo,1,1,1.0
2026-08-06T11:16:33,Volkswagen,4,10,10,1.0
2026-08-06T11:16:33,Volkswagen,5,4,4,1.0
2026-08-06T11:16:33,Volkswagen,7,1,1,1.0
2026-08-06T11:16:33,Volkswagen,Arteon,2,2,1.0
2026-08-06T11:16:33,Volkswagen,Buzz,4,4,1.0
2026-08-06T11:16:33,Volkswagen,Caddy,1,1,1.0
2026-08-06T11:16:33,Volkswagen,Caddy Cargo,3,3,1.0
2026-08-06T11:16:33,Volkswagen,Caddy Maxi,1,1,1.0
2026-08-06T11:16:33,Volkswagen,Caddy Van,2,2,1.0
2026-08-06T11:16:33,Volkswagen,Caravelle,3,3,1.0
2026-08-06T11:16:33,Volkswagen,Coccinelle,1,1,1.0
2026-08-06T11:16:33,Volkswagen,Crafter,4,4,1.0
2026-08-06T11:16:33,Volkswagen,Golf,63,63,1.0
2026-08-06T11:16:33,Volkswagen,Golf Sportsvan,1,1,1.0
2026-08-06T11:16:33,Volkswagen,Golf Sw,5,5,1.0
2026-08-06T11:16:33,Volkswagen,Multivan,1,1,1.0
2026-08-06T11:16:33,Volkswagen,Passat Sw,8,8,1.0
2026-08-06T11:16:33,Volkswagen,Polo,105,105,1.0
2026-08-06T11:16:33,Volkswagen,T-Cross,56,56,1.0
2026-08-06T11:16:33,Volkswagen,T-Roc,128,128,1.0
2026-08-06T11:16:33,Volkswagen,T-Roc Cabriolet,7,7,1.0
2026-08-06T11:16:33,Volkswagen,Taigo,47,47,1.0
2026-08-06T11:16:33,Volkswagen,Tayron,1,1,1.0
2026-08-06T11:16:33,Volkswagen,Tiguan,73,73,1.0
2026-08-06T11:16:33,Volkswagen,Tiguan Allspace,1,1,1.0
2026-08-06T11:16:33,Volkswagen,Touran,5,5,1.0
2026-08-06T11:16:33,Volkswagen,Transporter,13,13,1.0
2026-08-07T09:55:36,Abarth,500,4,1,0.25
2026-08-07T09:55:36,Abarth,500c,1,1,1.0
2026-08-07T09:55:36,Abarth,600,1,1,1.0
2026-08-07T09:55:36,Alfa Romeo,Giulia,3,0,0.0
2026-08-07T09:55:36,Alfa Romeo,Giulietta,2,0,0.0
2026-08-07T09:55:36,Alfa Romeo,Junior,1,0,0.0
2026-08-07T09:55:36,Alfa Romeo,Stelvio,8,0,0.0
2026-08-07T09:55:36,Alfa Romeo,Tonale,9,0,0.0
2026-08-07T09:55:36,Alpine,A110,25,0,0.0
2026-08-07T09:55:36,Alpine,A290,12,12,1.0
2026-08-07T09:55:36,Alpine,A390,5,5,1.0
2026-08-07T09:55:36,Aston Martin,V8 Vantage,1,0,0.0
2026-08-07T09:55:36,Audi,A1 Allstreet,4,0,0.0
2026-08-07T09:55:36,Audi,A1 Citycarver,1,0,0.0
2026-08-07T09:55:36,Audi,A1 Sportback,68,0,0.0
2026-08-07T09:55:36,Audi,A3,1,0,0.0
2026-08-07T09:55:36,Audi,A3 Allstreet,5,0,0.0
2026-08-07T09:55:36,Audi,A3 Sportback,38,0,0.0
2026-08-07T09:55:36,Audi,A4,2,0,0.0
2026-08-07T09:55:36,Audi,A4 Allroad,1,0,0.0
2026-08-07T09:55:36,Audi,A4 Avant,3,0,0.0
2026-08-07T09:55:36,Audi,A5,2,0,0.0
2026-08-07T09:55:36,Audi,A5 Avant,7,0,0.0
2026-08-07T09:55:36,Audi,A5 Sportback,4,0,0.0
2026-08-07T09:55:36,Audi,A6,2,0,0.0
2026-08-07T09:55:36,Audi,A6 Allroad,3,0,0.0
2026-08-07T09:55:36,Audi,A6 Avant,7,0,0.0
2026-08-07T09:55:36,Audi,A6 Avant E-Tron,1,1,1.0
2026-08-07T09:55:36,Audi,A6 Sportback E-Tron,2,2,1.0
2026-08-07T09:55:36,Audi,A7 Sportback,1,0,0.0
2026-08-07T09:55:36,Audi,A8,1,0,0.0
2026-08-07T09:55:36,Audi,E-Tron Gt,1,1,1.0
2026-08-07T09:55:36,Audi,E-Tron S Sportback,2,2,1.0
2026-08-07T09:55:36,Audi,E-Tron Sportback,1,1,1.0
2026-08-07T09:55:36,Audi,Q2,44,0,0.0
2026-08-07T09:55:36,Audi,Q3,39,0,0.0
2026-08-07T09:55:36,Audi,Q3 Sportback,26,0,0.0
2026-08-07T09:55:36,Audi,Q4 E-Tron,5,5,1.0
2026-08-07T09:55:36,Audi,Q4 Sportback E-Tron,5,5,1.0
2026-08-07T09:55:36,Audi,Q5,21,0,0.0
2026-08-07T09:55:36,Audi,Q5 Sportback,10,0,0.0
2026-08-07T09:55:36,Audi,Q6 E-Tron,4,4,1.0
2026-08-07T09:55:36,Audi,Q6 Sportback E-Tron,4,4,1.0
2026-08-07T09:55:36,Audi,Q7,1,0,0.0
2026-08-07T09:55:36,Audi,Q8,3,0,0.0
2026-08-07T09:55:36,Audi,Q8 E-Tron,1,1,1.0
2026-08-07T09:55:36,Audi,Q8 E-Tron Sportback,1,1,1.0
2026-08-07T09:55:36,Audi,R8 Spyder,1,0,0.0
2026-08-07T09:55:36,Audi,Rs Q3 Sportback,1,0,0.0
2026-08-07T09:55:36,Audi,Rs3 Sportback,1,0,0.0
2026-08-07T09:55:36,Audi,Rs4 Avant,1,0,0.0
2026-08-07T09:55:36,Audi,Rs6 Avant,1,0,0.0
2026-08-07T09:55:36,Audi,S3,1,0,0.0
2026-08-07T09:55:36,Audi,S3 Sportback,2,0,0.0
2026-08-07T09:55:36,Audi,S4 Avant,1,0,0.0
2026-08-07T09:55:36,Audi,S6 Avant E-Tron,2,2,1.0
2026-08-07T09:55:36,Audi,Tt,2,0,0.0
2026-08-07T09:55:36,Audi,Tt Roadster,1,0,0.0
2026-08-07T09:55:36,Bmw,I3,3,3,1.0
2026-08-07T09:55:36,Bmw,I4,32,32,1.0
2026-08-07T09:55:36,Bmw,I8,1,0,0.0
2026-08-07T09:55:36,Bmw,Ix,6,6,1.0
2026-08-07T09:55:36,Bmw,Ix3,3,3,1.0
2026-08-07T09:55:36,Bmw,M2 Coupé,3,0,0.0
2026-08-07T09:55:36,Bmw,M4 Coupé,3,0,0.0
2026-08-07T09:55:36,Bmw,M5,1,0,0.0
2026-08-07T09:55:36,Bmw,Série 1,129,0,0.0
2026-08-07T09:55:36,Bmw,Série 2 Active Tourer,77,0,0.0
2026-08-07T09:55:36,Bmw,Série 2 Coupé,6,0,0.0
2026-08-07T09:55:36,Bmw,Série 2 Gran Coupé,23,0,0.0
2026-08-07T09:55:36,Bmw,Série 2 Gran Tourer,3,0,0.0
2026-08-07T09:55:36,Bmw,Série 3,11,0,0.0
2026-08-07T09:55:36,Bmw,Série 3 Gran Turismo,4,0,0.0
2026-08-07T09:55:36,Bmw,Série 3 Touring,40,0,0.0
2026-08-07T09:55:36,Bmw,Série 4 Cabriolet,7,0,0.0
2026-08-07T09:55:36,Bmw,Série 4 Coupé,14,0,0.0
2026-08-07T09:55:36,Bmw,Série 4 Gran Coupé,26,0,0.0
2026-08-07T09:55:36,Bmw,Série 5,22,6,0.2727
2026-08-07T09:55:36,Bmw,Série 5 Touring,13,2,0.1538
2026-08-07T09:55:36,Bmw,Série 7,2,0,0.0
2026-08-07T09:55:36,Bmw,Série 8 Gran Coupé,2,0,0.0
2026-08-07T09:55:36,Bmw,X1,155,31,0.2
2026-08-07T09:55:36,Bmw,X2,78,9,0.1154
2026-08-07T09:55:36,Bmw,X3,75,0,0.0
2026-08-07T09:55:36,Bmw,X4,8,0,0.0
2026-08-07T09:55:36,Bmw,X4 M,2,0,0.0
2026-08-07T09:55:36,Bmw,X5,30,0,0.0
2026-08-07T09:55:36,Bmw,X6,2,0,0.0
2026-08-07T09:55:36,Bmw,Xm,4,0,0.0
2026-08-07T09:55:36,Bmw,Z4 Roadster,8,0,0.0
2026-08-07T09:55:36,Byd,Atto 2,2,2,1.0
2026-08-07T09:55:36,Byd,Atto 3,1,1,1.0
2026-08-07T09:55:36,Byd,Dolphin,1,1,1.0
2026-08-07T09:55:36,Byd,Seal 6 Dm-I,1,0,0.0
2026-08-07T09:55:36,Byd,Seal 6 Dm-I Touring,1,0,0.0
2026-08-07T09:55:36,Byd,Tang,3,3,1.0
2026-08-07T09:55:36,Citroen,Ami,15,15,1.0
2026-08-07T09:55:36,Citroen,Berlingo,14,1,0.0714
2026-08-07T09:55:36,Citroen,Berlingo Van,44,0,0.0
2026-08-07T09:55:36,Citroen,C1,12,0,0.0
2026-08-07T09:55:36,Citroen,C3,706,8,0.0113
2026-08-07T09:55:36,Citroen,C3 Aircross,161,8,0.0497
2026-08-07T09:55:36,Citroen,C4,120,31,0.2583
2026-08-07T09:55:36,Citroen,C4 Cactus,16,0,0.0
2026-08-07T09:55:36,Citroen,C4 Picasso,5,0,0.0
2026-08-07T09:55:36,Citroen,C4 Spacetourer,5,0,0.0
2026-08-07T09:55:36,Citroen,C4 X,8,2,0.25
2026-08-07T09:55:36,Citroen,C5,1,0,0.0
2026-08-07T09:55:36,Citroen,C5 Aircross,201,4,0.0199
2026-08-07T09:55:36,Citroen,C5 X,15,0,0.0
2026-08-07T09:55:36,Citroen,Grand C4 Picasso,1,0,0.0
2026-08-07T09:55:36,Citroen,Grand C4 Spacetourer,4,0,0.0
2026-08-07T09:55:36,Citroen,Holidays,1,0,0.0
2026-08-07T09:55:36,Citroen,Jumper,15,0,0.0
2026-08-07T09:55:36,Citroen,Jumpy,31,1,0.0323
2026-08-07T09:55:36,Citroen,Spacetourer,12,0,0.0
2026-08-07T09:55:36,Cupra,Born,2,2,1.0
2026-08-07T09:55:36,Cupra,Formentor,19,0,0.0
2026-08-07T09:55:36,Cupra,Leon,7,0,0.0
2026-08-07T09:55:36,Cupra,Leon St,2,0,0.0
2026-08-07T09:55:36,Cupra,Raval,1,1,1.0
2026-08-07T09:55:36,Cupra,Terramar,4,0,0.0
2026-08-07T09:55:36,Dacia,Bigster,45,0,0.0
2026-08-07T09:55:36,Dacia,Duster,407,0,0.0
2026-08-07T09:55:36,Dacia,Jogger,160,0,0.0
2026-08-07T09:55:36,Dacia,Lodgy,8,0,0.0
2026-08-07T09:55:36,Dacia,Logan,3,0,0.0
2026-08-07T09:55:36,Dacia,Logan Mcv,1,0,0.0
2026-08-07T09:55:36,Dacia,Sandero,665,0,0.0
2026-08-07T09:55:36,Dacia,Spring,199,199,1.0
2026-08-07T09:55:36,Ds,4,12,5,0.4167
2026-08-07T09:55:36,Ds,8,7,7,1.0
2026-08-07T09:55:36,Ds,Ds,3,0,0.0
2026-08-07T09:55:36,Ds,Ds 3,48,14,0.2917
2026-08-07T09:55:36,Ds,Ds 3 Crossback,46,6,0.1304
2026-08-07T09:55:36,Ds,Ds 4,114,0,0.0
2026-08-07T09:55:36,Ds,Ds 7,46,0,0.0
2026-08-07T09:55:36,Ds,Ds 7 Crossback,49,0,0.0
2026-08-07T09:55:36,Ds,Ds 9,1,0,0.0
2026-08-07T09:55:36,Fiat,500,47,23,0.4894
2026-08-07T09:55:36,Fiat,500c,7,2,0.2857
2026-08-07T09:55:36,Fiat,500x,25,0,0.0
2026-08-07T09:55:36,Fiat,600,12,2,0.1667
2026-08-07T09:55:36,Fiat,Doblo,1,0,0.0
2026-08-07T09:55:36,Fiat,Doblo Cargo,1,0,0.0
2026-08-07T09:55:36,Fiat,Ducato,5,0,0.0
2026-08-07T09:55:36,Fiat,Grande Panda,2,1,0.5
2026-08-07T09:55:36,Fiat,Panda,4,0,0.0
2026-08-07T09:55:36,Fiat,Punto,1,0,0.0
2026-08-07T09:55:36,Fiat,Scudo,9,1,0.1111
2026-08-07T09:55:36,Fiat,Talento,1,0,0.0
2026-08-07T09:55:36,Fiat,Tipo,3,0,0.0
2026-08-07T09:55:36,Fiat,Tipo Cross,2,0,0.0
2026-08-07T09:55:36,Ford,B-Max,1,0,0.0
2026-08-07T09:55:36,Ford,Capri,9,9,1.0
2026-08-07T09:55:36,Ford,Ecosport,14,0,0.0
2026-08-07T09:55:36,Ford,Explorer,16,14,0.875
2026-08-07T09:55:36,Ford,Fiesta,43,0,0.0
2026-08-07T09:55:36,Ford,Fiesta Active,2,0,0.0
2026-08-07T09:55:36,Ford,Focus,27,0,0.0
2026-08-07T09:55:36,Ford,Focus Active,1,0,0.0
2026-08-07T09:55:36,Ford,Focus Active Sw,1,0,0.0
2026-08-07T09:55:36,Ford,Focus Sw,2,0,0.0
2026-08-07T09:55:36,Ford,Galaxy,1,0,0.0
2026-08-07T09:55:36,Ford,Grand Tourneo Connect,1,0,0.0
2026-08-07T09:55:36,Ford,Kuga,80,0,0.0
2026-08-07T09:55:36,Ford,Mondeo,1,0,0.0
2026-08-07T09:55:36,Ford,Mondeo Sw,2,0,0.0
2026-08-07T09:55:36,Ford,Mustang Mach-E,5,5,1.0
2026-08-07T09:55:36,Ford,Puma,143,18,0.1259
2026-08-07T09:55:36,Ford,Ranger,8,0,0.0
2026-08-07T09:55:36,Ford,S-Max,4,0,0.0
2026-08-07T09:55:36,Ford,Tourneo Connect,1,0,0.0
2026-08-07T09:55:36,Ford,Tourneo Courier,7,1,0.1429
2026-08-07T09:55:36,Ford,Tourneo Custom,5,0,0.0
2026-08-07T09:55:36,Ford,Transit 2t,11,1,0.0909
2026-08-07T09:55:36,Ford,Transit Connect,3,0,0.0
2026-08-07T09:55:36,Ford,Transit Courier,4,3,0.75
2026-08-07T09:55:36,Ford,Transit Custom,20,0,0.0
2026-08-07T09:55:36,Ford,Transit Custom Kombi,4,0,0.0
2026-08-07T09:55:36,Ford,Transit Custom Nugget,1,0,0.0
2026-08-07T09:55:36,Honda,Hr-V,2,0,0.0
2026-08-07T09:55:36,Honda,Ny1,1,1,1.0
2026-08-07T09:55:36,Volkswagen,3,15,15,1.0
2026-08-07T09:55:36,Volkswagen,3 Neo,2,2,1.0
2026-08-07T09:55:36,Volkswagen,4,10,10,1.0
2026-08-07T09:55:36,Volkswagen,5,4,4,1.0
2026-08-07T09:55:36,Volkswagen,7,1,1,1.0
2026-08-07T09:55:36,Volkswagen,Arteon,2,0,0.0
2026-08-07T09:55:36,Volkswagen,Buzz,4,4,1.0
2026-08-07T09:55:36,Volkswagen,Caddy,1,0,0.0
2026-08-07T09:55:36,Volkswagen,Caddy Cargo,3,0,0.0
2026-08-07T09:55:36,Volkswagen,Caddy Maxi,1,0,0.0
2026-08-07T09:55:36,Volkswagen,Caddy Van,2,0,0.0
2026-08-07T09:55:36,Volkswagen,Caravelle,3,2,0.6667
2026-08-07T09:55:36,Volkswagen,Coccinelle,1,0,0.0
2026-08-07T09:55:36,Volkswagen,Crafter,4,0,0.0
2026-08-07T09:55:36,Volkswagen,Golf,62,0,0.0
2026-08-07T09:55:36,Volkswagen,Golf Sportsvan,1,0,0.0
2026-08-07T09:55:36,Volkswagen,Golf Sw,5,0,0.0
2026-08-07T09:55:36,Volkswagen,Multivan,1,0,0.0
2026-08-07T09:55:36,Volkswagen,Passat Sw,8,0,0.0
2026-08-07T09:55:36,Volkswagen,Polo,107,0,0.0
2026-08-07T09:55:36,Volkswagen,T-Cross,54,0,0.0
2026-08-07T09:55:36,Volkswagen,T-Roc,123,0,0.0
2026-08-07T09:55:36,Volkswagen,T-Roc Cabriolet,7,0,0.0
2026-08-07T09:55:36,Volkswagen,Taigo,47,0,0.0
2026-08-07T09:55:36,Volkswagen,Tayron,1,0,0.0
2026-08-07T09:55:36,Volkswagen,Tiguan,75,0,0.0
2026-08-07T09:55:36,Volkswagen,Tiguan Allspace,1,0,0.0
2026-08-07T09:55:36,Volkswagen,Touran,5,0,0.0
2026-08-07T09:55:36,Volkswagen,Transporter,13,1,0.0769
2026-08-07T09:55:36,Volvo,C40,1,1,1.0
2026-08-07T09:55:36,Volvo,Ec40,7,7,1.0
2026-08-07T09:55:36,Volvo,Es90,3,3,1.0
2026-08-07T09:55:36,Volvo,Ex30,13,13,1.0
2026-08-07T09:55:36,Volvo,Ex30 Cross Country,4,4,1.0
2026-08-07T09:55:36,Volvo,Ex40,10,10,1.0
2026-08-07T09:55:36,Volvo,Ex90,1,1,1.0
2026-08-07T09:55:36,Volvo,S60,1,0,0.0
2026-08-07T09:55:36,Volvo,S90,1,0,0.0
2026-08-07T09:55:36,Volvo,V60,15,0,0.0
2026-08-07T09:55:36,Volvo,Xc40,43,6,0.1395
2026-08-07T09:55:36,Volvo,Xc60,43,0,0.0
2026-08-07T09:55:36,Volvo,Xc90,7,0,0.0
2026-08-08T09:31:24,Abarth,500,4,1,0.25
2026-08-08T09:31:24,Abarth,500c,1,1,1.0
2026-08-08T09:31:24,Abarth,600,1,1,1.0
2026-08-08T09:31:24,Alfa Romeo,Giulia,3,0,0.0
2026-08-08T09:31:24,Alfa Romeo,Giulietta,2,0,0.0
2026-08-08T09:31:24,Alfa Romeo,Junior,1,0,0.0
2026-08-08T09:31:24,Alfa Romeo,Stelvio,8,0,0.0
2026-08-08T09:31:24,Alfa Romeo,Tonale,9,0,0.0
2026-08-08T09:31:24,Alpine,A110,25,0,0.0
2026-08-08T09:31:24,Alpine,A290,12,12,1.0
2026-08-08T09:31:24,Alpine,A390,5,5,1.0
2026-08-08T09:31:24,Aston Martin,V8 Vantage,1,0,0.0
2026-08-08T09:31:24,Audi,A1 Allstreet,4,0,0.0
2026-08-08T09:31:24,Audi,A1 Citycarver,1,0,0.0
2026-08-08T09:31:24,Audi,A1 Sportback,67,0,0.0
2026-08-08T09:31:24,Audi,A3,1,0,0.0
2026-08-08T09:31:24,Audi,A3 Allstreet,5,0,0.0
2026-08-08T09:31:24,Audi,A3 Sportback,40,0,0.0
2026-08-08T09:31:24,Audi,A4,2,0,0.0
2026-08-08T09:31:24,Audi,A4 Allroad,1,0,0.0
2026-08-08T09:31:24,Audi,A4 Avant,3,0,0.0
2026-08-08T09:31:24,Audi,A5,2,0,0.0
2026-08-08T09:31:24,Audi,A5 Avant,7,0,0.0
2026-08-08T09:31:24,Audi,A5 Sportback,4,0,0.0
2026-08-08T09:31:24,Audi,A6,2,0,0.0
2026-08-08T09:31:24,Audi,A6 Allroad,3,0,0.0
2026-08-08T09:31:24,Audi,A6 Avant,7,0,0.0
2026-08-08T09:31:24,Audi,A6 Avant E-Tron,2,2,1.0
2026-08-08T09:31:24,Audi,A6 Sportback E-Tron,2,2,1.0
2026-08-08T09:31:24,Audi,A8,1,0,0.0
2026-08-08T09:31:24,Audi,E-Tron Gt,1,1,1.0
2026-08-08T09:31:24,Audi,E-Tron S Sportback,2,2,1.0
2026-08-08T09:31:24,Audi,E-Tron Sportback,1,1,1.0
2026-08-08T09:31:24,Audi,Q2,45,0,0.0
2026-08-08T09:31:24,Audi,Q3,38,0,0.0
2026-08-08T09:31:24,Audi,Q3 Sportback,26,0,0.0
2026-08-08T09:31:24,Audi,Q4 E-Tron,5,5,1.0
2026-08-08T09:31:24,Audi,Q4 Sportback E-Tron,5,5,1.0
2026-08-08T09:31:24,Audi,Q5,21,0,0.0
2026-08-08T09:31:24,Audi,Q5 Sportback,10,0,0.0
2026-08-08T09:31:24,Audi,Q6 E-Tron,4,4,1.0
2026-08-08T09:31:24,Audi,Q6 Sportback E-Tron,4,4,1.0
2026-08-08T09:31:24,Audi,Q7,1,0,0.0
2026-08-08T09:31:24,Audi,Q8,3,0,0.0
2026-08-08T09:31:24,Audi,Q8 E-Tron,1,1,1.0
2026-08-08T09:31:24,Audi,Q8 E-Tron Sportback,1,1,1.0
2026-08-08T09:31:24,Audi,R8 Spyder,1,0,0.0
2026-08-08T09:31:24,Audi,Rs Q3 Sportback,1,0,0.0
2026-08-08T09:31:24,Audi,Rs3 Sportback,1,0,0.0
2026-08-08T09:31:24,Audi,Rs4 Avant,1,0,0.0
2026-08-08T09:31:24,Audi,Rs6 Avant,1,0,0.0
2026-08-08T09:31:24,Audi,S3,1,0,0.0
2026-08-08T09:31:24,Audi,S3 Sportback,2,0,0.0
2026-08-08T09:31:24,Audi,S4 Avant,1,0,0.0
2026-08-08T09:31:24,Audi,S6 Avant E-Tron,2,2,1.0
2026-08-08T09:31:24,Audi,Tt,2,0,0.0
2026-08-08T09:31:24,Audi,Tt Roadster,1,0,0.0
2026-08-08T09:31:24,Bmw,I3,3,3,1.0
2026-08-08T09:31:24,Bmw,I4,33,33,1.0
2026-08-08T09:31:24,Bmw,I8,1,0,0.0
2026-08-08T09:31:24,Bmw,Ix,6,6,1.0
2026-08-08T09:31:24,Bmw,Ix3,3,3,1.0
2026-08-08T09:31:24,Bmw,M2 Coupé,3,0,0.0
2026-08-08T09:31:24,Bmw,M4 Coupé,3,0,0.0
2026-08-08T09:31:24,Bmw,M5,1,0,0.0
2026-08-08T09:31:24,Bmw,Série 1,130,0,0.0
2026-08-08T09:31:24,Bmw,Série 2 Active Tourer,79,0,0.0
2026-08-08T09:31:24,Bmw,Série 2 Coupé,6,0,0.0
2026-08-08T09:31:24,Bmw,Série 2 Gran Coupé,23,0,0.0
2026-08-08T09:31:24,Bmw,Série 2 Gran Tourer,3,0,0.0
2026-08-08T09:31:24,Bmw,Série 3,12,0,0.0
2026-08-08T09:31:24,Bmw,Série 3 Gran Turismo,5,0,0.0
2026-08-08T09:31:24,Bmw,Série 3 Touring,40,0,0.0
2026-08-08T09:31:24,Bmw,Série 4 Cabriolet,6,0,0.0
2026-08-08T09:31:24,Bmw,Série 4 Coupé,14,0,0.0
2026-08-08T09:31:24,Bmw,Série 4 Gran Coupé,26,0,0.0
2026-08-08T09:31:24,Bmw,Série 5,24,6,0.25
2026-08-08T09:31:24,Bmw,Série 5 Touring,12,2,0.1667
2026-08-08T09:31:24,Bmw,Série 7,1,0,0.0
2026-08-08T09:31:24,Bmw,Série 8 Gran Coupé,2,0,0.0
2026-08-08T09:31:24,Bmw,X1,152,30,0.1974
2026-08-08T09:31:24,Bmw,X2,75,9,0.12
2026-08-08T09:31:24,Bmw,X3,75,0,0.0
2026-08-08T09:31:24,Bmw,X4,8,0,0.0
2026-08-08T09:31:24,Bmw,X4 M,2,0,0.0
2026-08-08T09:31:24,Bmw,X5,30,0,0.0
2026-08-08T09:31:24,Bmw,X6,2,0,0.0
2026-08-08T09:31:24,Bmw,Xm,4,0,0.0
2026-08-08T09:31:24,Bmw,Z4 Roadster,8,0,0.0
2026-08-08T09:31:24,Byd,Atto 2,2,2,1.0
2026-08-08T09:31:24,Byd,Atto 3,1,1,1.0
2026-08-08T09:31:24,Byd,Dolphin,1,1,1.0
2026-08-08T09:31:24,Byd,Seal 6 Dm-I,1,0,0.0
2026-08-08T09:31:24,Byd,Seal 6 Dm-I Touring,1,0,0.0
2026-08-08T09:31:24,Byd,Tang,3,3,1.0
2026-08-08T09:31:24,Citroen,Ami,15,15,1.0
2026-08-08T09:31:24,Citroen,Berlingo,15,1,0.0667
2026-08-08T09:31:24,Citroen,Berlingo Van,43,0,0.0
2026-08-08T09:31:24,Citroen,C1,11,0,0.0
2026-08-08T09:31:24,Citroen,C3,704,8,0.0114
2026-08-08T09:31:24,Citroen,C3 Aircross,160,8,0.05
2026-08-08T09:31:24,Citroen,C4,122,31,0.2541
2026-08-08T09:31:24,Citroen,C4 Cactus,16,0,0.0
2026-08-08T09:31:24,Citroen,C4 Picasso,5,0,0.0
2026-08-08T09:31:24,Citroen,C4 Spacetourer,5,0,0.0
2026-08-08T09:31:24,Citroen,C4 X,8,2,0.25
2026-08-08T09:31:24,Citroen,C5,2,0,0.0
2026-08-08T09:31:24,Citroen,C5 Aircross,198,4,0.0202
2026-08-08T09:31:24,Citroen,C5 X,15,0,0.0
2026-08-08T09:31:24,Citroen,Grand C4 Picasso,1,0,0.0
2026-08-08T09:31:24,Citroen,Grand C4 Spacetourer,4,0,0.0
2026-08-08T09:31:24,Citroen,Holidays,1,0,0.0
2026-08-08T09:31:24,Citroen,Jumper,15,0,0.0
2026-08-08T09:31:24,Citroen,Jumpy,34,1,0.0294
2026-08-08T09:31:24,Citroen,Spacetourer,13,0,0.0
2026-08-08T09:31:24,Cupra,Born,2,2,1.0
2026-08-08T09:31:24,Cupra,Formentor,18,0,0.0
2026-08-08T09:31:24,Cupra,Leon,7,0,0.0
2026-08-08T09:31:24,Cupra,Leon St,3,0,0.0
2026-08-08T09:31:24,Cupra,Raval,1,1,1.0
2026-08-08T09:31:24,Cupra,Terramar,4,0,0.0
2026-08-08T09:31:24,Dacia,Bigster,45,0,0.0
2026-08-08T09:31:24,Dacia,Duster,408,0,0.0
2026-08-08T09:31:24,Dacia,Jogger,160,0,0.0
2026-08-08T09:31:24,Dacia,Lodgy,9,0,0.0
2026-08-08T09:31:24,Dacia,Logan,3,0,0.0
2026-08-08T09:31:24,Dacia,Logan Mcv,1,0,0.0
2026-08-08T09:31:24,Dacia,Sandero,666,0,0.0
2026-08-08T09:31:24,Dacia,Spring,198,198,1.0
2026-08-08T09:31:24,Ds,4,12,5,0.4167
2026-08-08T09:31:24,Ds,8,7,7,1.0
2026-08-08T09:31:24,Ds,Ds,3,0,0.0
2026-08-08T09:31:24,Ds,Ds 3,48,14,0.2917
2026-08-08T09:31:24,Ds,Ds 3 Crossback,46,6,0.1304
2026-08-08T09:31:24,Ds,Ds 4,113,0,0.0
2026-08-08T09:31:24,Ds,Ds 7,46,0,0.0
2026-08-08T09:31:24,Ds,Ds 7 Crossback,50,0,0.0
2026-08-08T09:31:24,Ds,Ds 9,1,0,0.0
2026-08-08T09:31:24,Fiat,500,46,23,0.5
2026-08-08T09:31:24,Fiat,500c,7,2,0.2857
2026-08-08T09:31:24,Fiat,500x,22,0,0.0
2026-08-08T09:31:24,Fiat,600,11,2,0.1818
2026-08-08T09:31:24,Fiat,Doblo,1,0,0.0
2026-08-08T09:31:24,Fiat,Doblo Cargo,1,0,0.0
2026-08-08T09:31:24,Fiat,Ducato,5,0,0.0
2026-08-08T09:31:24,Fiat,Grande Panda,3,2,0.6667
2026-08-08T09:31:24,Fiat,Panda,4,0,0.0
2026-08-08T09:31:24,Fiat,Punto,1,0,0.0
2026-08-08T09:31:24,Fiat,Scudo,9,1,0.1111
2026-08-08T09:31:24,Fiat,Talento,1,0,0.0
2026-08-08T09:31:24,Fiat,Tipo,3,0,0.0
2026-08-08T09:31:24,Fiat,Tipo Cross,2,0,0.0
2026-08-08T09:31:24,Ford,B-Max,1,0,0.0
2026-08-08T09:31:24,Ford,Capri,9,9,1.0
2026-08-08T09:31:24,Ford,Ecosport,14,0,0.0
2026-08-08T09:31:24,Ford,Explorer,16,14,0.875
2026-08-08T09:31:24,Ford,Fiesta,42,0,0.0
2026-08-08T09:31:24,Ford,Fiesta Active,2,0,0.0
2026-08-08T09:31:24,Ford,Focus,27,0,0.0
2026-08-08T09:31:24,Ford,Focus Active,1,0,0.0
2026-08-08T09:31:24,Ford,Focus Active Sw,1,0,0.0
2026-08-08T09:31:24,Ford,Focus Sw,2,0,0.0
2026-08-08T09:31:24,Ford,Galaxy,2,0,0.0
2026-08-08T09:31:24,Ford,Kuga,79,0,0.0
2026-08-08T09:31:24,Ford,Mondeo,1,0,0.0
2026-08-08T09:31:24,Ford,Mondeo Sw,2,0,0.0
2026-08-08T09:31:24,Ford,Mustang Mach-E,6,6,1.0
2026-08-08T09:31:24,Ford,Puma,145,18,0.1241
2026-08-08T09:31:24,Ford,Ranger,8,0,0.0
2026-08-08T09:31:24,Ford,S-Max,4,0,0.0
2026-08-08T09:31:24,Ford,Tourneo Connect,1,0,0.0
2026-08-08T09:31:24,Ford,Tourneo Courier,7,1,0.1429
2026-08-08T09:31:24,Ford,Tourneo Custom,4,0,0.0
2026-08-08T09:31:24,Ford,Transit 2t,10,1,0.1
2026-08-08T09:31:24,Ford,Transit Connect,3,0,0.0
2026-08-08T09:31:24,Ford,Transit Courier,4,3,0.75
2026-08-08T09:31:24,Ford,Transit Custom,18,0,0.0
2026-08-08T09:31:24,Ford,Transit Custom Kombi,4,0,0.0
2026-08-08T09:31:24,Ford,Transit Custom Nugget,1,0,0.0
2026-08-08T09:31:24,Honda,Hr-V,1,0,0.0
2026-08-08T09:31:24,Honda,Ny1,1,1,1.0
2026-08-08T09:31:24,Hyundai,Bayon,5,0,0.0
2026-08-08T09:31:24,Hyundai,I10,1,0,0.0
2026-08-08T09:31:24,Hyundai,I20,25,0,0.0
2026-08-08T09:31:24,Hyundai,I30,4,0,0.0
2026-08-08T09:31:24,Hyundai,I30 Fastback,1,0,0.0
2026-08-08T09:31:24,Hyundai,I30 Sw,4,0,0.0
2026-08-08T09:31:24,Hyundai,Ioniq,3,2,0.6667
2026-08-08T09:31:24,Hyundai,Ix20,1,0,0.0
2026-08-08T09:31:24,Hyundai,Kona,22,0,0.0
2026-08-08T09:31:24,Hyundai,Santa Fe,4,0,0.0
2026-08-08T09:31:24,Hyundai,Tucson,47,0,0.0
2026-08-08T09:31:24,Infiniti,Q30,1,0,0.0
2026-08-08T09:31:24,Isuzu,D-Max,1,0,0.0
2026-08-08T09:31:24,Iveco,Daily,2,0,0.0
2026-08-09T09:32:58,Abarth,500,4,1,0.25
2026-08-09T09:32:58,Abarth,500c,1,1,1.0
2026-08-09T09:32:58,Abarth,600,1,1,1.0
2026-08-09T09:32:58,Alfa Romeo,Giulia,3,0,0.0
2026-08-09T09:32:58,Alfa Romeo,Giulietta,2,0,0.0
2026-08-09T09:32:58,Alfa Romeo,Junior,1,0,0.0
2026-08-09T09:32:58,Alfa Romeo,Stelvio,8,0,0.0
2026-08-09T09:32:58,Alfa Romeo,Tonale,9,0,0.0
2026-08-09T09:32:58,Alpine,A110,25,0,0.0
2026-08-09T09:32:58,Alpine,A290,13,13,1.0
2026-08-09T09:32:58,Alpine,A390,6,6,1.0
2026-08-09T09:32:58,Aston Martin,V8 Vantage,1,0,0.0
2026-08-09T09:32:58,Audi,A1 Allstreet,4,0,0.0
2026-08-09T09:32:58,Audi,A1 Citycarver,1,0,0.0
2026-08-09T09:32:58,Audi,A1 Sportback,65,0,0.0
2026-08-09T09:32:58,Audi,A3,1,0,0.0
2026-08-09T09:32:58,Audi,A3 Allstreet,5,0,0.0
2026-08-09T09:32:58,Audi,A3 Sportback,40,0,0.0
2026-08-09T09:32:58,Audi,A4,2,0,0.0
2026-08-09T09:32:58,Audi,A4 Allroad,1,0,0.0
2026-08-09T09:32:58,Audi,A4 Avant,3,0,0.0
2026-08-09T09:32:58,Audi,A5,2,0,0.0
2026-08-09T09:32:58,Audi,A5 Avant,7,0,0.0
2026-08-09T09:32:58,Audi,A5 Sportback,3,0,0.0
2026-08-09T09:32:58,Audi,A6,2,0,0.0
2026-08-09T09:32:58,Audi,A6 Allroad,3,0,0.0
2026-08-09T09:32:58,Audi,A6 Avant,7,0,0.0
2026-08-09T09:32:58,Audi,A6 Avant E-Tron,2,2,1.0
2026-08-09T09:32:58,Audi,A6 Sportback E-Tron,2,2,1.0
2026-08-09T09:32:58,Audi,A8,1,0,0.0
2026-08-09T09:32:58,Audi,E-Tron Gt,1,1,1.0
2026-08-09T09:32:58,Audi,E-Tron S Sportback,2,2,1.0
2026-08-09T09:32:58,Audi,E-Tron Sportback,1,1,1.0
2026-08-09T09:32:58,Audi,Q2,46,0,0.0
2026-08-09T09:32:58,Audi,Q3,37,0,0.0
2026-08-09T09:32:58,Audi,Q3 Sportback,25,0,0.0
2026-08-09T09:32:58,Audi,Q4 E-Tron,5,5,1.0
2026-08-09T09:32:58,Audi,Q4 Sportback E-Tron,5,5,1.0
2026-08-09T09:32:58,Audi,Q5,20,0,0.0
2026-08-09T09:32:58,Audi,Q5 Sportback,11,0,0.0
2026-08-09T09:32:58,Audi,Q6 E-Tron,4,4,1.0
2026-08-09T09:32:58,Audi,Q6 Sportback E-Tron,4,4,1.0
2026-08-09T09:32:58,Audi,Q7,1,0,0.0
2026-08-09T09:32:58,Audi,Q8,3,0,0.0
2026-08-09T09:32:58,Audi,Q8 E-Tron,1,1,1.0
2026-08-09T09:32:58,Audi,Q8 E-Tron Sportback,1,1,1.0
2026-08-09T09:32:58,Audi,R8 Spyder,1,0,0.0
2026-08-09T09:32:58,Audi,Rs Q3 Sportback,1,0,0.0
2026-08-09T09:32:58,Audi,Rs3 Sportback,1,0,0.0
2026-08-09T09:32:58,Audi,Rs4 Avant,1,0,0.0
2026-08-09T09:32:58,Audi,Rs6 Avant,1,0,0.0
2026-08-09T09:32:58,Audi,S3,1,0,0.0
2026-08-09T09:32:58,Audi,S3 Sportback,2,0,0.0
2026-08-09T09:32:58,Audi,S4 Avant,1,0,0.0
2026-08-09T09:32:58,Audi,S6 Avant E-Tron,2,2,1.0
2026-08-09T09:32:58,Audi,Tt,2,0,0.0
2026-08-09T09:32:58,Audi,Tt Roadster,1,0,0.0
2026-08-09T09:32:58,Bmw,I3,2,2,1.0
2026-08-09T09:32:58,Bmw,I4,33,33,1.0
2026-08-09T09:32:58,Bmw,I8,1,0,0.0
2026-08-09T09:32:58,Bmw,Ix,4,4,1.0
2026-08-09T09:32:58,Bmw,Ix3,3,3,1.0
2026-08-09T09:32:58,Bmw,M2 Coupé,3,0,0.0
2026-08-09T09:32:58,Bmw,M4 Coupé,3,0,0.0
2026-08-09T09:32:58,Bmw,M5,1,0,0.0
2026-08-09T09:32:58,Bmw,Série 1,133,0,0.0
2026-08-09T09:32:58,Bmw,Série 2 Active Tourer,79,0,0.0
2026-08-09T09:32:58,Bmw,Série 2 Coupé,6,0,0.0
2026-08-09T09:32:58,Bmw,Série 2 Gran Coupé,23,0,0.0
2026-08-09T09:32:58,Bmw,Série 2 Gran Tourer,3,0,0.0
2026-08-09T09:32:58,Bmw,Série 3,12,0,0.0
2026-08-09T09:32:58,Bmw,Série 3 Gran Turismo,5,0,0.0
2026-08-09T09:32:58,Bmw,Série 3 Touring,39,0,0.0
2026-08-09T09:32:58,Bmw,Série 4 Cabriolet,6,0,0.0
2026-08-09T09:32:58,Bmw,Série 4 Coupé,14,0,0.0
2026-08-09T09:32:58,Bmw,Série 4 Gran Coupé,26,0,0.0
2026-08-09T09:32:58,Bmw,Série 5,24,6,0.25
2026-08-09T09:32:58,Bmw,Série 5 Touring,12,2,0.1667
2026-08-09T09:32:58,Bmw,Série 7,1,0,0.0
2026-08-09T09:32:58,Bmw,Série 8 Gran Coupé,2,0,0.0
2026-08-09T09:32:58,Bmw,X1,150,30,0.2
2026-08-09T09:32:58,Bmw,X2,74,9,0.1216
2026-08-09T09:32:58,Bmw,X3,75,0,0.0
2026-08-09T09:32:58,Bmw,X4,7,0,0.0
2026-08-09T09:32:58,Bmw,X4 M,2,0,0.0
2026-08-09T09:32:58,Bmw,X5,30,0,0.0
2026-08-09T09:32:58,Bmw,X6,2,0,0.0
2026-08-09T09:32:58,Bmw,Xm,4,0,0.0
2026-08-09T09:32:58,Bmw,Z4 Roadster,8,0,0.0
2026-08-09T09:32:58,Byd,Atto 2,2,2,1.0
2026-08-09T09:32:58,Byd,Atto 3,1,1,1.0
2026-08-09T09:32:58,Byd,Dolphin,1,1,1.0
2026-08-09T09:32:58,Byd,Seal 6 Dm-I,1,0,0.0
2026-08-09T09:32:58,Byd,Seal 6 Dm-I Touring,1,0,0.0
2026-08-09T09:32:58,Byd,Tang,3,3,1.0
2026-08-09T09:32:58,Citroen,Ami,15,15,1.0
2026-08-09T09:32:58,Citroen,Berlingo,14,1,0.0714
2026-08-09T09:32:58,Citroen,Berlingo Van,46,0,0.0
2026-08-09T09:32:58,Citroen,C1,11,0,0.0
2026-08-09T09:32:58,Citroen,C3,701,8,0.0114
2026-08-09T09:32:58,Citroen,C3 Aircross,157,8,0.051
2026-08-09T09:32:58,Citroen,C4,124,30,0.2419
2026-08-09T09:32:58,Citroen,C4 Cactus,16,0,0.0
2026-08-09T09:32:58,Citroen,C4 Picasso,5,0,0.0
2026-08-09T09:32:58,Citroen,C4 Spacetourer,4,0,0.0
2026-08-09T09:32:58,Citroen,C4 X,8,3,0.375
2026-08-09T09:32:58,Citroen,C5,2,0,0.0
2026-08-09T09:32:58,Citroen,C5 Aircross,195,4,0.0205
2026-08-09T09:32:58,Citroen,C5 X,15,0,0.0
2026-08-09T09:32:58,Citroen,Grand C4 Picasso,1,0,0.0
2026-08-09T09:32:58,Citroen,Grand C4 Spacetourer,4,0,0.0
2026-08-09T09:32:58,Citroen,Holidays,1,0,0.0
2026-08-09T09:32:58,Citroen,Jumper,15,0,0.0
2026-08-09T09:32:58,Citroen,Jumpy,34,1,0.0294
2026-08-09T09:32:58,Citroen,Spacetourer,13,0,0.0
2026-08-09T09:32:58,Cupra,Born,2,2,1.0
2026-08-09T09:32:58,Cupra,Formentor,18,0,0.0
2026-08-09T09:32:58,Cupra,Leon,6,0,0.0
2026-08-09T09:32:58,Cupra,Leon St,3,0,0.0
2026-08-09T09:32:58,Cupra,Raval,1,1,1.0
2026-08-09T09:32:58,Cupra,Terramar,4,0,0.0
2026-08-09T09:32:58,Dacia,Bigster,44,0,0.0
2026-08-09T09:32:58,Dacia,Duster,413,0,0.0
2026-08-09T09:32:58,Dacia,Jogger,159,0,0.0
2026-08-09T09:32:58,Dacia,Lodgy,9,0,0.0
2026-08-09T09:32:58,Dacia,Logan,3,0,0.0
2026-08-09T09:32:58,Dacia,Logan Mcv,1,0,0.0
2026-08-09T09:32:58,Dacia,Sandero,673,0,0.0
2026-08-09T09:32:58,Dacia,Spring,194,194,1.0
2026-08-09T09:32:58,Ds,4,13,6,0.4615
2026-08-09T09:32:58,Ds,8,7,7,1.0
2026-08-09T09:32:58,Ds,Ds,3,0,0.0
2026-08-09T09:32:58,Ds,Ds 3,46,13,0.2826
2026-08-09T09:32:58,Ds,Ds 3 Crossback,47,7,0.1489
2026-08-09T09:32:58,Ds,Ds 4,115,0,0.0
2026-08-09T09:32:58,Ds,Ds 7,46,0,0.0
2026-08-09T09:32:58,Ds,Ds 7 Crossback,50,0,0.0
2026-08-09T09:32:58,Ds,Ds 9,1,0,0.0
2026-08-09T09:32:58,Fiat,500,46,24,0.5217
2026-08-09T09:32:58,Fiat,500c,8,2,0.25
2026-08-09T09:32:58,Fiat,500x,23,0,0.0
2026-08-09T09:32:58,Fiat,600,11,2,0.1818
2026-08-09T09:32:58,Fiat,Doblo,1,0,0.0
2026-08-09T09:32:58,Fiat,Doblo Cargo,1,0,0.0
2026-08-09T09:32:58,Fiat,Ducato,5,0,0.0
2026-08-09T09:32:58,Fiat,Grande Panda,3,2,0.6667
2026-08-09T09:32:58,Fiat,Panda,4,0,0.0
2026-08-09T09:32:58,Fiat,Punto,1,0,0.0
2026-08-09T09:32:58,Fiat,Scudo,9,1,0.1111
2026-08-09T09:32:58,Fiat,Talento,1,0,0.0
2026-08-09T09:32:58,Fiat,Tipo,3,0,0.0
2026-08-09T09:32:58,Fiat,Tipo Cross,2,0,0.0
2026-08-09T09:32:58,Ford,B-Max,1,0,0.0
2026-08-09T09:32:58,Ford,Capri,9,9,1.0
2026-08-09T09:32:58,Ford,Ecosport,15,0,0.0
2026-08-09T09:32:58,Ford,Explorer,16,14,0.875
2026-08-09T09:32:58,Ford,Fiesta,42,0,0.0
2026-08-09T09:32:58,Ford,Fiesta Active,2,0,0.0
2026-08-09T09:32:58,Ford,Focus,27,0,0.0
2026-08-09T09:32:58,Ford,Focus Active,1,0,0.0
2026-08-09T09:32:58,Ford,Focus Active Sw,1,0,0.0
2026-08-09T09:32:58,Ford,Focus Sw,2,0,0.0
2026-08-09T09:32:58,Ford,Galaxy,2,0,0.0
2026-08-09T09:32:58,Ford,Kuga,83,0,0.0
2026-08-09T09:32:58,Ford,Mondeo,1,0,0.0
2026-08-09T09:32:58,Ford,Mondeo Sw,2,0,0.0
2026-08-09T09:32:58,Ford,Mustang Mach-E,8,8,1.0
2026-08-09T09:32:58,Ford,Puma,141,18,0.1277
2026-08-09T09:32:58,Ford,Ranger,9,0,0.0
2026-08-09T09:32:58,Ford,S-Max,4,0,0.0
2026-08-09T09:32:58,Ford,Tourneo Connect,1,0,0.0
2026-08-09T09:32:58,Ford,Tourneo Courier,6,1,0.1667
2026-08-09T09:32:58,Ford,Tourneo Custom,4,0,0.0
2026-08-09T09:32:58,Ford,Transit 2t,10,1,0.1
2026-08-09T09:32:58,Ford,Transit Connect,3,0,0.0
2026-08-09T09:32:58,Ford,Transit Courier,4,3,0.75
2026-08-09T09:32:58,Ford,Transit Custom,18,0,0.0
2026-08-09T09:32:58,Ford,Transit Custom Kombi,4,0,0.0
2026-08-09T09:32:58,Ford,Transit Custom Nugget,1,0,0.0
2026-08-09T09:32:58,Honda,Hr-V,1,0,0.0
2026-08-09T09:32:58,Honda,Ny1,1,1,1.0
2026-08-09T09:32:58,Hyundai,Bayon,5,0,0.0
2026-08-09T09:32:58,Hyundai,I10,1,0,0.0
2026-08-09T09:32:58,Hyundai,I20,25,0,0.0
2026-08-09T09:32:58,Hyundai,I30,4,0,0.0
2026-08-09T09:32:58,Hyundai,I30 Fastback,1,0,0.0
2026-08-09T09:32:58,Hyundai,I30 Sw,4,0,0.0
2026-08-09T09:32:58,Hyundai,Ioniq,3,2,0.6667
2026-08-09T09:32:58,Hyundai,Ix20,1,0,0.0
2026-08-09T09:32:58,Hyundai,Kona,22,0,0.0
2026-08-09T09:32:58,Hyundai,Santa Fe,4,0,0.0
2026-08-09T09:32:58,Hyundai,Tucson,46,0,0.0
2026-08-09T09:32:58,Infiniti,Q30,1,0,0.0
2026-08-09T09:32:58,Suzuki,Across,1,0,0.0
2026-08-09T09:32:58,Suzuki,E Vitara,2,2,1.0
2026-08-09T09:32:58,Suzuki,Ignis,5,0,0.0
2026-08-09T09:32:58,Suzuki,S-Cross,14,0,0.0
2026-08-09T09:32:58,Suzuki,Swace,1,0,0.0
2026-08-09T09:32:58,Suzuki,Swift,33,0,0.0
2026-08-09T09:32:58,Suzuki,Vitara,24,1,0.0417
2026-08-09T09:32:58,Tesla,Model 3,3,3,1.0
2026-08-09T09:32:58,Tesla,Model Y,1,1,1.0
2026-08-09T09:32:58,Toyota,Auris Touring Sports,1,0,0.0
2026-08-09T09:32:58,Toyota,Aygo,13,0,0.0
2026-08-09T09:32:58,Toyota,Aygo X,85,0,0.0
2026-08-09T09:32:58,Toyota,Bz4x,1,1,1.0
2026-08-09T09:32:58,Toyota,Bz4x Touring,2,2,1.0
2026-08-09T09:32:58,Toyota,C-Hr,77,0,0.0
2026-08-09T09:32:58,Toyota,C-Hr et plus,2,2,1.0
2026-08-09T09:32:58,Toyota,Corolla,21,0,0.0
2026-08-09T09:32:58,Toyota,Corolla Touring Sports,15,0,0.0
2026-08-09T09:32:58,Toyota,Hilux,3,0,0.0
2026-08-09T09:32:58,Toyota,Prius,2,0,0.0
2026-08-09T09:32:58,Toyota,Prius Hybride Rechargeable,1,0,0.0
2026-08-09T09:32:58,Toyota,Proace,5,2,0.4
2026-08-09T09:32:58,Toyota,Proace City,1,0,0.0
2026-08-09T09:32:58,Toyota,Proace City Verso,1,0,0.0
2026-08-09T09:32:58,Toyota,Proace Max,1,0,0.0
2026-08-09T09:32:58,Toyota,Rav4,17,0,0.0
2026-08-09T09:32:58,Toyota,Yaris,182,0,0.0
2026-08-09T09:32:58,Toyota,Yaris Cross,109,0,0.0
2026-08-09T09:32:58,Volkswagen,3,15,15,1.0
2026-08-09T09:32:58,Volkswagen,3 Neo,2,2,1.0
2026-08-09T09:32:58,Volkswagen,4,9,9,1.0
2026-08-09T09:32:58,Volkswagen,5,4,4,1.0
2026-08-09T09:32:58,Volkswagen,7,1,1,1.0
2026-08-09T09:32:58,Volkswagen,Arteon,2,0,0.0
2026-08-09T09:32:58,Volkswagen,Buzz,4,4,1.0
2026-08-09T09:32:58,Volkswagen,Caddy,1,0,0.0
2026-08-09T09:32:58,Volkswagen,Caddy Cargo,2,0,0.0
2026-08-09T09:32:58,Volkswagen,Caddy Maxi,1,0,0.0
2026-08-09T09:32:58,Volkswagen,Caddy Van,2,0,0.0
2026-08-09T09:32:58,Volkswagen,Caravelle,3,2,0.6667
2026-08-09T09:32:58,Volkswagen,Coccinelle,1,0,0.0
2026-08-09T09:32:58,Volkswagen,Crafter,4,0,0.0
2026-08-09T09:32:58,Volkswagen,Golf,63,0,0.0
2026-08-09T09:32:58,Volkswagen,Golf Sportsvan,1,0,0.0
2026-08-09T09:32:58,Volkswagen,Golf Sw,5,0,0.0
2026-08-09T09:32:58,Volkswagen,Multivan,1,0,0.0
2026-08-09T09:32:58,Volkswagen,Passat Sw,8,0,0.0
2026-08-09T09:32:58,Volkswagen,Polo,108,0,0.0
2026-08-09T09:32:58,Volkswagen,T-Cross,53,0,0.0
2026-08-09T09:32:58,Volkswagen,T-Roc,125,0,0.0
2026-08-09T09:32:58,Volkswagen,T-Roc Cabriolet,6,0,0.0
2026-08-09T09:32:58,Volkswagen,Taigo,50,0,0.0
2026-08-09T09:32:58,Volkswagen,Tayron,1,0,0.0
2026-08-09T09:32:58,Volkswagen,Tiguan,78,0,0.0
2026-08-09T09:32:58,Volkswagen,Tiguan Allspace,1,0,0.0
2026-08-09T09:32:58,Volkswagen,Touran,5,0,0.0
2026-08-09T09:32:58,Volkswagen,Transporter,13,1,0.0769
2026-08-09T09:32:58,Volvo,C40,1,1,1.0
2026-08-09T09:32:58,Volvo,Ec40,7,7,1.0
2026-08-09T09:32:58,Volvo,Es90,3,3,1.0
2026-08-09T09:32:58,Volvo,Ex30,13,13,1.0
2026-08-09T09:32:58,Volvo,Ex30 Cross Country,5,5,1.0
2026-08-09T09:32:58,Volvo,Ex40,10,10,1.0
2026-08-09T09:32:58,Volvo,Ex90,1,1,1.0
2026-08-09T09:32:58,Volvo,S60,1,0,0.0
2026-08-09T09:32:58,Volvo,S90,1,0,0.0
2026-08-09T09:32:58,Volvo,V60,16,0,0.0
2026-08-09T09:32:58,Volvo,Xc40,47,8,0.1702
2026-08-09T09:32:58,Volvo,Xc60,42,0,0.0
2026-08-09T09:32:58,Volvo,Xc90,8,0,0.0
2026-08-10T10:12:30,Abarth,500,4,1,0.25
2026-08-10T10:12:30,Abarth,500c,1,1,1.0
2026-08-10T10:12:30,Abarth,600,1,1,1.0
2026-08-10T10:12:30,Alfa Romeo,Giulia,3,0,0.0
2026-08-10T10:12:30,Alfa Romeo,Giulietta,2,0,0.0
2026-08-10T10:12:30,Alfa Romeo,Junior,1,0,0.0
2026-08-10T10:12:30,Alfa Romeo,Stelvio,8,0,0.0
2026-08-10T10:12:30,Alfa Romeo,Tonale,9,0,0.0
2026-08-10T10:12:30,Alpine,A110,25,0,0.0
2026-08-10T10:12:30,Alpine,A290,13,13,1.0
2026-08-10T10:12:30,Alpine,A390,6,6,1.0
2026-08-10T10:12:30,Aston Martin,V8 Vantage,1,0,0.0
2026-08-10T10:12:30,Audi,A1 Allstreet,4,0,0.0
2026-08-10T10:12:30,Audi,A1 Citycarver,1,0,0.0
2026-08-10T10:12:30,Audi,A1 Sportback,65,0,0.0
2026-08-10T10:12:30,Audi,A3,1,0,0.0
2026-08-10T10:12:30,Audi,A3 Allstreet,5,0,0.0
2026-08-10T10:12:30,Audi,A3 Sportback,40,0,0.0
2026-08-10T10:12:30,Audi,A4,2,0,0.0
2026-08-10T10:12:30,Audi,A4 Allroad,1,0,0.0
2026-08-10T10:12:30,Audi,A4 Avant,3,0,0.0
2026-08-10T10:12:30,Audi,A5,2,0,0.0
2026-08-10T10:12:30,Audi,A5 Avant,7,0,0.0
2026-08-10T10:12:30,Audi,A5 Sportback,3,0,0.0
2026-08-10T10:12:30,Audi,A6,2,0,0.0
2026-08-10T10:12:30,Audi,A6 Allroad,3,0,0.0
2026-08-10T10:12:30,Audi,A6 Avant,7,0,0.0
2026-08-10T10:12:30,Audi,A6 Avant E-Tron,2,2,1.0
2026-08-10T10:12:30,Audi,A6 Sportback E-Tron,2,2,1.0
2026-08-10T10:12:30,Audi,A8,1,0,0.0
2026-08-10T10:12:30,Audi,E-Tron Gt,1,1,1.0
2026-08-10T10:12:30,Audi,E-Tron S Sportback,2,2,1.0
2026-08-10T10:12:30,Audi,E-Tron Sportback,1,1,1.0
2026-08-10T10:12:30,Audi,Q2,45,0,0.0
2026-08-10T10:12:30,Audi,Q3,37,0,0.0
2026-08-10T10:12:30,Audi,Q3 Sportback,25,0,0.0
2026-08-10T10:12:30,Audi,Q4 E-Tron,5,5,1.0
2026-08-10T10:12:30,Audi,Q4 Sportback E-Tron,5,5,1.0
2026-08-10T10:12:30,Audi,Q5,20,0,0.0
2026-08-10T10:12:30,Audi,Q5 Sportback,11,0,0.0
2026-08-10T10:12:30,Audi,Q6 E-Tron,4,4,1.0
2026-08-10T10:12:30,Audi,Q6 Sportback E-Tron,4,4,1.0
2026-08-10T10:12:30,Audi,Q7,1,0,0.0
2026-08-10T10:12:30,Audi,Q8,3,0,0.0
2026-08-10T10:12:30,Audi,Q8 E-Tron,1,1,1.0
2026-08-10T10:12:30,Audi,Q8 E-Tron Sportback,1,1,1.0
2026-08-10T10:12:30,Audi,R8 Spyder,1,0,0.0
2026-08-10T10:12:30,Audi,Rs Q3 Sportback,1,0,0.0
2026-08-10T10:12:30,Audi,Rs3 Sportback,1,0,0.0
2026-08-10T10:12:30,Audi,Rs4 Avant,1,0,0.0
2026-08-10T10:12:30,Audi,Rs6 Avant,1,0,0.0
2026-08-10T10:12:30,Audi,S3,1,0,0.0
2026-08-10T10:12:30,Audi,S3 Sportback,2,0,0.0
2026-08-10T10:12:30,Audi,S4 Avant,1,0,0.0
2026-08-10T10:12:30,Audi,S6 Avant E-Tron,2,2,1.0
2026-08-10T10:12:30,Audi,Tt,2,0,0.0
2026-08-10T10:12:30,Audi,Tt Roadster,1,0,0.0
2026-08-10T10:12:30,Bmw,I3,2,2,1.0
2026-08-10T10:12:30,Bmw,I4,33,33,1.0
2026-08-10T10:12:30,Bmw,I8,1,0,0.0
2026-08-10T10:12:30,Bmw,Ix,4,4,1.0
2026-08-10T10:12:30,Bmw,Ix3,3,3,1.0
2026-08-10T10:12:30,Bmw,M2 Coupé,3,0,0.0
2026-08-10T10:12:30,Bmw,M4 Coupé,3,0,0.0
2026-08-10T10:12:30,Bmw,M5,1,0,0.0
2026-08-10T10:12:30,Bmw,Série 1,133,0,0.0
2026-08-10T10:12:30,Bmw,Série 2 Active Tourer,79,0,0.0
2026-08-10T10:12:30,Bmw,Série 2 Coupé,6,0,0.0
2026-08-10T10:12:30,Bmw,Série 2 Gran Coupé,23,0,0.0
2026-08-10T10:12:30,Bmw,Série 2 Gran Tourer,3,0,0.0
2026-08-10T10:12:30,Bmw,Série 3,13,0,0.0
2026-08-10T10:12:30,Bmw,Série 3 Gran Turismo,5,0,0.0
2026-08-10T10:12:30,Bmw,Série 3 Touring,39,0,0.0
2026-08-10T10:12:30,Bmw,Série 4 Cabriolet,6,0,0.0
2026-08-10T10:12:30,Bmw,Série 4 Coupé,14,0,0.0
2026-08-10T10:12:30,Bmw,Série 4 Gran Coupé,26,0,0.0
2026-08-10T10:12:30,Bmw,Série 5,24,6,0.25
2026-08-10T10:12:30,Bmw,Série 5 Touring,12,2,0.1667
2026-08-10T10:12:30,Bmw,Série 7,1,0,0.0
2026-08-10T10:12:30,Bmw,Série 8 Gran Coupé,2,0,0.0
2026-08-10T10:12:30,Bmw,X1,150,30,0.2
2026-08-10T10:12:30,Bmw,X2,74,9,0.1216
2026-08-10T10:12:30,Bmw,X3,75,0,0.0
2026-08-10T10:12:30,Bmw,X4,7,0,0.0
2026-08-10T10:12:30,Bmw,X4 M,2,0,0.0
2026-08-10T10:12:30,Bmw,X5,30,0,0.0
2026-08-10T10:12:30,Bmw,X6,2,0,0.0
2026-08-10T10:12:30,Bmw,Xm,4,0,0.0
2026-08-10T10:12:30,Bmw,Z4 Roadster,8,0,0.0
2026-08-10T10:12:30,Byd,Atto 2,2,2,1.0
2026-08-10T10:12:30,Byd,Atto 3,1,1,1.0
2026-08-10T10:12:30,Byd,Dolphin,1,1,1.0
2026-08-10T10:12:30,Byd,Seal 6 Dm-I,1,0,0.0
2026-08-10T10:12:30,Byd,Seal 6 Dm-I Touring,1,0,0.0
2026-08-10T10:12:30,Byd,Tang,3,3,1.0
2026-08-10T10:12:30,Citroen,Ami,15,15,1.0
2026-08-10T10:12:30,Citroen,Berlingo,14,1,0.0714
2026-08-10T10:12:30,Citroen,Berlingo Van,46,0,0.0
2026-08-10T10:12:30,Citroen,C1,12,0,0.0
2026-08-10T10:12:30,Citroen,C3,702,8,0.0114
2026-08-10T10:12:30,Citroen,C3 Aircross,159,8,0.0503
2026-08-10T10:12:30,Citroen,C4,127,30,0.2362
2026-08-10T10:12:30,Citroen,C4 Cactus,16,0,0.0
2026-08-10T10:12:30,Citroen,C4 Picasso,6,0,0.0
2026-08-10T10:12:30,Citroen,C4 Spacetourer,4,0,0.0
2026-08-10T10:12:30,Citroen,C4 X,8,3,0.375
2026-08-10T10:12:30,Citroen,C5,2,0,0.0
2026-08-10T10:12:30,Citroen,C5 Aircross,199,4,0.0201
2026-08-10T10:12:30,Citroen,C5 X,15,0,0.0
2026-08-10T10:12:30,Citroen,Grand C4 Picasso,1,0,0.0
2026-08-10T10:12:30,Citroen,Grand C4 Spacetourer,4,0,0.0
2026-08-10T10:12:30,Citroen,Holidays,1,0,0.0
2026-08-10T10:12:30,Citroen,Jumper,15,0,0.0
2026-08-10T10:12:30,Citroen,Jumpy,34,1,0.0294
2026-08-10T10:12:30,Citroen,Spacetourer,13,0,0.0
2026-08-10T10:12:30,Cupra,Born,2,2,1.0
2026-08-10T10:12:30,Cupra,Formentor,18,0,0.0
2026-08-10T10:12:30,Cupra,Leon,6,0,0.0
2026-08-10T10:12:30,Cupra,Leon St,3,0,0.0
2026-08-10T10:12:30,Cupra,Raval,1,1,1.0
2026-08-10T10:12:30,Cupra,Terramar,4,0,0.0
2026-08-10T10:12:30,Dacia,Bigster,44,0,0.0
2026-08-10T10:12:30,Dacia,Duster,414,0,0.0
2026-08-10T10:12:30,Dacia,Jogger,159,0,0.0
2026-08-10T10:12:30,Dacia,Lodgy,9,0,0.0
2026-08-10T10:12:30,Dacia,Logan,3,0,0.0
2026-08-10T10:12:30,Dacia,Logan Mcv,1,0,0.0
2026-08-10T10:12:30,Dacia,Sandero,676,0,0.0
2026-08-10T10:12:30,Dacia,Spring,195,195,1.0
2026-08-10T10:12:30,Ds,4,13,6,0.4615
2026-08-10T10:12:30,Ds,8,7,7,1.0
2026-08-10T10:12:30,Ds,Ds,3,0,0.0
2026-08-10T10:12:30,Ds,Ds 3,45,13,0.2889
2026-08-10T10:12:30,Ds,Ds 3 Crossback,47,7,0.1489
2026-08-10T10:12:30,Ds,Ds 4,115,0,0.0
2026-08-10T10:12:30,Ds,Ds 7,46,0,0.0
2026-08-10T10:12:30,Ds,Ds 7 Crossback,50,0,0.0
2026-08-10T10:12:30,Ds,Ds 9,1,0,0.0
2026-08-10T10:12:30,Fiat,500,46,23,0.5
2026-08-10T10:12:30,Fiat,500c,8,2,0.25
2026-08-10T10:12:30,Fiat,500x,22,0,0.0
2026-08-10T10:12:30,Fiat,600,11,2,0.1818
2026-08-10T10:12:30,Fiat,Doblo,1,0,0.0
2026-08-10T10:12:30,Fiat,Doblo Cargo,1,0,0.0
2026-08-10T10:12:30,Fiat,Ducato,5,0,0.0
2026-08-10T10:12:30,Fiat,Grande Panda,3,2,0.6667
2026-08-10T10:12:30,Fiat,Panda,4,0,0.0
2026-08-10T10:12:30,Fiat,Punto,1,0,0.0
2026-08-10T10:12:30,Fiat,Scudo,9,1,0.1111
2026-08-10T10:12:30,Fiat,Talento,1,0,0.0
2026-08-10T10:12:30,Fiat,Tipo,3,0,0.0
2026-08-10T10:12:30,Fiat,Tipo Cross,2,0,0.0
2026-08-10T10:12:30,Ford,B-Max,1,1,1.0
2026-08-10T10:12:30,Ford,Capri,9,9,1.0
2026-08-10T10:12:30,Ford,Ecosport,15,15,1.0
2026-08-10T10:12:30,Ford,Explorer,16,16,1.0
2026-08-10T10:12:30,Ford,Fiesta,42,42,1.0
2026-08-10T10:12:30,Ford,Fiesta Active,2,2,1.0
2026-08-10T10:12:30,Ford,Focus,27,27,1.0
2026-08-10T10:12:30,Ford,Focus Active,1,1,1.0
2026-08-10T10:12:30,Ford,Focus Active Sw,1,1,1.0
2026-08-10T10:12:30,Ford,Focus Sw,2,2,1.0
2026-08-10T10:12:30,Ford,Galaxy,2,2,1.0
2026-08-10T10:12:30,Ford,Kuga,83,83,1.0
2026-08-10T10:12:30,Ford,Mondeo,1,1,1.0
2026-08-10T10:12:30,Ford,Mondeo Sw,2,2,1.0
2026-08-10T10:12:30,Ford,Mustang Mach-E,8,8,1.0
2026-08-10T10:12:30,Ford,Puma,141,141,1.0
2026-08-10T10:12:30,Ford,Ranger,9,9,1.0
2026-08-10T10:12:30,Ford,S-Max,4,4,1.0
2026-08-10T10:12:30,Ford,Tourneo Connect,1,1,1.0
2026-08-10T10:12:30,Ford,Tourneo Courier,6,6,1.0
2026-08-10T10:12:30,Ford,Tourneo Custom,4,4,1.0
2026-08-10T10:12:30,Ford,Transit 2t,10,10,1.0
2026-08-10T10:12:30,Ford,Transit Connect,3,3,1.0
2026-08-10T10:12:30,Ford,Transit Courier,4,4,1.0
2026-08-10T10:12:30,Ford,Transit Custom,18,18,1.0
2026-08-10T10:12:30,Ford,Transit Custom Kombi,4,4,1.0
2026-08-10T10:12:30,Ford,Transit Custom Nugget,1,1,1.0
2026-08-11T09:55:00,Abarth,500,4,1,0.25
2026-08-11T09:55:00,Abarth,500c,1,1,1.0
2026-08-11T09:55:00,Abarth,600,1,1,1.0
2026-08-11T09:55:00,Alfa Romeo,Giulia,3,0,0.0
2026-08-11T09:55:00,Alfa Romeo,Giulietta,2,0,0.0
2026-08-11T09:55:00,Alfa Romeo,Junior,1,0,0.0
2026-08-11T09:55:00,Alfa Romeo,Stelvio,8,0,0.0
2026-08-11T09:55:00,Alfa Romeo,Tonale,9,0,0.0
2026-08-11T09:55:00,Alpine,A110,24,0,0.0
2026-08-11T09:55:00,Alpine,A290,13,13,1.0
2026-08-11T09:55:00,Alpine,A390,6,6,1.0
2026-08-11T09:55:00,Aston Martin,V8 Vantage,1,0,0.0
2026-08-11T09:55:00,Audi,A1 Allstreet,4,0,0.0
2026-08-11T09:55:00,Audi,A1 Citycarver,1,0,0.0
2026-08-11T09:55:00,Audi,A1 Sportback,64,0,0.0
2026-08-11T09:55:00,Audi,A3,1,0,0.0
2026-08-11T09:55:00,Audi,A3 Allstreet,5,0,0.0
2026-08-11T09:55:00,Audi,A3 Sportback,39,0,0.0
2026-08-11T09:55:00,Audi,A4,2,0,0.0
2026-08-11T09:55:00,Audi,A4 Allroad,1,0,0.0
2026-08-11T09:55:00,Audi,A4 Avant,3,0,0.0
2026-08-11T09:55:00,Audi,A5,2,0,0.0
2026-08-11T09:55:00,Audi,A5 Avant,7,0,0.0
2026-08-11T09:55:00,Audi,A5 Sportback,3,0,0.0
2026-08-11T09:55:00,Audi,A6,2,0,0.0
2026-08-11T09:55:00,Audi,A6 Allroad,3,0,0.0
2026-08-11T09:55:00,Audi,A6 Avant,7,0,0.0
2026-08-11T09:55:00,Audi,A6 Avant E-Tron,2,2,1.0
2026-08-11T09:55:00,Audi,A6 Sportback E-Tron,1,1,1.0
2026-08-11T09:55:00,Audi,A8,1,0,0.0
2026-08-11T09:55:00,Audi,E-Tron Gt,1,1,1.0
2026-08-11T09:55:00,Audi,E-Tron S Sportback,2,2,1.0
2026-08-11T09:55:00,Audi,E-Tron Sportback,1,1,1.0
2026-08-11T09:55:00,Audi,Q2,46,0,0.0
2026-08-11T09:55:00,Audi,Q3,36,0,0.0
2026-08-11T09:55:00,Audi,Q3 Sportback,24,0,0.0
2026-08-11T09:55:00,Audi,Q4 E-Tron,5,5,1.0
2026-08-11T09:55:00,Audi,Q4 Sportback E-Tron,5,5,1.0
2026-08-11T09:55:00,Audi,Q5,20,0,0.0
2026-08-11T09:55:00,Audi,Q5 Sportback,11,0,0.0
2026-08-11T09:55:00,Audi,Q6 E-Tron,4,4,1.0
2026-08-11T09:55:00,Audi,Q6 Sportback E-Tron,4,4,1.0
2026-08-11T09:55:00,Audi,Q7,1,0,0.0
2026-08-11T09:55:00,Audi,Q8,3,0,0.0
2026-08-11T09:55:00,Audi,Q8 E-Tron,1,1,1.0
2026-08-11T09:55:00,Audi,Q8 E-Tron Sportback,1,1,1.0
2026-08-11T09:55:00,Audi,R8 Spyder,1,0,0.0
2026-08-11T09:55:00,Audi,Rs Q3 Sportback,1,0,0.0
2026-08-11T09:55:00,Audi,Rs3 Sportback,1,0,0.0
2026-08-11T09:55:00,Audi,Rs4 Avant,1,0,0.0
2026-08-11T09:55:00,Audi,Rs6 Avant,1,0,0.0
2026-08-11T09:55:00,Audi,S3,1,0,0.0
2026-08-11T09:55:00,Audi,S3 Sportback,2,0,0.0
2026-08-11T09:55:00,Audi,S4 Avant,1,0,0.0
2026-08-11T09:55:00,Audi,S6 Avant E-Tron,2,2,1.0
2026-08-11T09:55:00,Audi,Tt,2,0,0.0
2026-08-11T09:55:00,Audi,Tt Roadster,1,0,0.0
2026-08-11T09:55:00,Bmw,I3,2,2,1.0
2026-08-11T09:55:00,Bmw,I4,32,32,1.0
2026-08-11T09:55:00,Bmw,I8,1,0,0.0
2026-08-11T09:55:00,Bmw,Ix,4,4,1.0
2026-08-11T09:55:00,Bmw,Ix3,3,3,1.0
2026-08-11T09:55:00,Bmw,M2 Coupé,3,0,0.0
2026-08-11T09:55:00,Bmw,M4 Coupé,3,0,0.0
2026-08-11T09:55:00,Bmw,M5,1,0,0.0
2026-08-11T09:55:00,Bmw,Série 1,132,0,0.0
2026-08-11T09:55:00,Bmw,Série 2 Active Tourer,79,0,0.0
2026-08-11T09:55:00,Bmw,Série 2 Coupé,6,0,0.0
2026-08-11T09:55:00,Bmw,Série 2 Gran Coupé,22,0,0.0
2026-08-11T09:55:00,Bmw,Série 2 Gran Tourer,3,0,0.0
2026-08-11T09:55:00,Bmw,Série 3,13,0,0.0
2026-08-11T09:55:00,Bmw,Série 3 Gran Turismo,5,0,0.0
2026-08-11T09:55:00,Bmw,Série 3 Touring,39,0,0.0
2026-08-11T09:55:00,Bmw,Série 4 Cabriolet,6,0,0.0
2026-08-11T09:55:00,Bmw,Série 4 Coupé,13,0,0.0
2026-08-11T09:55:00,Bmw,Série 4 Gran Coupé,25,0,0.0
2026-08-11T09:55:00,Bmw,Série 5,24,6,0.25
2026-08-11T09:55:00,Bmw,Série 5 Touring,11,2,0.1818
2026-08-11T09:55:00,Bmw,Série 7,1,0,0.0
2026-08-11T09:55:00,Bmw,Série 8 Gran Coupé,2,0,0.0
2026-08-11T09:55:00,Bmw,X1,150,30,0.2
2026-08-11T09:55:00,Bmw,X2,75,9,0.12
2026-08-11T09:55:00,Bmw,X3,74,0,0.0
2026-08-11T09:55:00,Bmw,X4,7,0,0.0
2026-08-11T09:55:00,Bmw,X4 M,2,0,0.0
2026-08-11T09:55:00,Bmw,X5,30,0,0.0
2026-08-11T09:55:00,Bmw,X6,2,0,0.0
2026-08-11T09:55:00,Bmw,Xm,4,0,0.0
2026-08-11T09:55:00,Bmw,Z4 Roadster,8,0,0.0
2026-08-11T09:55:00,Byd,Atto 2,2,2,1.0
2026-08-11T09:55:00,Byd,Atto 3,1,1,1.0
2026-08-11T09:55:00,Byd,Seal 6 Dm-I,1,0,0.0
2026-08-11T09:55:00,Byd,Seal 6 Dm-I Touring,1,0,0.0
2026-08-11T09:55:00,Byd,Tang,3,3,1.0
2026-08-11T09:55:00,Citroen,Ami,15,15,1.0
2026-08-11T09:55:00,Citroen,Berlingo,15,1,0.0667
2026-08-11T09:55:00,Citroen,Berlingo Van,45,0,0.0
2026-08-11T09:55:00,Citroen,C1,12,0,0.0
2026-08-11T09:55:00,Citroen,C3,700,8,0.0114
2026-08-11T09:55:00,Citroen,C3 Aircross,153,8,0.0523
2026-08-11T09:55:00,Citroen,C4,129,31,0.2403
2026-08-11T09:55:00,Citroen,C4 Cactus,16,0,0.0
2026-08-11T09:55:00,Citroen,C4 Picasso,6,0,0.0
2026-08-11T09:55:00,Citroen,C4 Spacetourer,4,0,0.0
2026-08-11T09:55:00,Citroen,C4 X,8,3,0.375
2026-08-11T09:55:00,Citroen,C5,2,0,0.0
2026-08-11T09:55:00,Citroen,C5 Aircross,199,4,0.0201
2026-08-11T09:55:00,Citroen,C5 X,15,0,0.0
2026-08-11T09:55:00,Citroen,Grand C4 Picasso,1,0,0.0
2026-08-11T09:55:00,Citroen,Grand C4 Spacetourer,4,0,0.0
2026-08-11T09:55:00,Citroen,Holidays,1,0,0.0
2026-08-11T09:55:00,Citroen,Jumper,15,0,0.0
2026-08-11T09:55:00,Citroen,Jumpy,33,1,0.0303
2026-08-11T09:55:00,Citroen,Spacetourer,13,0,0.0
2026-08-11T09:55:00,Cupra,Born,2,2,1.0
2026-08-11T09:55:00,Cupra,Formentor,18,0,0.0
2026-08-11T09:55:00,Cupra,Leon,6,0,0.0
2026-08-11T09:55:00,Cupra,Leon St,3,0,0.0
2026-08-11T09:55:00,Cupra,Raval,1,1,1.0
2026-08-11T09:55:00,Cupra,Terramar,4,0,0.0
2026-08-11T09:55:00,Dacia,Bigster,43,0,0.0
2026-08-11T09:55:00,Dacia,Duster,403,0,0.0
2026-08-11T09:55:00,Dacia,Jogger,151,0,0.0
2026-08-11T09:55:00,Dacia,Lodgy,8,0,0.0
2026-08-11T09:55:00,Dacia,Logan,3,0,0.0
2026-08-11T09:55:00,Dacia,Sandero,673,0,0.0
2026-08-11T09:55:00,Dacia,Spring,190,190,1.0
2026-08-11T09:55:00,Ds,4,13,6,0.4615
2026-08-11T09:55:00,Ds,8,7,7,1.0
2026-08-11T09:55:00,Ds,Ds,3,0,0.0
2026-08-11T09:55:00,Ds,Ds 3,45,13,0.2889
2026-08-11T09:55:00,Ds,Ds 3 Crossback,45,7,0.1556
2026-08-11T09:55:00,Ds,Ds 4,108,0,0.0
2026-08-11T09:55:00,Ds,Ds 7,46,0,0.0
2026-08-11T09:55:00,Ds,Ds 7 Crossback,52,0,0.0
2026-08-11T09:55:00,Ds,Ds 9,1,0,0.0
2026-08-11T09:55:00,Fiat,500,45,22,0.4889
2026-08-11T09:55:00,Fiat,500c,8,2,0.25
2026-08-11T09:55:00,Fiat,500x,22,0,0.0
2026-08-11T09:55:00,Fiat,600,11,2,0.1818
2026-08-11T09:55:00,Fiat,Doblo,1,0,0.0
2026-08-11T09:55:00,Fiat,Doblo Cargo,1,0,0.0
2026-08-11T09:55:00,Fiat,Ducato,5,0,0.0
2026-08-11T09:55:00,Fiat,Grande Panda,3,2,0.6667
2026-08-11T09:55:00,Fiat,Panda,4,0,0.0
2026-08-11T09:55:00,Fiat,Punto,1,0,0.0
2026-08-11T09:55:00,Fiat,Scudo,9,1,0.1111
2026-08-11T09:55:00,Fiat,Talento,1,0,0.0
2026-08-11T09:55:00,Fiat,Tipo,3,0,0.0
2026-08-11T09:55:00,Fiat,Tipo Cross,2,0,0.0
2026-08-11T09:55:00,Ford,B-Max,1,0,0.0
2026-08-11T09:55:00,Ford,Capri,9,9,1.0
2026-08-11T09:55:00,Ford,Ecosport,14,0,0.0
2026-08-11T09:55:00,Ford,Explorer,16,14,0.875
2026-08-11T09:55:00,Ford,Fiesta,42,0,0.0
2026-08-11T09:55:00,Ford,Fiesta Active,2,0,0.0
2026-08-11T09:55:00,Ford,Focus,28,0,0.0
2026-08-11T09:55:00,Ford,Focus Active,1,0,0.0
2026-08-11T09:55:00,Ford,Focus Active Sw,1,0,0.0
2026-08-11T09:55:00,Ford,Focus Sw,2,0,0.0
2026-08-11T09:55:00,Ford,Galaxy,2,0,0.0
2026-08-11T09:55:00,Ford,Kuga,80,0,0.0
2026-08-11T09:55:00,Ford,Mondeo,1,0,0.0
2026-08-11T09:55:00,Ford,Mondeo Sw,2,0,0.0
2026-08-11T09:55:00,Ford,Mustang Mach-E,8,8,1.0
2026-08-11T09:55:00,Ford,Puma,137,19,0.1387
2026-08-11T09:55:00,Ford,Ranger,9,0,0.0
2026-08-11T09:55:00,Ford,S-Max,4,0,0.0
2026-08-11T09:55:00,Ford,Tourneo Connect,1,0,0.0
2026-08-11T09:55:00,Ford,Tourneo Courier,5,1,0.2
2026-08-11T09:55:00,Ford,Tourneo Custom,4,0,0.0
2026-08-11T09:55:00,Ford,Transit 2t,10,1,0.1
2026-08-11T09:55:00,Ford,Transit Connect,3,0,0.0
2026-08-11T09:55:00,Ford,Transit Courier,4,3,0.75
2026-08-11T09:55:00,Ford,Transit Custom,18,0,0.0
2026-08-11T09:55:00,Ford,Transit Custom Kombi,5,0,0.0
2026-08-11T09:55:00,Ford,Transit Custom Nugget,1,0,0.0
2026-08-11T09:55:00,Honda,Hr-V,1,0,0.0
2026-08-11T09:55:00,Honda,Ny1,1,1,1.0
2026-08-11T09:55:00,Hyundai,Bayon,5,0,0.0
2026-08-11T09:55:00,Hyundai,I10,1,0,0.0
2026-08-11T09:55:00,Hyundai,I20,26,0,0.0
2026-08-11T09:55:00,Hyundai,I30,4,0,0.0
2026-08-11T09:55:00,Hyundai,I30 Fastback,1,0,0.0
2026-08-11T09:55:00,Hyundai,I30 Sw,4,0,0.0
2026-08-11T09:55:00,Hyundai,Ioniq,3,2,0.6667
2026-08-11T09:55:00,Hyundai,Ix20,1,0,0.0
2026-08-11T09:55:00,Hyundai,Kona,20,0,0.0
2026-08-11T09:55:00,Hyundai,Santa Fe,4,0,0.0
2026-08-11T09:55:00,Hyundai,Tucson,46,0,0.0
2026-08-11T09:55:00,Infiniti,Q30,1,0,0.0
2026-08-11T09:55:00,Mitsubishi,Asx,12,0,0.0
2026-08-11T09:55:00,Mitsubishi,Colt,16,0,0.0
2026-08-11T09:55:00,Mitsubishi,Eclipse Cross,83,0,0.0
2026-08-11T09:55:00,Mitsubishi,Outlander,23,0,0.0
2026-08-11T09:55:00,Mitsubishi,Space Star,7,0,0.0
2026-08-11T09:55:00,Mobilize,Duo,3,3,1.0
2026-08-11T09:55:00,Nissan,Ariya,6,5,0.8333
2026-08-11T09:55:00,Nissan,Interstar,1,0,0.0
2026-08-11T09:55:00,Nissan,Juke,243,0,0.0
2026-08-11T09:55:00,Nissan,Leaf,14,13,0.9286
2026-08-11T09:55:00,Nissan,Micra,60,8,0.1333
2026-08-11T09:55:00,Nissan,Navara,1,0,0.0
2026-08-11T09:55:00,Nissan,Np300 Navara,1,0,0.0
2026-08-11T09:55:00,Nissan,Nv300,1,0,0.0
2026-08-11T09:55:00,Nissan,Nv400,1,0,0.0
2026-08-11T09:55:00,Nissan,Primastar,4,0,0.0
2026-08-11T09:55:00,Nissan,Qashqai,259,0,0.0
2026-08-11T09:55:00,Nissan,Townstar,4,3,0.75
2026-08-11T09:55:00,Nissan,X-Trail,32,0,0.0
2026-08-11T09:55:00,Opel,Astra,13,0,0.0
2026-08-11T09:55:00,Opel,Astra Sports Tourer,4,0,0.0
2026-08-11T09:55:00,Opel,Combo Cargo,2,0,0.0
2026-08-11T09:55:00,Opel,Combo Life,2,0,0.0
2026-08-11T09:55:00,Opel,Corsa,75,11,0.1467
2026-08-11T09:55:00,Opel,Crossland X,26,0,0.0
2026-08-11T09:55:00,Opel,Frontera,2,1,0.5
2026-08-11T09:55:00,Opel,Grandland,16,1,0.0625
2026-08-11T09:55:00,Opel,Grandland X,11,0,0.0
2026-08-11T09:55:00,Opel,Insignia Grand Sport,3,0,0.0
2026-08-11T09:55:00,Opel,Insignia Sports Tourer,2,0,0.0
2026-08-11T09:55:00,Opel,Karl,1,0,0.0
2026-08-11T09:55:00,Opel,Mokka,41,6,0.1463
2026-08-11T09:55:00,Opel,Mokka X,4,0,0.0
2026-08-11T09:55:00,Opel,Movano,1,0,0.0
2026-08-11T09:55:00,Opel,Vivaro,7,0,0.0
2026-08-11T09:55:00,Opel,Zafira,1,0,0.0
2026-08-11T09:55:00,Peugeot,108,11,0,0.0
2026-08-11T09:55:00,Peugeot,2008,654,74,0.1131
2026-08-11T09:55:00,Peugeot,208,973,130,0.1336
2026-08-11T09:55:00,Peugeot,3008,441,43,0.0975
2026-08-11T09:55:00,Peugeot,308,300,24,0.08
2026-08-11T09:55:00,Peugeot,308 Sw,90,4,0.0444
2026-08-11T09:55:00,Peugeot,408,56,5,0.0893
2026-08-11T09:55:00,Peugeot,5008,131,3,0.0229
2026-08-11T09:55:00,Peugeot,508,22,0,0.0
2026-08-11T09:55:00,Peugeot,508 Sw,20,0,0.0
2026-08-11T09:55:00,Peugeot,Boxer,25,0,0.0
2026-08-11T09:55:00,Peugeot,E-208,3,3,1.0
2026-08-11T09:55:00,Peugeot,Expert,63,6,0.0952
2026-08-11T09:55:00,Peugeot,Partner,120,10,0.0833
2026-08-11T09:55:00,Peugeot,Rifter,26,2,0.0769
2026-08-11T09:55:00,Peugeot,Traveller,2,0,0.0
2026-08-11T09:55:00,Porsche,718 Cayman,1,0,0.0
2026-08-11T09:55:00,Porsche,911 Cabriolet,5,0,0.0
2026-08-11T09:55:00,Porsche,911 Coupé,6,0,0.0
2026-08-11T09:55:00,Porsche,911 Speedster,1,0,0.0
2026-08-11T09:55:00,Porsche,911 Targa,1,0,0.0
2026-08-11T09:55:00,Porsche,Cayenne,5,0,0.0
2026-08-11T09:55:00,Porsche,Cayenne Coupé,5,0,0.0
2026-08-11T09:55:00,Porsche,Cayman,1,0,0.0
2026-08-11T09:55:00,Porsche,Macan,5,3,0.6
2026-08-11T09:55:00,Porsche,Panamera,3,0,0.0
2026-08-11T09:55:00,Porsche,Panamera Sport Turismo,3,0,0.0
2026-08-11T09:55:00,Porsche,Taycan,9,9,1.0
2026-08-11T09:55:00,Renault,4,9,9,1.0
2026-08-11T09:55:00,Renault,5,43,43,1.0
2026-08-11T09:55:00,Renault,Arkana,388,0,0.0
2026-08-11T09:55:00,Renault,Austral,302,0,0.0
2026-08-11T09:55:00,Renault,Captur,825,0,0.0
2026-08-11T09:55:00,Renault,Clio,1355,0,0.0
2026-08-11T09:55:00,Renault,Espace,89,0,0.0
2026-08-11T09:55:00,Renault,Express,18,0,0.0
2026-08-11T09:55:00,Renault,Grand Scénic,26,0,0.0
2026-08-11T09:55:00,Renault,Kadjar,75,0,0.0
2026-08-11T09:55:00,Renault,Kangoo,33,0,0.0
2026-08-11T09:55:00,Renault,Kangoo Express,14,1,0.0714
2026-08-11T09:55:00,Renault,Kangoo Van,31,7,0.2258
2026-08-11T09:55:00,Renault,Koleos,16,0,0.0
2026-08-11T09:55:00,Renault,Master,313,13,0.0415
2026-08-11T09:55:00,Renault,Mégane,359,265,0.7382
2026-08-11T09:55:00,Renault,Mégane Estate,22,0,0.0
2026-08-11T09:55:00,Renault,Rafale,52,0,0.0
2026-08-11T09:55:00,Renault,Scénic,69,35,0.5072
2026-08-11T09:55:00,Renault,Symbioz,190,0,0.0
2026-08-11T09:55:00,Renault,Talisman,8,0,0.0
2026-08-11T09:55:00,Renault,Talisman Estate,5,0,0.0
2026-08-11T09:55:00,Renault,Trafic,124,0,0.0
2026-08-11T09:55:00,Renault,Trafic Combi,16,0,0.0
2026-08-11T09:55:00,Renault,Trafic Spacenomad,1,0,0.0
2026-08-11T09:55:00,Renault,Twingo,166,97,0.5843
2026-08-11T09:55:00,Renault,Twizy,4,4,1.0
2026-08-11T09:55:00,Renault,Zoé,61,61,1.0
2026-08-11T09:55:00,Seat,Arona,32,0,0.0
2026-08-11T09:55:00,Seat,Ateca,29,0,0.0
2026-08-11T09:55:00,Seat,Ibiza,30,0,0.0
2026-08-11T09:55:00,Seat,Leon,21,0,0.0
2026-08-11T09:55:00,Seat,Leon St,3,0,0.0
2026-08-11T09:55:00,Seat,Tarraco,1,0,0.0
2026-08-11T09:55:00,Skoda,Enyaq,1,1,1.0
2026-08-11T09:55:00,Skoda,Enyaq Coupé,1,1,1.0
2026-08-11T09:55:00,Skoda,Fabia,29,0,0.0
2026-08-11T09:55:00,Skoda,Fabia Combi,1,0,0.0
2026-08-11T09:55:00,Skoda,Kamiq,27,0,0.0
2026-08-11T09:55:00,Skoda,Karoq,15,0,0.0
2026-08-11T09:55:00,Skoda,Kodiaq,9,0,0.0
2026-08-11T09:55:00,Skoda,Octavia,5,0,0.0
2026-08-11T09:55:00,Skoda,Octavia Combi,7,0,0.0
2026-08-11T09:55:00,Skoda,Scala,5,0,0.0
2026-08-11T09:55:00,Skoda,Superb,1,0,0.0
2026-08-11T09:55:00,Skoda,Superb Combi,1,0,0.0
2026-08-11T09:55:00,Smart,1,1,1,1.0
2026-08-11T09:55:00,Smart,3,1,1,1.0
2026-08-11T09:55:00,Smart,5,2,2,1.0
2026-08-11T09:55:00,Suzuki,Across,1,0,0.0
2026-08-11T09:55:00,Suzuki,E Vitara,2,2,1.0
2026-08-11T09:55:00,Suzuki,Ignis,5,0,0.0
2026-08-11T09:55:00,Suzuki,S-Cross,15,0,0.0
2026-08-11T09:55:00,Suzuki,Swace,1,0,0.0
2026-08-11T09:55:00,Suzuki,Swift,33,0,0.0
2026-08-11T09:55:00,Suzuki,Vitara,23,1,0.0435
2026-08-11T09:55:00,Tesla,Model 3,3,3,1.0
2026-08-11T09:55:00,Tesla,Model Y,1,1,1.0
2026-08-11T09:55:00,Toyota,Auris,1,0,0.0
2026-08-11T09:55:00,Toyota,Auris Touring Sports,1,0,0.0
2026-08-11T09:55:00,Toyota,Aygo,13,0,0.0
2026-08-11T09:55:00,Toyota,Aygo X,81,0,0.0
2026-08-11T09:55:00,Toyota,Bz4x,1,1,1.0
2026-08-11T09:55:00,Toyota,Bz4x Touring,2,2,1.0
2026-08-11T09:55:00,Toyota,C-Hr,75,0,0.0
2026-08-11T09:55:00,Toyota,C-Hr et plus,2,2,1.0
2026-08-11T09:55:00,Toyota,Corolla,20,0,0.0
2026-08-11T09:55:00,Toyota,Corolla Touring Sports,15,0,0.0
2026-08-11T09:55:00,Toyota,Hilux,2,0,0.0
2026-08-11T09:55:00,Toyota,Prius,2,0,0.0
2026-08-11T09:55:00,Toyota,Prius Hybride Rechargeable,1,0,0.0
2026-08-11T09:55:00,Toyota,Proace,5,2,0.4
2026-08-11T09:55:00,Toyota,Proace City,1,0,0.0
2026-08-11T09:55:00,Toyota,Proace City Verso,1,0,0.0
2026-08-11T09:55:00,Toyota,Proace Max,1,0,0.0
2026-08-11T09:55:00,Toyota,Rav4,17,0,0.0
2026-08-11T09:55:00,Toyota,Yaris,174,0,0.0
2026-08-11T09:55:00,Toyota,Yaris Cross,111,0,0.0
2026-08-11T09:55:00,Volkswagen,3,14,14,1.0
2026-08-11T09:55:00,Volkswagen,3 Neo,2,2,1.0
2026-08-11T09:55:00,Volkswagen,4,8,8,1.0
2026-08-11T09:55:00,Volkswagen,5,4,4,1.0
2026-08-11T09:55:00,Volkswagen,7,1,1,1.0
2026-08-11T09:55:00,Volkswagen,Arteon,2,0,0.0
2026-08-11T09:55:00,Volkswagen,Buzz,4,4,1.0
2026-08-11T09:55:00,Volkswagen,Caddy,1,0,0.0
2026-08-11T09:55:00,Volkswagen,Caddy Cargo,2,0,0.0
2026-08-11T09:55:00,Volkswagen,Caddy Maxi,1,0,0.0
2026-08-11T09:55:00,Volkswagen,Caddy Van,2,0,0.0
2026-08-11T09:55:00,Volkswagen,Caravelle,3,2,0.6667
2026-08-11T09:55:00,Volkswagen,Coccinelle,1,0,0.0
2026-08-11T09:55:00,Volkswagen,Crafter,4,0,0.0
2026-08-11T09:55:00,Volkswagen,Golf,61,0,0.0
2026-08-11T09:55:00,Volkswagen,Golf Sportsvan,1,0,0.0
2026-08-11T09:55:00,Volkswagen,Golf Sw,5,0,0.0
2026-08-11T09:55:00,Volkswagen,Multivan,1,0,0.0
2026-08-11T09:55:00,Volkswagen,Passat Sw,8,0,0.0
2026-08-11T09:55:00,Volkswagen,Polo,108,0,0.0
2026-08-11T09:55:00,Volkswagen,T-Cross,51,0,0.0
2026-08-11T09:55:00,Volkswagen,T-Roc,125,0,0.0
2026-08-11T09:55:00,Volkswagen,T-Roc Cabriolet,6,0,0.0
2026-08-11T09:55:00,Volkswagen,Taigo,50,0,0.0
2026-08-11T09:55:00,Volkswagen,Tayron,1,0,0.0
2026-08-11T09:55:00,Volkswagen,Tiguan,78,0,0.0
2026-08-11T09:55:00,Volkswagen,Tiguan Allspace,1,0,0.0
2026-08-11T09:55:00,Volkswagen,Touran,5,0,0.0
2026-08-11T09:55:00,Volkswagen,Transporter,13,1,0.0769
2026-08-11T09:55:00,Volvo,C40,1,1,1.0
2026-08-11T09:55:00,Volvo,Ec40,7,7,1.0
2026-08-11T09:55:00,Volvo,Es90,3,3,1.0
2026-08-11T09:55:00,Volvo,Ex30,13,13,1.0
2026-08-11T09:55:00,Volvo,Ex30 Cross Country,5,5,1.0
2026-08-11T09:55:00,Volvo,Ex40,10,10,1.0
2026-08-11T09:55:00,Volvo,Ex90,1,1,1.0
2026-08-11T09:55:00,Volvo,S60,1,0,0.0
2026-08-11T09:55:00,Volvo,S90,1,0,0.0
2026-08-11T09:55:00,Volvo,V60,16,0,0.0
2026-08-11T09:55:00,Volvo,Xc40,45,8,0.1778
2026-08-11T09:55:00,Volvo,Xc60,42,0,0.0
2026-08-11T09:55:00,Volvo,Xc90,7,0,0.0
2026-08-12T09:57:32,Abarth,500,5,1,0.2
2026-08-12T09:57:32,Abarth,500c,1,1,1.0
2026-08-12T09:57:32,Abarth,600,1,1,1.0
2026-08-12T09:57:32,Alfa Romeo,Giulia,3,0,0.0
2026-08-12T09:57:32,Alfa Romeo,Giulietta,2,0,0.0
2026-08-12T09:57:32,Alfa Romeo,Junior,1,0,0.0
2026-08-12T09:57:32,Alfa Romeo,Stelvio,8,0,0.0
2026-08-12T09:57:32,Alfa Romeo,Tonale,9,0,0.0
2026-08-12T09:57:32,Alpine,A110,25,0,0.0
2026-08-12T09:57:32,Alpine,A290,13,13,1.0
2026-08-12T09:57:32,Alpine,A390,6,6,1.0
2026-08-12T09:57:32,Aston Martin,V8 Vantage,1,0,0.0
2026-08-12T09:57:32,Audi,A1 Allstreet,4,0,0.0
2026-08-12T09:57:32,Audi,A1 Citycarver,1,0,0.0
2026-08-12T09:57:32,Audi,A1 Sportback,63,0,0.0
2026-08-12T09:57:32,Audi,A3,1,0,0.0
2026-08-12T09:57:32,Audi,A3 Allstreet,5,0,0.0
2026-08-12T09:57:32,Audi,A3 Sportback,40,0,0.0
2026-08-12T09:57:32,Audi,A4,2,0,0.0
2026-08-12T09:57:32,Audi,A4 Allroad,1,0,0.0
2026-08-12T09:57:32,Audi,A4 Avant,3,0,0.0
2026-08-12T09:57:32,Audi,A5,2,0,0.0
2026-08-12T09:57:32,Audi,A5 Avant,7,0,0.0
2026-08-12T09:57:32,Audi,A5 Sportback,3,0,0.0
2026-08-12T09:57:32,Audi,A6,2,0,0.0
2026-08-12T09:57:32,Audi,A6 Allroad,3,0,0.0
2026-08-12T09:57:32,Audi,A6 Avant,8,0,0.0
2026-08-12T09:57:32,Audi,A6 Avant E-Tron,2,2,1.0
2026-08-12T09:57:32,Audi,A6 Sportback E-Tron,1,1,1.0
2026-08-12T09:57:32,Audi,A8,1,0,0.0
2026-08-12T09:57:32,Audi,E-Tron Gt,1,1,1.0
2026-08-12T09:57:32,Audi,E-Tron S Sportback,2,2,1.0
2026-08-12T09:57:32,Audi,E-Tron Sportback,1,1,1.0
2026-08-12T09:57:32,Audi,Q2,48,0,0.0
2026-08-12T09:57:32,Audi,Q3,36,0,0.0
2026-08-12T09:57:32,Audi,Q3 Sportback,24,0,0.0
2026-08-12T09:57:32,Audi,Q4 E-Tron,5,5,1.0
2026-08-12T09:57:32,Audi,Q4 Sportback E-Tron,5,5,1.0
2026-08-12T09:57:32,Audi,Q5,20,0,0.0
2026-08-12T09:57:32,Audi,Q5 Sportback,11,0,0.0
2026-08-12T09:57:32,Audi,Q6 E-Tron,5,5,1.0
2026-08-12T09:57:32,Audi,Q6 Sportback E-Tron,4,4,1.0
2026-08-12T09:57:32,Audi,Q7,1,0,0.0
2026-08-12T09:57:32,Audi,Q8,3,0,0.0
2026-08-12T09:57:32,Audi,Q8 E-Tron,1,1,1.0
2026-08-12T09:57:32,Audi,Q8 E-Tron Sportback,1,1,1.0
2026-08-12T09:57:32,Audi,R8 Spyder,1,0,0.0
2026-08-12T09:57:32,Audi,Rs Q3 Sportback,1,0,0.0
2026-08-12T09:57:32,Audi,Rs3 Sportback,1,0,0.0
2026-08-12T09:57:32,Audi,Rs4 Avant,1,0,0.0
2026-08-12T09:57:32,Audi,Rs6 Avant,1,0,0.0
2026-08-12T09:57:32,Audi,S3,1,0,0.0
2026-08-12T09:57:32,Audi,S3 Sportback,2,0,0.0
2026-08-12T09:57:32,Audi,S4 Avant,1,0,0.0
2026-08-12T09:57:32,Audi,S6 Avant E-Tron,2,2,1.0
2026-08-12T09:57:32,Audi,Tt,2,0,0.0
2026-08-12T09:57:32,Audi,Tt Roadster,1,0,0.0
2026-08-12T09:57:32,Bmw,I3,2,2,1.0
2026-08-12T09:57:32,Bmw,I4,32,32,1.0
2026-08-12T09:57:32,Bmw,I8,1,0,0.0
2026-08-12T09:57:32,Bmw,Ix,4,4,1.0
2026-08-12T09:57:32,Bmw,Ix3,3,3,1.0
2026-08-12T09:57:32,Bmw,M2 Coupé,3,0,0.0
2026-08-12T09:57:32,Bmw,M4 Coupé,3,0,0.0
2026-08-12T09:57:32,Bmw,M5,1,0,0.0
2026-08-12T09:57:32,Bmw,M5 Touring,1,0,0.0
2026-08-12T09:57:32,Bmw,Série 1,134,0,0.0
2026-08-12T09:57:32,Bmw,Série 2 Active Tourer,79,0,0.0
2026-08-12T09:57:32,Bmw,Série 2 Coupé,5,0,0.0
2026-08-12T09:57:32,Bmw,Série 2 Gran Coupé,21,0,0.0
2026-08-12T09:57:32,Bmw,Série 2 Gran Tourer,4,0,0.0
2026-08-12T09:57:32,Bmw,Série 3,13,0,0.0
2026-08-12T09:57:32,Bmw,Série 3 Gran Turismo,5,0,0.0
2026-08-12T09:57:32,Bmw,Série 3 Touring,40,0,0.0
2026-08-12T09:57:32,Bmw,Série 4 Cabriolet,5,0,0.0
2026-08-12T09:57:32,Bmw,Série 4 Coupé,13,0,0.0
2026-08-12T09:57:32,Bmw,Série 4 Gran Coupé,25,0,0.0
2026-08-12T09:57:32,Bmw,Série 5,24,6,0.25
2026-08-12T09:57:32,Bmw,Série 5 Touring,11,2,0.1818
2026-08-12T09:57:32,Bmw,Série 7,1,0,0.0
2026-08-12T09:57:32,Bmw,Série 8 Gran Coupé,2,0,0.0
2026-08-12T09:57:32,Bmw,X1,148,30,0.2027
2026-08-12T09:57:32,Bmw,X2,76,10,0.1316
2026-08-12T09:57:32,Bmw,X3,75,0,0.0
2026-08-12T09:57:32,Bmw,X4,7,0,0.0
2026-08-12T09:57:32,Bmw,X4 M,2,0,0.0
2026-08-12T09:57:32,Bmw,X5,31,0,0.0
2026-08-12T09:57:32,Bmw,X6,2,0,0.0
2026-08-12T09:57:32,Bmw,Xm,4,0,0.0
2026-08-12T09:57:32,Bmw,Z4 Roadster,8,0,0.0
2026-08-12T09:57:32,Byd,Atto 2,2,2,1.0
2026-08-12T09:57:32,Byd,Atto 3,1,1,1.0
2026-08-12T09:57:32,Byd,Seal 6 Dm-I,1,0,0.0
2026-08-12T09:57:32,Byd,Seal 6 Dm-I Touring,1,0,0.0
2026-08-12T09:57:32,Byd,Tang,3,3,1.0
2026-08-12T09:57:32,Citroen,Ami,15,15,1.0
2026-08-12T09:57:32,Citroen,Berlingo,15,1,0.0667
2026-08-12T09:57:32,Citroen,Berlingo Van,45,0,0.0
2026-08-12T09:57:32,Citroen,C1,12,0,0.0
2026-08-12T09:57:32,Citroen,C3,705,9,0.0128
2026-08-12T09:57:32,Citroen,C3 Aircross,155,7,0.0452
2026-08-12T09:57:32,Citroen,C4,133,32,0.2406
2026-08-12T09:57:32,Citroen,C4 Cactus,16,0,0.0
2026-08-12T09:57:32,Citroen,C4 Picasso,6,0,0.0
2026-08-12T09:57:32,Citroen,C4 Spacetourer,4,0,0.0
2026-08-12T09:57:32,Citroen,C4 X,9,4,0.4444
2026-08-12T09:57:32,Citroen,C5,2,0,0.0
2026-08-12T09:57:32,Citroen,C5 Aircross,201,4,0.0199
2026-08-12T09:57:32,Citroen,C5 X,15,0,0.0
2026-08-12T09:57:32,Citroen,Grand C4 Picasso,1,0,0.0
2026-08-12T09:57:32,Citroen,Grand C4 Spacetourer,5,0,0.0
2026-08-12T09:57:32,Citroen,Holidays,1,0,0.0
2026-08-12T09:57:32,Citroen,Jumper,16,0,0.0
2026-08-12T09:57:32,Citroen,Jumpy,34,1,0.0294
2026-08-12T09:57:32,Citroen,Spacetourer,14,0,0.0
2026-08-12T09:57:32,Cupra,Born,2,2,1.0
2026-08-12T09:57:32,Cupra,Formentor,18,0,0.0
2026-08-12T09:57:32,Cupra,Leon,6,0,0.0
2026-08-12T09:57:32,Cupra,Leon St,3,0,0.0
2026-08-12T09:57:32,Cupra,Raval,1,1,1.0
2026-08-12T09:57:32,Cupra,Terramar,4,0,0.0
2026-08-12T09:57:32,Dacia,Bigster,42,0,0.0
2026-08-12T09:57:32,Dacia,Duster,398,0,0.0
2026-08-12T09:57:32,Dacia,Jogger,153,0,0.0
2026-08-12T09:57:32,Dacia,Lodgy,8,0,0.0
2026-08-12T09:57:32,Dacia,Logan,3,0,0.0
2026-08-12T09:57:32,Dacia,Sandero,667,0,0.0
2026-08-12T09:57:32,Dacia,Spring,190,190,1.0
2026-08-12T09:57:32,Ds,4,13,6,0.4615
2026-08-12T09:57:32,Ds,8,7,7,1.0
2026-08-12T09:57:32,Ds,Ds,3,0,0.0
2026-08-12T09:57:32,Ds,Ds 3,45,13,0.2889
2026-08-12T09:57:32,Ds,Ds 3 Crossback,46,7,0.1522
2026-08-12T09:57:32,Ds,Ds 4,106,0,0.0
2026-08-12T09:57:32,Ds,Ds 7,48,0,0.0
2026-08-12T09:57:32,Ds,Ds 7 Crossback,52,0,0.0
2026-08-12T09:57:32,Ds,Ds 9,1,0,0.0
2026-08-12T09:57:32,Fiat,500,45,23,0.5111
2026-08-12T09:57:32,Fiat,500c,8,2,0.25
2026-08-12T09:57:32,Fiat,500x,23,0,0.0
2026-08-12T09:57:32,Fiat,600,11,2,0.1818
2026-08-12T09:57:32,Fiat,Doblo,1,0,0.0
2026-08-12T09:57:32,Fiat,Doblo Cargo,1,0,0.0
2026-08-12T09:57:32,Fiat,Ducato,5,0,0.0
2026-08-12T09:57:32,Fiat,Grande Panda,3,2,0.6667
2026-08-12T09:57:32,Fiat,Panda,4,0,0.0
2026-08-12T09:57:32,Fiat,Punto,1,0,0.0
2026-08-12T09:57:32,Fiat,Scudo,9,1,0.1111
2026-08-12T09:57:32,Fiat,Talento,1,0,0.0
2026-08-12T09:57:32,Fiat,Tipo,3,0,0.0
2026-08-12T09:57:32,Fiat,Tipo Cross,2,0,0.0
2026-08-12T09:57:32,Ford,B-Max,1,0,0.0
2026-08-12T09:57:32,Ford,Capri,9,9,1.0
2026-08-12T09:57:32,Ford,Ecosport,14,0,0.0
2026-08-12T09:57:32,Ford,Explorer,15,13,0.8667
2026-08-12T09:57:32,Ford,Fiesta,42,0,0.0
2026-08-12T09:57:32,Ford,Fiesta Active,2,0,0.0
2026-08-12T09:57:32,Ford,Focus,27,0,0.0
2026-08-12T09:57:32,Ford,Focus Active,1,0,0.0
2026-08-12T09:57:32,Ford,Focus Active Sw,1,0,0.0
2026-08-12T09:57:32,Ford,Focus Sw,2,0,0.0
2026-08-12T09:57:32,Ford,Galaxy,2,0,0.0
2026-08-12T09:57:32,Ford,Kuga,80,0,0.0
2026-08-12T09:57:32,Ford,Mondeo,1,0,0.0
2026-08-12T09:57:32,Ford,Mondeo Sw,1,0,0.0
2026-08-12T09:57:32,Ford,Mustang Mach-E,8,8,1.0
2026-08-12T09:57:32,Ford,Puma,139,20,0.1439
2026-08-12T09:57:32,Ford,Ranger,9,0,0.0
2026-08-12T09:57:32,Ford,S-Max,4,0,0.0
2026-08-12T09:57:32,Ford,Tourneo Connect,1,0,0.0
2026-08-12T09:57:32,Ford,Tourneo Courier,5,1,0.2
2026-08-12T09:57:32,Ford,Tourneo Custom,4,0,0.0
2026-08-12T09:57:32,Ford,Transit 2t,11,1,0.0909
2026-08-12T09:57:32,Ford,Transit Connect,3,0,0.0
2026-08-12T09:57:32,Ford,Transit Courier,4,3,0.75
2026-08-12T09:57:32,Ford,Transit Custom,17,0,0.0
2026-08-12T09:57:32,Ford,Transit Custom Kombi,5,0,0.0
2026-08-12T09:57:32,Ford,Transit Custom Nugget,1,0,0.0
2026-08-12T09:57:32,Honda,Hr-V,1,0,0.0
2026-08-12T09:57:32,Honda,Ny1,1,1,1.0
2026-08-12T09:57:32,Hyundai,Bayon,5,0,0.0
2026-08-12T09:57:32,Hyundai,I10,1,0,0.0
2026-08-12T09:57:32,Hyundai,I20,25,0,0.0
2026-08-12T09:57:32,Hyundai,I30,4,0,0.0
2026-08-12T09:57:32,Hyundai,I30 Fastback,1,0,0.0
2026-08-12T09:57:32,Hyundai,I30 Sw,4,0,0.0
2026-08-12T09:57:32,Hyundai,Ioniq,3,2,0.6667
2026-08-12T09:57:32,Hyundai,Ix20,1,0,0.0
2026-08-12T09:57:32,Hyundai,Kona,20,0,0.0
2026-08-12T09:57:32,Hyundai,Santa Fe,4,0,0.0
2026-08-12T09:57:32,Hyundai,Tucson,45,0,0.0
2026-08-12T09:57:32,Suzuki,Across,1,0,0.0
2026-08-12T09:57:32,Suzuki,E Vitara,2,2,1.0
2026-08-12T09:57:32,Suzuki,Ignis,4,0,0.0
2026-08-12T09:57:32,Suzuki,S-Cross,16,0,0.0
2026-08-12T09:57:32,Suzuki,Swace,1,0,0.0
2026-08-12T09:57:32,Suzuki,Swift,35,0,0.0
2026-08-12T09:57:32,Suzuki,Vitara,23,1,0.0435
2026-08-12T09:57:32,Tesla,Model 3,3,3,1.0
2026-08-12T09:57:32,Tesla,Model Y,1,1,1.0
2026-08-12T09:57:32,Toyota,Auris,1,0,0.0
2026-08-12T09:57:32,Toyota,Auris Touring Sports,1,0,0.0
2026-08-12T09:57:32,Toyota,Aygo,14,0,0.0
2026-08-12T09:57:32,Toyota,Aygo X,82,0,0.0
2026-08-12T09:57:32,Toyota,Bz4x,1,1,1.0
2026-08-12T09:57:32,Toyota,Bz4x Touring,2,2,1.0
2026-08-12T09:57:32,Toyota,C-Hr,74,0,0.0
2026-08-12T09:57:32,Toyota,C-Hr et plus,2,2,1.0
2026-08-12T09:57:32,Toyota,Corolla,20,0,0.0
2026-08-12T09:57:32,Toyota,Corolla Touring Sports,15,0,0.0
2026-08-12T09:57:32,Toyota,Hilux,2,0,0.0
2026-08-12T09:57:32,Toyota,Prius,2,0,0.0
2026-08-12T09:57:32,Toyota,Prius Hybride Rechargeable,1,0,0.0
2026-08-12T09:57:32,Toyota,Proace,5,2,0.4
2026-08-12T09:57:32,Toyota,Proace City,1,0,0.0
2026-08-12T09:57:32,Toyota,Proace City Verso,1,0,0.0
2026-08-12T09:57:32,Toyota,Proace Max,1,0,0.0
2026-08-12T09:57:32,Toyota,Rav4,17,0,0.0
2026-08-12T09:57:32,Toyota,Yaris,175,0,0.0
2026-08-12T09:57:32,Toyota,Yaris Cross,110,0,0.0
2026-08-12T09:57:32,Volkswagen,3,14,14,1.0
2026-08-12T09:57:32,Volkswagen,3 Neo,3,3,1.0
2026-08-12T09:57:32,Volkswagen,4,8,8,1.0
2026-08-12T09:57:32,Volkswagen,5,4,4,1.0
2026-08-12T09:57:32,Volkswagen,7,1,1,1.0
2026-08-12T09:57:32,Volkswagen,Arteon,2,0,0.0
2026-08-12T09:57:32,Volkswagen,Buzz,4,4,1.0
2026-08-12T09:57:32,Volkswagen,Caddy,1,0,0.0
2026-08-12T09:57:32,Volkswagen,Caddy Cargo,2,0,0.0
2026-08-12T09:57:32,Volkswagen,Caddy Maxi,1,0,0.0
2026-08-12T09:57:32,Volkswagen,Caddy Van,2,0,0.0
2026-08-12T09:57:32,Volkswagen,Caravelle,3,2,0.6667
2026-08-12T09:57:32,Volkswagen,Coccinelle,1,0,0.0
2026-08-12T09:57:32,Volkswagen,Crafter,4,0,0.0
2026-08-12T09:57:32,Volkswagen,Golf,62,0,0.0
2026-08-12T09:57:32,Volkswagen,Golf Sportsvan,1,0,0.0
2026-08-12T09:57:32,Volkswagen,Golf Sw,3,0,0.0
2026-08-12T09:57:32,Volkswagen,Multivan,1,0,0.0
2026-08-12T09:57:32,Volkswagen,Passat Sw,8,0,0.0
2026-08-12T09:57:32,Volkswagen,Polo,110,0,0.0
2026-08-12T09:57:32,Volkswagen,T-Cross,51,0,0.0
2026-08-12T09:57:32,Volkswagen,T-Roc,124,0,0.0
2026-08-12T09:57:32,Volkswagen,T-Roc Cabriolet,6,0,0.0
2026-08-12T09:57:32,Volkswagen,Taigo,50,0,0.0
2026-08-12T09:57:32,Volkswagen,Tayron,1,0,0.0
2026-08-12T09:57:32,Volkswagen,Tiguan,80,0,0.0
2026-08-12T09:57:32,Volkswagen,Tiguan Allspace,1,0,0.0
2026-08-12T09:57:32,Volkswagen,Touran,5,0,0.0
2026-08-12T09:57:32,Volkswagen,Transporter,13,1,0.0769
2026-08-12T09:57:32,Volvo,C40,1,1,1.0
2026-08-12T09:57:32,Volvo,Ec40,7,7,1.0
2026-08-12T09:57:32,Volvo,Es90,3,3,1.0
2026-08-12T09:57:32,Volvo,Ex30,14,14,1.0
2026-08-12T09:57:32,Volvo,Ex30 Cross Country,4,4,1.0
2026-08-12T09:57:32,Volvo,Ex40,10,10,1.0
2026-08-12T09:57:32,Volvo,Ex90,1,1,1.0
2026-08-12T09:57:32,Volvo,S60,1,0,0.0
2026-08-12T09:57:32,Volvo,S90,1,0,0.0
2026-08-12T09:57:32,Volvo,V60,16,0,0.0
2026-08-12T09:57:32,Volvo,Xc40,45,8,0.1778
2026-08-12T09:57:32,Volvo,Xc60,42,0,0.0
2026-08-12T09:57:32,Volvo,Xc90,7,0,0.0
2026-08-13T09:56:37,Abarth,500,5,1,0.2
2026-08-13T09:56:37,Abarth,500c,1,1,1.0
2026-08-13T09:56:37,Abarth,600,1,1,1.0
2026-08-13T09:56:37,Alfa Romeo,Giulia,3,0,0.0
2026-08-13T09:56:37,Alfa Romeo,Giulietta,3,0,0.0
2026-08-13T09:56:37,Alfa Romeo,Junior,1,0,0.0
2026-08-13T09:56:37,Alfa Romeo,Stelvio,8,0,0.0
2026-08-13T09:56:37,Alfa Romeo,Tonale,10,0,0.0
2026-08-13T09:56:37,Alpine,A110,25,0,0.0
2026-08-13T09:56:37,Alpine,A290,13,13,1.0
2026-08-13T09:56:37,Alpine,A390,6,6,1.0
2026-08-13T09:56:37,Aston Martin,V8 Vantage,1,0,0.0
2026-08-13T09:56:37,Audi,A1 Allstreet,4,0,0.0
2026-08-13T09:56:37,Audi,A1 Citycarver,1,0,0.0
2026-08-13T09:56:37,Audi,A1 Sportback,64,0,0.0
2026-08-13T09:56:37,Audi,A3,1,0,0.0
2026-08-13T09:56:37,Audi,A3 Allstreet,5,0,0.0
2026-08-13T09:56:37,Audi,A3 Sportback,40,0,0.0
2026-08-13T09:56:37,Audi,A4,2,0,0.0
2026-08-13T09:56:37,Audi,A4 Allroad,1,0,0.0
2026-08-13T09:56:37,Audi,A4 Avant,3,0,0.0
2026-08-13T09:56:37,Audi,A5,2,0,0.0
2026-08-13T09:56:37,Audi,A5 Avant,7,0,0.0
2026-08-13T09:56:37,Audi,A5 Sportback,3,0,0.0
2026-08-13T09:56:37,Audi,A6,2,0,0.0
2026-08-13T09:56:37,Audi,A6 Allroad,3,0,0.0
2026-08-13T09:56:37,Audi,A6 Avant,8,0,0.0
2026-08-13T09:56:37,Audi,A6 Avant E-Tron,2,2,1.0
2026-08-13T09:56:37,Audi,A6 Sportback E-Tron,1,1,1.0
2026-08-13T09:56:37,Audi,A8,1,0,0.0
2026-08-13T09:56:37,Audi,E-Tron Gt,1,1,1.0
2026-08-13T09:56:37,Audi,E-Tron S Sportback,2,2,1.0
2026-08-13T09:56:37,Audi,E-Tron Sportback,1,1,1.0
2026-08-13T09:56:37,Audi,Q2,47,0,0.0
2026-08-13T09:56:37,Audi,Q3,35,0,0.0
2026-08-13T09:56:37,Audi,Q3 Sportback,25,0,0.0
2026-08-13T09:56:37,Audi,Q4 E-Tron,6,6,1.0
2026-08-13T09:56:37,Audi,Q4 Sportback E-Tron,6,6,1.0
2026-08-13T09:56:37,Audi,Q5,22,0,0.0
2026-08-13T09:56:37,Audi,Q5 Sportback,11,0,0.0
2026-08-13T09:56:37,Audi,Q6 E-Tron,5,5,1.0
2026-08-13T09:56:37,Audi,Q6 Sportback E-Tron,4,4,1.0
2026-08-13T09:56:37,Audi,Q7,1,0,0.0
2026-08-13T09:56:37,Audi,Q8,3,0,0.0
2026-08-13T09:56:37,Audi,Q8 E-Tron,1,1,1.0
2026-08-13T09:56:37,Audi,Q8 E-Tron Sportback,1,1,1.0
2026-08-13T09:56:37,Audi,R8 Spyder,1,0,0.0
2026-08-13T09:56:37,Audi,Rs Q3 Sportback,1,0,0.0
2026-08-13T09:56:37,Audi,Rs3 Sportback,1,0,0.0
2026-08-13T09:56:37,Audi,Rs4 Avant,1,0,0.0
2026-08-13T09:56:37,Audi,Rs6 Avant,1,0,0.0
2026-08-13T09:56:37,Audi,S3,1,0,0.0
2026-08-13T09:56:37,Audi,S3 Sportback,2,0,0.0
2026-08-13T09:56:37,Audi,S4 Avant,1,0,0.0
2026-08-13T09:56:37,Audi,S6 Avant E-Tron,2,2,1.0
2026-08-13T09:56:37,Audi,Tt,2,0,0.0
2026-08-13T09:56:37,Audi,Tt Roadster,1,0,0.0
2026-08-13T09:56:37,Bmw,I3,2,2,1.0
2026-08-13T09:56:37,Bmw,I4,32,32,1.0
2026-08-13T09:56:37,Bmw,I8,1,0,0.0
2026-08-13T09:56:37,Bmw,Ix,4,4,1.0
2026-08-13T09:56:37,Bmw,Ix3,3,3,1.0
2026-08-13T09:56:37,Bmw,M2 Coupé,3,0,0.0
2026-08-13T09:56:37,Bmw,M4 Coupé,3,0,0.0
2026-08-13T09:56:37,Bmw,M5,1,0,0.0
2026-08-13T09:56:37,Bmw,M5 Touring,1,0,0.0
2026-08-13T09:56:37,Bmw,Série 1,135,0,0.0
2026-08-13T09:56:37,Bmw,Série 2 Active Tourer,78,0,0.0
2026-08-13T09:56:37,Bmw,Série 2 Coupé,5,0,0.0
2026-08-13T09:56:37,Bmw,Série 2 Gran Coupé,21,0,0.0
2026-08-13T09:56:37,Bmw,Série 2 Gran Tourer,4,0,0.0
2026-08-13T09:56:37,Bmw,Série 3,13,0,0.0
2026-08-13T09:56:37,Bmw,Série 3 Gran Turismo,5,0,0.0
2026-08-13T09:56:37,Bmw,Série 3 Touring,38,0,0.0
2026-08-13T09:56:37,Bmw,Série 4 Cabriolet,5,0,0.0
2026-08-13T09:56:37,Bmw,Série 4 Coupé,14,0,0.0
2026-08-13T09:56:37,Bmw,Série 4 Gran Coupé,25,0,0.0
2026-08-13T09:56:37,Bmw,Série 5,24,6,0.25
2026-08-13T09:56:37,Bmw,Série 5 Touring,12,2,0.1667
2026-08-13T09:56:37,Bmw,Série 7,1,0,0.0
2026-08-13T09:56:37,Bmw,Série 8 Gran Coupé,2,0,0.0
2026-08-13T09:56:37,Bmw,X1,146,29,0.1986
2026-08-13T09:56:37,Bmw,X2,76,11,0.1447
2026-08-13T09:56:37,Bmw,X3,76,0,0.0
2026-08-13T09:56:37,Bmw,X4,8,0,0.0
2026-08-13T09:56:37,Bmw,X4 M,2,0,0.0
2026-08-13T09:56:37,Bmw,X5,31,0,0.0
2026-08-13T09:56:37,Bmw,X6,2,0,0.0
2026-08-13T09:56:37,Bmw,Xm,4,0,0.0
2026-08-13T09:56:37,Bmw,Z4 Roadster,7,0,0.0
2026-08-13T09:56:37,Byd,Atto 2,2,2,1.0
2026-08-13T09:56:37,Byd,Atto 3,1,1,1.0
2026-08-13T09:56:37,Byd,Seal 6 Dm-I,1,0,0.0
2026-08-13T09:56:37,Byd,Seal 6 Dm-I Touring,1,0,0.0
2026-08-13T09:56:37,Byd,Tang,3,3,1.0
2026-08-13T09:56:37,Citroen,Ami,15,15,1.0
2026-08-13T09:56:37,Citroen,Berlingo,15,2,0.1333
2026-08-13T09:56:37,Citroen,Berlingo Van,45,0,0.0
2026-08-13T09:56:37,Citroen,C1,12,0,0.0
2026-08-13T09:56:37,Citroen,C3,712,8,0.0112
2026-08-13T09:56:37,Citroen,C3 Aircross,154,7,0.0455
2026-08-13T09:56:37,Citroen,C4,134,31,0.2313
2026-08-13T09:56:37,Citroen,C4 Cactus,15,0,0.0
2026-08-13T09:56:37,Citroen,C4 Picasso,6,0,0.0
2026-08-13T09:56:37,Citroen,C4 Spacetourer,4,0,0.0
2026-08-13T09:56:37,Citroen,C4 X,9,4,0.4444
2026-08-13T09:56:37,Citroen,C5,2,0,0.0
2026-08-13T09:56:37,Citroen,C5 Aircross,204,4,0.0196
2026-08-13T09:56:37,Citroen,C5 X,15,0,0.0
2026-08-13T09:56:37,Citroen,Grand C4 Picasso,1,0,0.0
2026-08-13T09:56:37,Citroen,Grand C4 Spacetourer,6,0,0.0
2026-08-13T09:56:37,Citroen,Holidays,1,0,0.0
2026-08-13T09:56:37,Citroen,Jumper,16,0,0.0
2026-08-13T09:56:37,Citroen,Jumpy,33,1,0.0303
2026-08-13T09:56:37,Citroen,Spacetourer,14,0,0.0
2026-08-13T09:56:37,Cupra,Born,2,2,1.0
2026-08-13T09:56:37,Cupra,Formentor,20,0,0.0
2026-08-13T09:56:37,Cupra,Leon,6,0,0.0
2026-08-13T09:56:37,Cupra,Leon St,3,0,0.0
2026-08-13T09:56:37,Cupra,Raval,1,1,1.0
2026-08-13T09:56:37,Cupra,Terramar,4,0,0.0
2026-08-13T09:56:37,Dacia,Bigster,43,0,0.0
2026-08-13T09:56:37,Dacia,Duster,409,0,0.0
2026-08-13T09:56:37,Dacia,Jogger,153,0,0.0
2026-08-13T09:56:37,Dacia,Lodgy,9,0,0.0
2026-08-13T09:56:37,Dacia,Logan,3,0,0.0
2026-08-13T09:56:37,Dacia,Sandero,673,0,0.0
2026-08-13T09:56:37,Dacia,Spring,191,191,1.0
2026-08-13T09:56:37,Ds,4,13,6,0.4615
2026-08-13T09:56:37,Ds,8,7,7,1.0
2026-08-13T09:56:37,Ds,Ds,3,0,0.0
2026-08-13T09:56:37,Ds,Ds 3,46,13,0.2826
2026-08-13T09:56:37,Ds,Ds 3 Crossback,48,9,0.1875
2026-08-13T09:56:37,Ds,Ds 4,106,0,0.0
2026-08-13T09:56:37,Ds,Ds 7,48,0,0.0
2026-08-13T09:56:37,Ds,Ds 7 Crossback,52,0,0.0
2026-08-13T09:56:37,Ds,Ds 9,1,0,0.0
2026-08-13T09:56:37,Fiat,500,44,22,0.5
2026-08-13T09:56:37,Fiat,500c,8,2,0.25
2026-08-13T09:56:37,Fiat,500x,23,0,0.0
2026-08-13T09:56:37,Fiat,600,11,2,0.1818
2026-08-13T09:56:37,Fiat,Doblo,1,0,0.0
2026-08-13T09:56:37,Fiat,Doblo Cargo,1,0,0.0
2026-08-13T09:56:37,Fiat,Ducato,5,0,0.0
2026-08-13T09:56:37,Fiat,Grande Panda,3,2,0.6667
2026-08-13T09:56:37,Fiat,Panda,4,0,0.0
2026-08-13T09:56:37,Fiat,Punto,1,0,0.0
2026-08-13T09:56:37,Fiat,Scudo,9,1,0.1111
2026-08-13T09:56:37,Fiat,Talento,1,0,0.0
2026-08-13T09:56:37,Fiat,Tipo,3,0,0.0
2026-08-13T09:56:37,Fiat,Tipo Cross,2,0,0.0
2026-08-13T09:56:37,Ford,B-Max,1,0,0.0
2026-08-13T09:56:37,Ford,Capri,10,10,1.0
2026-08-13T09:56:37,Ford,Ecosport,14,0,0.0
2026-08-13T09:56:37,Ford,Explorer,15,13,0.8667
2026-08-13T09:56:37,Ford,Fiesta,42,0,0.0
2026-08-13T09:56:37,Ford,Fiesta Active,2,0,0.0
2026-08-13T09:56:37,Ford,Focus,27,0,0.0
2026-08-13T09:56:37,Ford,Focus Active,1,0,0.0
2026-08-13T09:56:37,Ford,Focus Active Sw,1,0,0.0
2026-08-13T09:56:37,Ford,Focus Sw,2,0,0.0
2026-08-13T09:56:37,Ford,Galaxy,2,0,0.0
2026-08-13T09:56:37,Ford,Kuga,82,0,0.0
2026-08-13T09:56:37,Ford,Mondeo,1,0,0.0
2026-08-13T09:56:37,Ford,Mondeo Sw,2,0,0.0
2026-08-13T09:56:37,Ford,Mustang Mach-E,8,8,1.0
2026-08-13T09:56:37,Ford,Puma,139,20,0.1439
2026-08-13T09:56:37,Ford,Ranger,9,0,0.0
2026-08-13T09:56:37,Ford,S-Max,4,0,0.0
2026-08-13T09:56:37,Ford,Tourneo Connect,1,0,0.0
2026-08-13T09:56:37,Ford,Tourneo Courier,6,1,0.1667
2026-08-13T09:56:37,Ford,Tourneo Custom,4,0,0.0
2026-08-13T09:56:37,Ford,Transit 2t,11,1,0.0909
2026-08-13T09:56:37,Ford,Transit Connect,3,0,0.0
2026-08-13T09:56:37,Ford,Transit Courier,4,3,0.75
2026-08-13T09:56:37,Ford,Transit Custom,18,0,0.0
2026-08-13T09:56:37,Ford,Transit Custom Kombi,5,0,0.0
2026-08-13T09:56:37,Ford,Transit Custom Nugget,1,0,0.0
2026-08-13T09:56:37,Honda,Hr-V,1,0,0.0
2026-08-13T09:56:37,Honda,Ny1,1,1,1.0
2026-08-14T09:55:52,Abarth,500,5,1,0.2
2026-08-14T09:55:52,Abarth,500c,1,1,1.0
2026-08-14T09:55:52,Abarth,600,1,1,1.0
2026-08-14T09:55:52,Alfa Romeo,Giulia,3,0,0.0
2026-08-14T09:55:52,Alfa Romeo,Giulietta,3,0,0.0
2026-08-14T09:55:52,Alfa Romeo,Junior,1,0,0.0
2026-08-14T09:55:52,Alfa Romeo,Stelvio,8,0,0.0
2026-08-14T09:55:52,Alfa Romeo,Tonale,10,0,0.0
2026-08-14T09:55:52,Alpine,A110,25,0,0.0
2026-08-14T09:55:52,Alpine,A290,13,13,1.0
2026-08-14T09:55:52,Alpine,A390,6,6,1.0
2026-08-14T09:55:52,Aston Martin,V8 Vantage,1,0,0.0
2026-08-14T09:55:52,Audi,A1 Allstreet,5,0,0.0
2026-08-14T09:55:52,Audi,A1 Citycarver,1,0,0.0
2026-08-14T09:55:52,Audi,A1 Sportback,65,0,0.0
2026-08-14T09:55:52,Audi,A3,1,0,0.0
2026-08-14T09:55:52,Audi,A3 Allstreet,5,0,0.0
2026-08-14T09:55:52,Audi,A3 Sportback,41,0,0.0
2026-08-14T09:55:52,Audi,A4,2,0,0.0
2026-08-14T09:55:52,Audi,A4 Allroad,1,0,0.0
2026-08-14T09:55:52,Audi,A4 Avant,3,0,0.0
2026-08-14T09:55:52,Audi,A5,2,0,0.0
2026-08-14T09:55:52,Audi,A5 Avant,7,0,0.0
2026-08-14T09:55:52,Audi,A5 Sportback,2,0,0.0
2026-08-14T09:55:52,Audi,A6,2,0,0.0
2026-08-14T09:55:52,Audi,A6 Allroad,3,0,0.0
2026-08-14T09:55:52,Audi,A6 Avant,8,0,0.0
2026-08-14T09:55:52,Audi,A6 Avant E-Tron,2,2,1.0
2026-08-14T09:55:52,Audi,A6 Sportback E-Tron,1,1,1.0
2026-08-14T09:55:52,Audi,A8,1,0,0.0
2026-08-14T09:55:52,Audi,E-Tron Gt,1,1,1.0
2026-08-14T09:55:52,Audi,E-Tron S Sportback,2,2,1.0
2026-08-14T09:55:52,Audi,E-Tron Sportback,1,1,1.0
2026-08-14T09:55:52,Audi,Q2,47,0,0.0
2026-08-14T09:55:52,Audi,Q3,38,0,0.0
2026-08-14T09:55:52,Audi,Q3 Sportback,25,0,0.0
2026-08-14T09:55:52,Audi,Q4 E-Tron,5,5,1.0
2026-08-14T09:55:52,Audi,Q4 Sportback E-Tron,6,6,1.0
2026-08-14T09:55:52,Audi,Q5,23,0,0.0
2026-08-14T09:55:52,Audi,Q5 Sportback,11,0,0.0
2026-08-14T09:55:52,Audi,Q6 E-Tron,6,6,1.0
2026-08-14T09:55:52,Audi,Q6 Sportback E-Tron,4,4,1.0
2026-08-14T09:55:52,Audi,Q7,1,0,0.0
2026-08-14T09:55:52,Audi,Q8,3,0,0.0
2026-08-14T09:55:52,Audi,Q8 E-Tron,1,1,1.0
2026-08-14T09:55:52,Audi,Q8 E-Tron Sportback,1,1,1.0
2026-08-14T09:55:52,Audi,R8 Spyder,1,0,0.0
2026-08-14T09:55:52,Audi,Rs Q3 Sportback,1,0,0.0
2026-08-14T09:55:52,Audi,Rs3 Sportback,1,0,0.0
2026-08-14T09:55:52,Audi,Rs4 Avant,1,0,0.0
2026-08-14T09:55:52,Audi,Rs5,1,0,0.0
2026-08-14T09:55:52,Audi,Rs6 Avant,1,0,0.0
2026-08-14T09:55:52,Audi,S3,1,0,0.0
2026-08-14T09:55:52,Audi,S3 Sportback,2,0,0.0
2026-08-14T09:55:52,Audi,S4 Avant,1,0,0.0
2026-08-14T09:55:52,Audi,S6 Avant E-Tron,2,2,1.0
2026-08-14T09:55:52,Audi,Tt,2,0,0.0
2026-08-14T09:55:52,Audi,Tt Roadster,1,0,0.0
2026-08-14T09:55:52,Bmw,I3,2,2,1.0
2026-08-14T09:55:52,Bmw,I4,32,32,1.0
2026-08-14T09:55:52,Bmw,I8,1,0,0.0
2026-08-14T09:55:52,Bmw,Ix,4,4,1.0
2026-08-14T09:55:52,Bmw,Ix3,3,3,1.0
2026-08-14T09:55:52,Bmw,M2 Coupé,3,0,0.0
2026-08-14T09:55:52,Bmw,M4 Coupé,3,0,0.0
2026-08-14T09:55:52,Bmw,M5,1,0,0.0
2026-08-14T09:55:52,Bmw,M5 Touring,1,0,0.0
2026-08-14T09:55:52,Bmw,Série 1,137,0,0.0
2026-08-14T09:55:52,Bmw,Série 2 Active Tourer,79,0,0.0
2026-08-14T09:55:52,Bmw,Série 2 Coupé,5,0,0.0
2026-08-14T09:55:52,Bmw,Série 2 Gran Coupé,20,0,0.0
2026-08-14T09:55:52,Bmw,Série 2 Gran Tourer,5,0,0.0
2026-08-14T09:55:52,Bmw,Série 3,13,0,0.0
2026-08-14T09:55:52,Bmw,Série 3 Gran Turismo,5,0,0.0
2026-08-14T09:55:52,Bmw,Série 3 Touring,38,0,0.0
2026-08-14T09:55:52,Bmw,Série 4 Cabriolet,6,0,0.0
2026-08-14T09:55:52,Bmw,Série 4 Coupé,14,0,0.0
2026-08-14T09:55:52,Bmw,Série 4 Gran Coupé,25,0,0.0
2026-08-14T09:55:52,Bmw,Série 5,25,7,0.28
2026-08-14T09:55:52,Bmw,Série 5 Touring,12,2,0.1667
2026-08-14T09:55:52,Bmw,Série 7,1,0,0.0
2026-08-14T09:55:52,Bmw,Série 8 Gran Coupé,2,0,0.0
2026-08-14T09:55:52,Bmw,X1,145,29,0.2
2026-08-14T09:55:52,Bmw,X2,77,11,0.1429
2026-08-14T09:55:52,Bmw,X3,78,0,0.0
2026-08-14T09:55:52,Bmw,X4,9,0,0.0
2026-08-14T09:55:52,Bmw,X4 M,2,0,0.0
2026-08-14T09:55:52,Bmw,X5,32,0,0.0
2026-08-14T09:55:52,Bmw,X6,2,0,0.0
2026-08-14T09:55:52,Bmw,Xm,4,0,0.0
2026-08-14T09:55:52,Bmw,Z4 Roadster,7,0,0.0
2026-08-14T09:55:52,Byd,Atto 2,2,2,1.0
2026-08-14T09:55:52,Byd,Atto 3,1,1,1.0
2026-08-14T09:55:52,Byd,Seal 6 Dm-I,1,0,0.0
2026-08-14T09:55:52,Byd,Seal 6 Dm-I Touring,1,0,0.0
2026-08-14T09:55:52,Byd,Tang,3,3,1.0
2026-08-14T09:55:52,Citroen,Ami,14,14,1.0
2026-08-14T09:55:52,Citroen,Berlingo,15,2,0.1333
2026-08-14T09:55:52,Citroen,Berlingo Van,46,0,0.0
2026-08-14T09:55:52,Citroen,C1,12,0,0.0
2026-08-14T09:55:52,Citroen,C3,727,8,0.011
2026-08-14T09:55:52,Citroen,C3 Aircross,153,7,0.0458
2026-08-14T09:55:52,Citroen,C4,143,34,0.2378
2026-08-14T09:55:52,Citroen,C4 Cactus,15,0,0.0
2026-08-14T09:55:52,Citroen,C4 Picasso,6,0,0.0
2026-08-14T09:55:52,Citroen,C4 Spacetourer,4,0,0.0
2026-08-14T09:55:52,Citroen,C4 X,8,4,0.5
2026-08-14T09:55:52,Citroen,C5,2,0,0.0
2026-08-14T09:55:52,Citroen,C5 Aircross,208,4,0.0192
2026-08-14T09:55:52,Citroen,C5 X,14,0,0.0
2026-08-14T09:55:52,Citroen,Grand C4 Picasso,1,0,0.0
2026-08-14T09:55:52,Citroen,Grand C4 Spacetourer,6,0,0.0
2026-08-14T09:55:52,Citroen,Holidays,1,0,0.0
2026-08-14T09:55:52,Citroen,Jumper,15,0,0.0
2026-08-14T09:55:52,Citroen,Jumpy,32,1,0.0312
2026-08-14T09:55:52,Citroen,Spacetourer,14,0,0.0
2026-08-14T09:55:52,Cupra,Born,2,2,1.0
2026-08-14T09:55:52,Cupra,Formentor,21,0,0.0
2026-08-14T09:55:52,Cupra,Leon,6,0,0.0
2026-08-14T09:55:52,Cupra,Leon St,3,0,0.0
2026-08-14T09:55:52,Cupra,Terramar,4,0,0.0
2026-08-14T09:55:52,Dacia,Bigster,44,0,0.0
2026-08-14T09:55:52,Dacia,Duster,413,0,0.0
2026-08-14T09:55:52,Dacia,Jogger,147,0,0.0
2026-08-14T09:55:52,Dacia,Lodgy,8,0,0.0
2026-08-14T09:55:52,Dacia,Logan,3,0,0.0
2026-08-14T09:55:52,Dacia,Logan Mcv,1,0,0.0
2026-08-14T09:55:52,Dacia,Sandero,691,0,0.0
2026-08-14T09:55:52,Dacia,Spring,199,199,1.0
2026-08-14T09:55:52,Ds,4,13,6,0.4615
2026-08-14T09:55:52,Ds,8,7,7,1.0
2026-08-14T09:55:52,Ds,Ds,3,0,0.0
2026-08-14T09:55:52,Ds,Ds 3,46,13,0.2826
2026-08-14T09:55:52,Ds,Ds 3 Crossback,52,9,0.1731
2026-08-14T09:55:52,Ds,Ds 4,105,0,0.0
2026-08-14T09:55:52,Ds,Ds 7,51,0,0.0
2026-08-14T09:55:52,Ds,Ds 7 Crossback,57,0,0.0
2026-08-14T09:55:52,Ds,Ds 9,1,0,0.0
2026-08-14T09:55:52,Fiat,500,44,22,0.5
2026-08-14T09:55:52,Fiat,500c,8,2,0.25
2026-08-14T09:55:52,Fiat,500l,1,0,0.0
2026-08-14T09:55:52,Fiat,500x,24,0,0.0
2026-08-14T09:55:52,Fiat,600,11,2,0.1818
2026-08-14T09:55:52,Fiat,Doblo,1,0,0.0
2026-08-14T09:55:52,Fiat,Doblo Cargo,1,0,0.0
2026-08-14T09:55:52,Fiat,Ducato,5,0,0.0
2026-08-14T09:55:52,Fiat,Grande Panda,4,2,0.5
2026-08-14T09:55:52,Fiat,Panda,4,0,0.0
2026-08-14T09:55:52,Fiat,Punto,1,0,0.0
2026-08-14T09:55:52,Fiat,Scudo,9,1,0.1111
2026-08-14T09:55:52,Fiat,Talento,1,0,0.0
2026-08-14T09:55:52,Fiat,Tipo,4,0,0.0
2026-08-14T09:55:52,Fiat,Tipo Cross,2,0,0.0
2026-08-14T09:55:52,Ford,B-Max,1,0,0.0
2026-08-14T09:55:52,Ford,Capri,10,10,1.0
2026-08-14T09:55:52,Ford,Ecosport,14,0,0.0
2026-08-14T09:55:52,Ford,Explorer,15,13,0.8667
2026-08-14T09:55:52,Ford,Fiesta,43,0,0.0
2026-08-14T09:55:52,Ford,Fiesta Active,2,0,0.0
2026-08-14T09:55:52,Ford,Focus,25,0,0.0
2026-08-14T09:55:52,Ford,Focus Active,2,0,0.0
2026-08-14T09:55:52,Ford,Focus Active Sw,1,0,0.0
2026-08-14T09:55:52,Ford,Focus Sw,3,0,0.0
2026-08-14T09:55:52,Ford,Galaxy,2,0,0.0
2026-08-14T09:55:52,Ford,Kuga,87,0,0.0
2026-08-14T09:55:52,Ford,Mondeo,1,0,0.0
2026-08-14T09:55:52,Ford,Mondeo Sw,2,0,0.0
2026-08-14T09:55:52,Ford,Mustang Mach-E,8,8,1.0
2026-08-14T09:55:52,Ford,Puma,140,20,0.1429
2026-08-14T09:55:52,Ford,Ranger,10,0,0.0
2026-08-14T09:55:52,Ford,S-Max,4,0,0.0
2026-08-14T09:55:52,Ford,Tourneo Connect,1,0,0.0
2026-08-14T09:55:52,Ford,Tourneo Courier,5,1,0.2
2026-08-14T09:55:52,Ford,Tourneo Custom,5,0,0.0
2026-08-14T09:55:52,Ford,Transit 2t,10,1,0.1
2026-08-14T09:55:52,Ford,Transit Connect,3,0,0.0
2026-08-14T09:55:52,Ford,Transit Courier,4,3,0.75
2026-08-14T09:55:52,Ford,Transit Custom,17,0,0.0
2026-08-14T09:55:52,Ford,Transit Custom Kombi,5,0,0.0
2026-08-14T09:55:52,Ford,Transit Custom Nugget,1,0,0.0
2026-08-14T09:55:52,Honda,Hr-V,1,0,0.0
2026-08-14T09:55:52,Honda,Jazz,1,0,0.0
2026-08-14T09:55:52,Honda,Ny1,1,1,1.0
2026-08-15T09:20:00,Abarth,500,5,1,0.2
2026-08-15T09:20:00,Abarth,500c,1,1,1.0
2026-08-15T09:20:00,Abarth,600,1,1,1.0
2026-08-15T09:20:00,Alfa Romeo,Giulia,3,0,0.0
2026-08-15T09:20:00,Alfa Romeo,Giulietta,2,0,0.0
2026-08-15T09:20:00,Alfa Romeo,Junior,1,0,0.0
2026-08-15T09:20:00,Alfa Romeo,Stelvio,8,0,0.0
2026-08-15T09:20:00,Alfa Romeo,Tonale,10,0,0.0
2026-08-15T09:20:00,Alpine,A110,26,0,0.0
2026-08-15T09:20:00,Alpine,A290,13,13,1.0
2026-08-15T09:20:00,Alpine,A390,6,6,1.0
2026-08-15T09:20:00,Aston Martin,V8 Vantage,1,0,0.0
2026-08-15T09:20:00,Audi,A1 Allstreet,5,0,0.0
2026-08-15T09:20:00,Audi,A1 Citycarver,1,0,0.0
2026-08-15T09:20:00,Audi,A1 Sportback,68,0,0.0
2026-08-15T09:20:00,Audi,A3,1,0,0.0
2026-08-15T09:20:00,Audi,A3 Allstreet,4,0,0.0
2026-08-15T09:20:00,Audi,A3 Sportback,41,0,0.0
2026-08-15T09:20:00,Audi,A4,2,0,0.0
2026-08-15T09:20:00,Audi,A4 Allroad,2,0,0.0
2026-08-15T09:20:00,Audi,A4 Avant,3,0,0.0
2026-08-15T09:20:00,Audi,A5,2,0,0.0
2026-08-15T09:20:00,Audi,A5 Avant,7,0,0.0
2026-08-15T09:20:00,Audi,A5 Sportback,2,0,0.0
2026-08-15T09:20:00,Audi,A6,2,0,0.0
2026-08-15T09:20:00,Audi,A6 Allroad,3,0,0.0
2026-08-15T09:20:00,Audi,A6 Avant,8,0,0.0
2026-08-15T09:20:00,Audi,A6 Avant E-Tron,2,2,1.0
2026-08-15T09:20:00,Audi,A6 Sportback E-Tron,1,1,1.0
2026-08-15T09:20:00,Audi,A8,1,0,0.0
2026-08-15T09:20:00,Audi,E-Tron Gt,1,1,1.0
2026-08-15T09:20:00,Audi,E-Tron S Sportback,2,2,1.0
2026-08-15T09:20:00,Audi,E-Tron Sportback,1,1,1.0
2026-08-15T09:20:00,Audi,Q2,48,0,0.0
2026-08-15T09:20:00,Audi,Q3,36,0,0.0
2026-08-15T09:20:00,Audi,Q3 Sportback,23,0,0.0
2026-08-15T09:20:00,Audi,Q4 E-Tron,5,5,1.0
2026-08-15T09:20:00,Audi,Q4 Sportback E-Tron,6,6,1.0
2026-08-15T09:20:00,Audi,Q5,22,0,0.0
2026-08-15T09:20:00,Audi,Q5 Sportback,11,0,0.0
2026-08-15T09:20:00,Audi,Q6 E-Tron,6,6,1.0
2026-08-15T09:20:00,Audi,Q6 Sportback E-Tron,4,4,1.0
2026-08-15T09:20:00,Audi,Q8,2,0,0.0
2026-08-15T09:20:00,Audi,Q8 E-Tron,2,2,1.0
2026-08-15T09:20:00,Audi,Q8 E-Tron Sportback,1,1,1.0
2026-08-15T09:20:00,Audi,R8 Spyder,1,0,0.0
2026-08-15T09:20:00,Audi,Rs Q3 Sportback,1,0,0.0
2026-08-15T09:20:00,Audi,Rs3 Sportback,2,0,0.0
2026-08-15T09:20:00,Audi,Rs4 Avant,1,0,0.0
2026-08-15T09:20:00,Audi,Rs5,1,0,0.0
2026-08-15T09:20:00,Audi,Rs6 Avant,2,0,0.0
2026-08-15T09:20:00,Audi,S3,1,0,0.0
2026-08-15T09:20:00,Audi,S3 Sportback,2,0,0.0
2026-08-15T09:20:00,Audi,S4 Avant,1,0,0.0
2026-08-15T09:20:00,Audi,S6 Avant E-Tron,2,2,1.0
2026-08-15T09:20:00,Audi,Tt,2,0,0.0
2026-08-15T09:20:00,Audi,Tt Roadster,1,0,0.0
2026-08-15T09:20:00,Bmw,I3,1,1,1.0
2026-08-15T09:20:00,Bmw,I4,33,33,1.0
2026-08-15T09:20:00,Bmw,I8,1,0,0.0
2026-08-15T09:20:00,Bmw,Ix,4,4,1.0
2026-08-15T09:20:00,Bmw,Ix3,4,4,1.0
2026-08-15T09:20:00,Bmw,M2 Coupé,2,0,0.0
2026-08-15T09:20:00,Bmw,M4 Coupé,3,0,0.0
2026-08-15T09:20:00,Bmw,M5,1,0,0.0
2026-08-15T09:20:00,Bmw,M5 Touring,1,0,0.0
2026-08-15T09:20:00,Bmw,Série 1,137,0,0.0
2026-08-15T09:20:00,Bmw,Série 2 Active Tourer,76,0,0.0
2026-08-15T09:20:00,Bmw,Série 2 Coupé,5,0,0.0
2026-08-15T09:20:00,Bmw,Série 2 Gran Coupé,21,0,0.0
2026-08-15T09:20:00,Bmw,Série 2 Gran Tourer,5,0,0.0
2026-08-15T09:20:00,Bmw,Série 3,13,0,0.0
2026-08-15T09:20:00,Bmw,Série 3 Gran Turismo,5,0,0.0
2026-08-15T09:20:00,Bmw,Série 3 Touring,38,0,0.0
2026-08-15T09:20:00,Bmw,Série 4 Cabriolet,6,0,0.0
2026-08-15T09:20:00,Bmw,Série 4 Coupé,14,0,0.0
2026-08-15T09:20:00,Bmw,Série 4 Gran Coupé,24,0,0.0
2026-08-15T09:20:00,Bmw,Série 5,25,7,0.28
2026-08-15T09:20:00,Bmw,Série 5 Touring,12,2,0.1667
2026-08-15T09:20:00,Bmw,Série 7,1,0,0.0
2026-08-15T09:20:00,Bmw,Série 8 Gran Coupé,2,0,0.0
2026-08-15T09:20:00,Bmw,X1,142,28,0.1972
2026-08-15T09:20:00,Bmw,X2,78,11,0.141
2026-08-15T09:20:00,Bmw,X3,76,0,0.0
2026-08-15T09:20:00,Bmw,X4,8,0,0.0
2026-08-15T09:20:00,Bmw,X4 M,2,0,0.0
2026-08-15T09:20:00,Bmw,X5,30,0,0.0
2026-08-15T09:20:00,Bmw,X6,2,0,0.0
2026-08-15T09:20:00,Bmw,Xm,4,0,0.0
2026-08-15T09:20:00,Bmw,Z4 Roadster,7,0,0.0
2026-08-15T09:20:00,Byd,Atto 2,1,1,1.0
2026-08-15T09:20:00,Byd,Atto 3,1,1,1.0
2026-08-15T09:20:00,Byd,Seal 6 Dm-I,1,0,0.0
2026-08-15T09:20:00,Byd,Seal 6 Dm-I Touring,1,0,0.0
2026-08-15T09:20:00,Byd,Tang,2,2,1.0
2026-08-15T09:20:00,Citroen,Ami,15,15,1.0
2026-08-15T09:20:00,Citroen,Berlingo,15,2,0.1333
2026-08-15T09:20:00,Citroen,Berlingo Van,44,0,0.0
2026-08-15T09:20:00,Citroen,C1,13,0,0.0
2026-08-15T09:20:00,Citroen,C3,722,8,0.0111
2026-08-15T09:20:00,Citroen,C3 Aircross,151,7,0.0464
2026-08-15T09:20:00,Citroen,C4,144,35,0.2431
2026-08-15T09:20:00,Citroen,C4 Cactus,17,0,0.0
2026-08-15T09:20:00,Citroen,C4 Picasso,6,0,0.0
2026-08-15T09:20:00,Citroen,C4 Spacetourer,4,0,0.0
2026-08-15T09:20:00,Citroen,C4 X,8,4,0.5
2026-08-15T09:20:00,Citroen,C5,2,0,0.0
2026-08-15T09:20:00,Citroen,C5 Aircross,205,4,0.0195
2026-08-15T09:20:00,Citroen,C5 X,14,0,0.0
2026-08-15T09:20:00,Citroen,Grand C4 Picasso,1,0,0.0
2026-08-15T09:20:00,Citroen,Grand C4 Spacetourer,6,0,0.0
2026-08-15T09:20:00,Citroen,Holidays,1,0,0.0
2026-08-15T09:20:00,Citroen,Jumper,16,0,0.0
2026-08-15T09:20:00,Citroen,Jumpy,33,1,0.0303
2026-08-15T09:20:00,Citroen,Spacetourer,13,0,0.0
2026-08-15T09:20:00,Cupra,Born,2,2,1.0
2026-08-15T09:20:00,Cupra,Formentor,21,0,0.0
2026-08-15T09:20:00,Cupra,Leon,6,0,0.0
2026-08-15T09:20:00,Cupra,Leon St,3,0,0.0
2026-08-15T09:20:00,Cupra,Terramar,4,0,0.0
2026-08-15T09:20:00,Dacia,Bigster,44,0,0.0
2026-08-15T09:20:00,Dacia,Duster,421,0,0.0
2026-08-15T09:20:00,Dacia,Jogger,152,0,0.0
2026-08-15T09:20:00,Dacia,Lodgy,9,0,0.0
2026-08-15T09:20:00,Dacia,Logan,3,0,0.0
2026-08-15T09:20:00,Dacia,Logan Mcv,1,0,0.0
2026-08-15T09:20:00,Dacia,Sandero,703,0,0.0
2026-08-15T09:20:00,Dacia,Spring,202,202,1.0
2026-08-15T09:20:00,Ds,4,13,6,0.4615
2026-08-15T09:20:00,Ds,8,8,8,1.0
2026-08-15T09:20:00,Ds,Ds,4,0,0.0
2026-08-15T09:20:00,Ds,Ds 3,45,12,0.2667
2026-08-15T09:20:00,Ds,Ds 3 Crossback,53,9,0.1698
2026-08-15T09:20:00,Ds,Ds 4,106,0,0.0
2026-08-15T09:20:00,Ds,Ds 7,51,0,0.0
2026-08-15T09:20:00,Ds,Ds 7 Crossback,59,0,0.0
2026-08-15T09:20:00,Ds,Ds 9,1,0,0.0
2026-08-15T09:20:00,Fiat,500,44,22,0.5
2026-08-15T09:20:00,Fiat,500c,9,2,0.2222
2026-08-15T09:20:00,Fiat,500l,1,0,0.0
2026-08-15T09:20:00,Fiat,500x,25,0,0.0
2026-08-15T09:20:00,Fiat,600,11,2,0.1818
2026-08-15T09:20:00,Fiat,Doblo,1,0,0.0
2026-08-15T09:20:00,Fiat,Doblo Cargo,2,0,0.0
2026-08-15T09:20:00,Fiat,Ducato,5,0,0.0
2026-08-15T09:20:00,Fiat,Grande Panda,4,2,0.5
2026-08-15T09:20:00,Fiat,Panda,4,0,0.0
2026-08-15T09:20:00,Fiat,Punto,1,0,0.0
2026-08-15T09:20:00,Fiat,Scudo,8,1,0.125
2026-08-15T09:20:00,Fiat,Talento,1,0,0.0
2026-08-15T09:20:00,Fiat,Tipo,4,0,0.0
2026-08-15T09:20:00,Fiat,Tipo Cross,2,0,0.0
2026-08-15T09:20:00,Ford,B-Max,1,0,0.0
2026-08-15T09:20:00,Ford,Capri,10,10,1.0
2026-08-15T09:20:00,Ford,Ecosport,14,0,0.0
2026-08-15T09:20:00,Ford,Explorer,15,13,0.8667
2026-08-15T09:20:00,Ford,Fiesta,44,0,0.0
2026-08-15T09:20:00,Ford,Fiesta Active,2,0,0.0
2026-08-15T09:20:00,Ford,Focus,25,0,0.0
2026-08-15T09:20:00,Ford,Focus Active,2,0,0.0
2026-08-15T09:20:00,Ford,Focus Active Sw,1,0,0.0
2026-08-15T09:20:00,Ford,Focus Sw,3,0,0.0
2026-08-15T09:20:00,Ford,Galaxy,2,0,0.0
2026-08-15T09:20:00,Ford,Kuga,89,0,0.0
2026-08-15T09:20:00,Ford,Mondeo,1,0,0.0
2026-08-15T09:20:00,Ford,Mondeo Sw,2,0,0.0
2026-08-15T09:20:00,Ford,Mustang Mach-E,8,8,1.0
2026-08-15T09:20:00,Ford,Puma,141,20,0.1418
2026-08-15T09:20:00,Ford,Ranger,10,0,0.0
2026-08-15T09:20:00,Ford,S-Max,4,0,0.0
2026-08-15T09:20:00,Ford,Tourneo Connect,1,0,0.0
2026-08-15T09:20:00,Ford,Tourneo Courier,5,1,0.2
2026-08-15T09:20:00,Ford,Tourneo Custom,5,0,0.0
2026-08-15T09:20:00,Ford,Transit 2t,10,1,0.1
2026-08-15T09:20:00,Ford,Transit Connect,3,0,0.0
2026-08-15T09:20:00,Ford,Transit Courier,4,3,0.75
2026-08-15T09:20:00,Ford,Transit Custom,18,0,0.0
2026-08-15T09:20:00,Ford,Transit Custom Kombi,5,0,0.0
2026-08-15T09:20:00,Ford,Transit Custom Nugget,1,0,0.0
2026-08-16T09:21:20,Abarth,500,5,1,0.2
2026-08-16T09:21:20,Abarth,500c,1,1,1.0
2026-08-16T09:21:20,Abarth,600,1,1,1.0
2026-08-16T09:21:20,Alfa Romeo,Giulia,3,0,0.0
2026-08-16T09:21:20,Alfa Romeo,Giulietta,2,0,0.0
2026-08-16T09:21:20,Alfa Romeo,Junior,1,0,0.0
2026-08-16T09:21:20,Alfa Romeo,Stelvio,8,0,0.0
2026-08-16T09:21:20,Alfa Romeo,Tonale,10,0,0.0
2026-08-16T09:21:20,Alpine,A110,26,0,0.0
2026-08-16T09:21:20,Alpine,A290,13,13,1.0
2026-08-16T09:21:20,Alpine,A390,6,6,1.0
2026-08-16T09:21:20,Aston Martin,V8 Vantage,1,0,0.0
2026-08-16T09:21:20,Audi,A1 Allstreet,5,0,0.0
2026-08-16T09:21:20,Audi,A1 Citycarver,1,0,0.0
2026-08-16T09:21:20,Audi,A1 Sportback,69,0,0.0
2026-08-16T09:21:20,Audi,A3,1,0,0.0
2026-08-16T09:21:20,Audi,A3 Allstreet,4,0,0.0
2026-08-16T09:21:20,Audi,A3 Sportback,42,0,0.0
2026-08-16T09:21:20,Audi,A4,2,0,0.0
2026-08-16T09:21:20,Audi,A4 Allroad,2,0,0.0
2026-08-16T09:21:20,Audi,A4 Avant,3,0,0.0
2026-08-16T09:21:20,Audi,A5,2,0,0.0
2026-08-16T09:21:20,Audi,A5 Avant,7,0,0.0
2026-08-16T09:21:20,Audi,A5 Sportback,2,0,0.0
2026-08-16T09:21:20,Audi,A6,2,0,0.0
2026-08-16T09:21:20,Audi,A6 Allroad,3,0,0.0
2026-08-16T09:21:20,Audi,A6 Avant,8,0,0.0
2026-08-16T09:21:20,Audi,A6 Avant E-Tron,2,2,1.0
2026-08-16T09:21:20,Audi,A6 Sportback E-Tron,1,1,1.0
2026-08-16T09:21:20,Audi,A8,1,0,0.0
2026-08-16T09:21:20,Audi,E-Tron Gt,1,1,1.0
2026-08-16T09:21:20,Audi,E-Tron S Sportback,2,2,1.0
2026-08-16T09:21:20,Audi,E-Tron Sportback,1,1,1.0
2026-08-16T09:21:20,Audi,Q2,49,0,0.0
2026-08-16T09:21:20,Audi,Q3,36,0,0.0
2026-08-16T09:21:20,Audi,Q3 Sportback,23,0,0.0
2026-08-16T09:21:20,Audi,Q4 E-Tron,5,5,1.0
2026-08-16T09:21:20,Audi,Q4 Sportback E-Tron,6,6,1.0
2026-08-16T09:21:20,Audi,Q5,22,0,0.0
2026-08-16T09:21:20,Audi,Q5 Sportback,11,0,0.0
2026-08-16T09:21:20,Audi,Q6 E-Tron,6,6,1.0
2026-08-16T09:21:20,Audi,Q6 Sportback E-Tron,4,4,1.0
2026-08-16T09:21:20,Audi,Q8,2,0,0.0
2026-08-16T09:21:20,Audi,Q8 E-Tron,2,2,1.0
2026-08-16T09:21:20,Audi,Q8 E-Tron Sportback,1,1,1.0
2026-08-16T09:21:20,Audi,R8 Spyder,1,0,0.0
2026-08-16T09:21:20,Audi,Rs Q3 Sportback,1,0,0.0
2026-08-16T09:21:20,Audi,Rs3 Sportback,2,0,0.0
2026-08-16T09:21:20,Audi,Rs4 Avant,1,0,0.0
2026-08-16T09:21:20,Audi,Rs5,1,0,0.0
2026-08-16T09:21:20,Audi,Rs6 Avant,2,0,0.0
2026-08-16T09:21:20,Audi,S3,1,0,0.0
2026-08-16T09:21:20,Audi,S3 Sportback,2,0,0.0
2026-08-16T09:21:20,Audi,S4 Avant,1,0,0.0
2026-08-16T09:21:20,Audi,S6 Avant E-Tron,2,2,1.0
2026-08-16T09:21:20,Audi,Tt,2,0,0.0
2026-08-16T09:21:20,Audi,Tt Roadster,1,0,0.0
2026-08-16T09:21:20,Bmw,I3,1,1,1.0
2026-08-16T09:21:20,Bmw,I4,33,33,1.0
2026-08-16T09:21:20,Bmw,I8,1,0,0.0
2026-08-16T09:21:20,Bmw,Ix,4,4,1.0
2026-08-16T09:21:20,Bmw,Ix3,4,4,1.0
2026-08-16T09:21:20,Bmw,M2 Coupé,2,0,0.0
2026-08-16T09:21:20,Bmw,M4 Coupé,3,0,0.0
2026-08-16T09:21:20,Bmw,M5,1,0,0.0
2026-08-16T09:21:20,Bmw,M5 Touring,1,0,0.0
2026-08-16T09:21:20,Bmw,Série 1,139,0,0.0
2026-08-16T09:21:20,Bmw,Série 2 Active Tourer,76,0,0.0
2026-08-16T09:21:20,Bmw,Série 2 Coupé,5,0,0.0
2026-08-16T09:21:20,Bmw,Série 2 Gran Coupé,21,0,0.0
2026-08-16T09:21:20,Bmw,Série 2 Gran Tourer,5,0,0.0
2026-08-16T09:21:20,Bmw,Série 3,13,0,0.0
2026-08-16T09:21:20,Bmw,Série 3 Gran Turismo,5,0,0.0
2026-08-16T09:21:20,Bmw,Série 3 Touring,38,0,0.0
2026-08-16T09:21:20,Bmw,Série 4 Cabriolet,6,0,0.0
2026-08-16T09:21:20,Bmw,Série 4 Coupé,14,0,0.0
2026-08-16T09:21:20,Bmw,Série 4 Gran Coupé,24,0,0.0
2026-08-16T09:21:20,Bmw,Série 5,25,7,0.28
2026-08-16T09:21:20,Bmw,Série 5 Touring,12,2,0.1667
2026-08-16T09:21:20,Bmw,Série 7,1,0,0.0
2026-08-16T09:21:20,Bmw,Série 8 Gran Coupé,2,0,0.0
2026-08-16T09:21:20,Bmw,X1,142,28,0.1972
2026-08-16T09:21:20,Bmw,X2,78,11,0.141
2026-08-16T09:21:20,Bmw,X3,75,0,0.0
2026-08-16T09:21:20,Bmw,X4,8,0,0.0
2026-08-16T09:21:20,Bmw,X4 M,2,0,0.0
2026-08-16T09:21:20,Bmw,X5,30,0,0.0
2026-08-16T09:21:20,Bmw,X6,2,0,0.0
2026-08-16T09:21:20,Bmw,Xm,4,0,0.0
2026-08-16T09:21:20,Bmw,Z4 Roadster,7,0,0.0
2026-08-16T09:21:20,Byd,Atto 2,1,1,1.0
2026-08-16T09:21:20,Byd,Atto 3,1,1,1.0
2026-08-16T09:21:20,Byd,Seal 6 Dm-I,1,0,0.0
2026-08-16T09:21:20,Byd,Seal 6 Dm-I Touring,1,0,0.0
2026-08-16T09:21:20,Byd,Tang,2,2,1.0
2026-08-16T09:21:20,Citroen,Ami,15,15,1.0
2026-08-16T09:21:20,Citroen,Berlingo,16,2,0.125
2026-08-16T09:21:20,Citroen,Berlingo Van,44,0,0.0
2026-08-16T09:21:20,Citroen,C1,13,0,0.0
2026-08-16T09:21:20,Citroen,C3,723,8,0.0111
2026-08-16T09:21:20,Citroen,C3 Aircross,152,7,0.0461
2026-08-16T09:21:20,Citroen,C4,144,35,0.2431
2026-08-16T09:21:20,Citroen,C4 Cactus,16,0,0.0
2026-08-16T09:21:20,Citroen,C4 Picasso,6,0,0.0
2026-08-16T09:21:20,Citroen,C4 Spacetourer,4,0,0.0
2026-08-16T09:21:20,Citroen,C4 X,8,4,0.5
2026-08-16T09:21:20,Citroen,C5,2,0,0.0
2026-08-16T09:21:20,Citroen,C5 Aircross,204,4,0.0196
2026-08-16T09:21:20,Citroen,C5 X,14,0,0.0
2026-08-16T09:21:20,Citroen,Grand C4 Picasso,1,0,0.0
2026-08-16T09:21:20,Citroen,Grand C4 Spacetourer,6,0,0.0
2026-08-16T09:21:20,Citroen,Holidays,1,0,0.0
2026-08-16T09:21:20,Citroen,Jumper,16,0,0.0
2026-08-16T09:21:20,Citroen,Jumpy,34,1,0.0294
2026-08-16T09:21:20,Citroen,Spacetourer,14,0,0.0
2026-08-16T09:21:20,Cupra,Born,2,2,1.0
2026-08-16T09:21:20,Cupra,Formentor,21,0,0.0
2026-08-16T09:21:20,Cupra,Leon,6,0,0.0
2026-08-16T09:21:20,Cupra,Leon St,3,0,0.0
2026-08-16T09:21:20,Cupra,Terramar,4,0,0.0
2026-08-16T09:21:20,Dacia,Bigster,44,0,0.0
2026-08-16T09:21:20,Dacia,Duster,421,0,0.0
2026-08-16T09:21:20,Dacia,Jogger,155,0,0.0
2026-08-16T09:21:20,Dacia,Lodgy,10,0,0.0
2026-08-16T09:21:20,Dacia,Logan,3,0,0.0
2026-08-16T09:21:20,Dacia,Logan Mcv,1,0,0.0
2026-08-16T09:21:20,Dacia,Sandero,709,0,0.0
2026-08-16T09:21:20,Dacia,Spring,202,202,1.0
2026-08-16T09:21:20,Ds,4,13,6,0.4615
2026-08-16T09:21:20,Ds,8,8,8,1.0
2026-08-16T09:21:20,Ds,Ds,4,0,0.0
2026-08-16T09:21:20,Ds,Ds 3,47,14,0.2979
2026-08-16T09:21:20,Ds,Ds 3 Crossback,53,9,0.1698
2026-08-16T09:21:20,Ds,Ds 4,106,0,0.0
2026-08-16T09:21:20,Ds,Ds 7,53,0,0.0
2026-08-16T09:21:20,Ds,Ds 7 Crossback,59,0,0.0
2026-08-16T09:21:20,Ds,Ds 9,1,0,0.0
2026-08-16T09:21:20,Fiat,500,44,22,0.5
2026-08-16T09:21:20,Fiat,500c,9,2,0.2222
2026-08-16T09:21:20,Fiat,500l,1,0,0.0
2026-08-16T09:21:20,Fiat,500x,25,0,0.0
2026-08-16T09:21:20,Fiat,600,11,2,0.1818
2026-08-16T09:21:20,Fiat,Doblo,1,0,0.0
2026-08-16T09:21:20,Fiat,Doblo Cargo,2,0,0.0
2026-08-16T09:21:20,Fiat,Ducato,5,0,0.0
2026-08-16T09:21:20,Fiat,Grande Panda,4,2,0.5
2026-08-16T09:21:20,Fiat,Panda,5,0,0.0
2026-08-16T09:21:20,Fiat,Punto,1,0,0.0
2026-08-16T09:21:20,Fiat,Scudo,8,1,0.125
2026-08-16T09:21:20,Fiat,Talento,1,0,0.0
2026-08-16T09:21:20,Fiat,Tipo,4,0,0.0
2026-08-16T09:21:20,Fiat,Tipo Cross,2,0,0.0
2026-08-16T09:21:20,Ford,B-Max,1,0,0.0
2026-08-16T09:21:20,Ford,Capri,10,10,1.0
2026-08-16T09:21:20,Ford,Ecosport,14,0,0.0
2026-08-16T09:21:20,Ford,Explorer,15,13,0.8667
2026-08-16T09:21:20,Ford,Fiesta,45,0,0.0
2026-08-16T09:21:20,Ford,Fiesta Active,2,0,0.0
2026-08-16T09:21:20,Ford,Focus,25,0,0.0
2026-08-16T09:21:20,Ford,Focus Active,2,0,0.0
2026-08-16T09:21:20,Ford,Focus Active Sw,1,0,0.0
2026-08-16T09:21:20,Ford,Focus Sw,2,0,0.0
2026-08-16T09:21:20,Ford,Galaxy,2,0,0.0
2026-08-16T09:21:20,Ford,Kuga,90,0,0.0
2026-08-16T09:21:20,Ford,Mondeo,1,0,0.0
2026-08-16T09:21:20,Ford,Mondeo Sw,2,0,0.0
2026-08-16T09:21:20,Ford,Mustang Mach-E,7,7,1.0
2026-08-16T09:21:20,Ford,Puma,143,20,0.1399
2026-08-16T09:21:20,Ford,Ranger,10,0,0.0
2026-08-16T09:21:20,Ford,S-Max,4,0,0.0
2026-08-16T09:21:20,Ford,Tourneo Connect,1,0,0.0
2026-08-16T09:21:20,Ford,Tourneo Courier,5,1,0.2
2026-08-16T09:21:20,Ford,Tourneo Custom,5,0,0.0
2026-08-16T09:21:20,Ford,Transit 2t,10,1,0.1
2026-08-16T09:21:20,Ford,Transit Connect,4,0,0.0
2026-08-16T09:21:20,Ford,Transit Courier,4,3,0.75
2026-08-16T09:21:20,Ford,Transit Custom,18,0,0.0
2026-08-16T09:21:20,Ford,Transit Custom Kombi,5,0,0.0
2026-08-16T09:21:20,Ford,Transit Custom Nugget,1,0,0.0
2026-08-16T09:21:20,Toyota,Auris,2,0,0.0
2026-08-16T09:21:20,Toyota,Auris Touring Sports,1,0,0.0
2026-08-16T09:21:20,Toyota,Aygo,16,0,0.0
2026-08-16T09:21:20,Toyota,Aygo X,82,0,0.0
2026-08-16T09:21:20,Toyota,Bz4x,1,1,1.0
2026-08-16T09:21:20,Toyota,Bz4x Touring,2,2,1.0
2026-08-16T09:21:20,Toyota,C-Hr,75,0,0.0
2026-08-16T09:21:20,Toyota,C-Hr et plus,2,2,1.0
2026-08-16T09:21:20,Toyota,Corolla,20,0,0.0
2026-08-16T09:21:20,Toyota,Corolla Touring Sports,13,0,0.0
2026-08-16T09:21:20,Toyota,Hilux,2,0,0.0
2026-08-16T09:21:20,Toyota,Prius,1,0,0.0
2026-08-16T09:21:20,Toyota,Prius Hybride Rechargeable,2,0,0.0
2026-08-16T09:21:20,Toyota,Proace,5,2,0.4
2026-08-16T09:21:20,Toyota,Proace City,1,0,0.0
2026-08-16T09:21:20,Toyota,Proace Max,1,0,0.0
2026-08-16T09:21:20,Toyota,Rav4,17,0,0.0
2026-08-16T09:21:20,Toyota,Yaris,182,0,0.0
2026-08-16T09:21:20,Toyota,Yaris Cross,117,0,0.0
2026-08-16T09:21:20,Volkswagen,3,14,14,1.0
2026-08-16T09:21:20,Volkswagen,3 Neo,3,3,1.0
2026-08-16T09:21:20,Volkswagen,4,8,8,1.0
2026-08-16T09:21:20,Volkswagen,5,4,4,1.0
2026-08-16T09:21:20,Volkswagen,7,1,1,1.0
2026-08-16T09:21:20,Volkswagen,Arteon,2,0,0.0
2026-08-16T09:21:20,Volkswagen,Buzz,4,4,1.0
2026-08-16T09:21:20,Volkswagen,Caddy,1,0,0.0
2026-08-16T09:21:20,Volkswagen,Caddy Cargo,2,0,0.0
2026-08-16T09:21:20,Volkswagen,Caddy Maxi,1,0,0.0
2026-08-16T09:21:20,Volkswagen,Caddy Van,2,0,0.0
2026-08-16T09:21:20,Volkswagen,Caravelle,3,2,0.6667
2026-08-16T09:21:20,Volkswagen,Coccinelle,1,0,0.0
2026-08-16T09:21:20,Volkswagen,Crafter,4,0,0.0
2026-08-16T09:21:20,Volkswagen,Golf,64,0,0.0
2026-08-16T09:21:20,Volkswagen,Golf Sportsvan,1,0,0.0
2026-08-16T09:21:20,Volkswagen,Golf Sw,2,0,0.0
2026-08-16T09:21:20,Volkswagen,Multivan,1,0,0.0
2026-08-16T09:21:20,Volkswagen,Passat Sw,8,0,0.0
2026-08-16T09:21:20,Volkswagen,Polo,109,0,0.0
2026-08-16T09:21:20,Volkswagen,T-Cross,54,0,0.0
2026-08-16T09:21:20,Volkswagen,T-Roc,129,0,0.0
2026-08-16T09:21:20,Volkswagen,T-Roc Cabriolet,6,0,0.0
2026-08-16T09:21:20,Volkswagen,Taigo,54,0,0.0
2026-08-16T09:21:20,Volkswagen,Tayron,1,0,0.0
2026-08-16T09:21:20,Volkswagen,Tiguan,84,0,0.0
2026-08-16T09:21:20,Volkswagen,Tiguan Allspace,1,0,0.0
2026-08-16T09:21:20,Volkswagen,Touran,7,0,0.0
2026-08-16T09:21:20,Volkswagen,Transporter,14,1,0.0714
2026-08-16T09:21:20,Volvo,C40,1,1,1.0
2026-08-16T09:21:20,Volvo,Ec40,7,7,1.0
2026-08-16T09:21:20,Volvo,Es90,3,3,1.0
2026-08-16T09:21:20,Volvo,Ex30,15,15,1.0
2026-08-16T09:21:20,Volvo,Ex30 Cross Country,4,4,1.0
2026-08-16T09:21:20,Volvo,Ex40,10,10,1.0
2026-08-16T09:21:20,Volvo,S60,1,0,0.0
2026-08-16T09:21:20,Volvo,S90,1,0,0.0
2026-08-16T09:21:20,Volvo,V60,17,0,0.0
2026-08-16T09:21:20,Volvo,Xc40,41,8,0.1951
2026-08-16T09:21:20,Volvo,Xc60,42,0,0.0
2026-08-16T09:21:20,Volvo,Xc90,7,0,0.0
2026-08-17T09:34:30,Abarth,500,5,1,0.2
2026-08-17T09:34:30,Abarth,500c,1,1,1.0
2026-08-17T09:34:30,Abarth,600,1,1,1.0
2026-08-17T09:34:30,Alfa Romeo,Giulia,3,0,0.0
2026-08-17T09:34:30,Alfa Romeo,Giulietta,2,0,0.0
2026-08-17T09:34:30,Alfa Romeo,Junior,1,0,0.0
2026-08-17T09:34:30,Alfa Romeo,Stelvio,8,0,0.0
2026-08-17T09:34:30,Alfa Romeo,Tonale,10,0,0.0
2026-08-17T09:34:30,Alpine,A110,26,0,0.0
2026-08-17T09:34:30,Alpine,A290,13,13,1.0
2026-08-17T09:34:30,Alpine,A390,6,6,1.0
2026-08-17T09:34:30,Aston Martin,V8 Vantage,1,0,0.0
2026-08-17T09:34:30,Audi,A1 Allstreet,5,0,0.0
2026-08-17T09:34:30,Audi,A1 Citycarver,1,0,0.0
2026-08-17T09:34:30,Audi,A1 Sportback,68,0,0.0
2026-08-17T09:34:30,Audi,A3,1,0,0.0
2026-08-17T09:34:30,Audi,A3 Allstreet,4,0,0.0
2026-08-17T09:34:30,Audi,A3 Sportback,41,0,0.0
2026-08-17T09:34:30,Audi,A4,2,0,0.0
2026-08-17T09:34:30,Audi,A4 Allroad,2,0,0.0
2026-08-17T09:34:30,Audi,A4 Avant,3,0,0.0
2026-08-17T09:34:30,Audi,A5,2,0,0.0
2026-08-17T09:34:30,Audi,A5 Avant,7,0,0.0
2026-08-17T09:34:30,Audi,A5 Sportback,2,0,0.0
2026-08-17T09:34:30,Audi,A6,2,0,0.0
2026-08-17T09:34:30,Audi,A6 Allroad,3,0,0.0
2026-08-17T09:34:30,Audi,A6 Avant,8,0,0.0
2026-08-17T09:34:30,Audi,A6 Avant E-Tron,2,2,1.0
2026-08-17T09:34:30,Audi,A6 Sportback E-Tron,1,1,1.0
2026-08-17T09:34:30,Audi,A8,1,0,0.0
2026-08-17T09:34:30,Audi,E-Tron Gt,1,1,1.0
2026-08-17T09:34:30,Audi,E-Tron S Sportback,2,2,1.0
2026-08-17T09:34:30,Audi,E-Tron Sportback,1,1,1.0
2026-08-17T09:34:30,Audi,Q2,49,0,0.0
2026-08-17T09:34:30,Audi,Q3,36,0,0.0
2026-08-17T09:34:30,Audi,Q3 Sportback,23,0,0.0
2026-08-17T09:34:30,Audi,Q4 E-Tron,5,5,1.0
2026-08-17T09:34:30,Audi,Q4 Sportback E-Tron,6,6,1.0
2026-08-17T09:34:30,Audi,Q5,22,0,0.0
2026-08-17T09:34:30,Audi,Q5 Sportback,11,0,0.0
2026-08-17T09:34:30,Audi,Q6 E-Tron,6,6,1.0
2026-08-17T09:34:30,Audi,Q6 Sportback E-Tron,4,4,1.0
2026-08-17T09:34:30,Audi,Q8,2,0,0.0
2026-08-17T09:34:30,Audi,Q8 E-Tron,2,2,1.0
2026-08-17T09:34:30,Audi,Q8 E-Tron Sportback,1,1,1.0
2026-08-17T09:34:30,Audi,R8 Spyder,1,0,0.0
2026-08-17T09:34:30,Audi,Rs Q3 Sportback,1,0,0.0
2026-08-17T09:34:30,Audi,Rs3 Sportback,2,0,0.0
2026-08-17T09:34:30,Audi,Rs4 Avant,1,0,0.0
2026-08-17T09:34:30,Audi,Rs5,1,0,0.0
2026-08-17T09:34:30,Audi,Rs6 Avant,2,0,0.0
2026-08-17T09:34:30,Audi,S3,1,0,0.0
2026-08-17T09:34:30,Audi,S3 Sportback,2,0,0.0
2026-08-17T09:34:30,Audi,S4 Avant,1,0,0.0
2026-08-17T09:34:30,Audi,S6 Avant E-Tron,2,2,1.0
2026-08-17T09:34:30,Audi,Tt,2,0,0.0
2026-08-17T09:34:30,Audi,Tt Roadster,1,0,0.0
2026-08-17T09:34:30,Bmw,I3,1,1,1.0
2026-08-17T09:34:30,Bmw,I4,33,33,1.0
2026-08-17T09:34:30,Bmw,I8,1,0,0.0
2026-08-17T09:34:30,Bmw,Ix,4,4,1.0
2026-08-17T09:34:30,Bmw,Ix3,4,4,1.0
2026-08-17T09:34:30,Bmw,M2 Coupé,2,0,0.0
2026-08-17T09:34:30,Bmw,M4 Coupé,3,0,0.0
2026-08-17T09:34:30,Bmw,M5,1,0,0.0
2026-08-17T09:34:30,Bmw,M5 Touring,1,0,0.0
2026-08-17T09:34:30,Bmw,Série 1,139,0,0.0
2026-08-17T09:34:30,Bmw,Série 2 Active Tourer,76,0,0.0
2026-08-17T09:34:30,Bmw,Série 2 Coupé,5,0,0.0
2026-08-17T09:34:30,Bmw,Série 2 Gran Coupé,21,0,0.0
2026-08-17T09:34:30,Bmw,Série 2 Gran Tourer,5,0,0.0
2026-08-17T09:34:30,Bmw,Série 3,13,0,0.0
2026-08-17T09:34:30,Bmw,Série 3 Gran Turismo,5,0,0.0
2026-08-17T09:34:30,Bmw,Série 3 Touring,38,0,0.0
2026-08-17T09:34:30,Bmw,Série 4 Cabriolet,6,0,0.0
2026-08-17T09:34:30,Bmw,Série 4 Coupé,14,0,0.0
2026-08-17T09:34:30,Bmw,Série 4 Gran Coupé,24,0,0.0
2026-08-17T09:34:30,Bmw,Série 5,25,7,0.28
2026-08-17T09:34:30,Bmw,Série 5 Touring,12,2,0.1667
2026-08-17T09:34:30,Bmw,Série 7,1,0,0.0
2026-08-17T09:34:30,Bmw,Série 8 Gran Coupé,2,0,0.0
2026-08-17T09:34:30,Bmw,X1,142,28,0.1972
2026-08-17T09:34:30,Bmw,X2,77,11,0.1429
2026-08-17T09:34:30,Bmw,X3,75,0,0.0
2026-08-17T09:34:30,Bmw,X4,8,0,0.0
2026-08-17T09:34:30,Bmw,X4 M,2,0,0.0
2026-08-17T09:34:30,Bmw,X5,30,0,0.0
2026-08-17T09:34:30,Bmw,X6,2,0,0.0
2026-08-17T09:34:30,Bmw,Xm,4,0,0.0
2026-08-17T09:34:30,Bmw,Z4 Roadster,7,0,0.0
2026-08-17T09:34:30,Byd,Atto 2,1,1,1.0
2026-08-17T09:34:30,Byd,Atto 3,1,1,1.0
2026-08-17T09:34:30,Byd,Seal 6 Dm-I,1,0,0.0
2026-08-17T09:34:30,Byd,Seal 6 Dm-I Touring,1,0,0.0
2026-08-17T09:34:30,Byd,Tang,2,2,1.0
2026-08-17T09:34:30,Citroen,Ami,15,15,1.0
2026-08-17T09:34:30,Citroen,Berlingo,16,2,0.125
2026-08-17T09:34:30,Citroen,Berlingo Van,43,0,0.0
2026-08-17T09:34:30,Citroen,C1,13,0,0.0
2026-08-17T09:34:30,Citroen,C3,722,8,0.0111
2026-08-17T09:34:30,Citroen,C3 Aircross,151,7,0.0464
2026-08-17T09:34:30,Citroen,C4,143,35,0.2448
2026-08-17T09:34:30,Citroen,C4 Cactus,16,0,0.0
2026-08-17T09:34:30,Citroen,C4 Picasso,6,0,0.0
2026-08-17T09:34:30,Citroen,C4 Spacetourer,4,0,0.0
2026-08-17T09:34:30,Citroen,C4 X,8,4,0.5
2026-08-17T09:34:30,Citroen,C5,2,0,0.0
2026-08-17T09:34:30,Citroen,C5 Aircross,207,4,0.0193
2026-08-17T09:34:30,Citroen,C5 X,14,0,0.0
2026-08-17T09:34:30,Citroen,Grand C4 Spacetourer,6,0,0.0
2026-08-17T09:34:30,Citroen,Holidays,1,0,0.0
2026-08-17T09:34:30,Citroen,Jumper,16,0,0.0
2026-08-17T09:34:30,Citroen,Jumpy,34,1,0.0294
2026-08-17T09:34:30,Citroen,Spacetourer,14,0,0.0
2026-08-17T09:34:30,Cupra,Born,2,2,1.0
2026-08-17T09:34:30,Cupra,Formentor,21,0,0.0
2026-08-17T09:34:30,Cupra,Leon,6,0,0.0
2026-08-17T09:34:30,Cupra,Leon St,3,0,0.0
2026-08-17T09:34:30,Cupra,Terramar,4,0,0.0
2026-08-17T09:34:30,Dacia,Bigster,44,0,0.0
2026-08-17T09:34:30,Dacia,Duster,416,0,0.0
2026-08-17T09:34:30,Dacia,Jogger,152,0,0.0
2026-08-17T09:34:30,Dacia,Lodgy,10,0,0.0
2026-08-17T09:34:30,Dacia,Logan,3,0,0.0
2026-08-17T09:34:30,Dacia,Logan Mcv,1,0,0.0
2026-08-17T09:34:30,Dacia,Sandero,700,0,0.0
2026-08-17T09:34:30,Dacia,Spring,200,200,1.0
2026-08-17T09:34:30,Ds,4,13,6,0.4615
2026-08-17T09:34:30,Ds,8,8,8,1.0
2026-08-17T09:34:30,Ds,Ds,4,0,0.0
2026-08-17T09:34:30,Ds,Ds 3,47,14,0.2979
2026-08-17T09:34:30,Ds,Ds 3 Crossback,53,9,0.1698
2026-08-17T09:34:30,Ds,Ds 4,106,0,0.0
2026-08-17T09:34:30,Ds,Ds 7,54,0,0.0
2026-08-17T09:34:30,Ds,Ds 7 Crossback,59,0,0.0
2026-08-17T09:34:30,Ds,Ds 9,1,0,0.0
2026-08-17T09:34:30,Fiat,500,43,22,0.5116
2026-08-17T09:34:30,Fiat,500c,9,2,0.2222
2026-08-17T09:34:30,Fiat,500l,1,0,0.0
2026-08-17T09:34:30,Fiat,500x,24,0,0.0
2026-08-17T09:34:30,Fiat,600,11,2,0.1818
2026-08-17T09:34:30,Fiat,Doblo,1,0,0.0
2026-08-17T09:34:30,Fiat,Doblo Cargo,2,0,0.0
2026-08-17T09:34:30,Fiat,Ducato,5,0,0.0
2026-08-17T09:34:30,Fiat,Grande Panda,4,2,0.5
2026-08-17T09:34:30,Fiat,Panda,5,0,0.0
2026-08-17T09:34:30,Fiat,Punto,1,0,0.0
2026-08-17T09:34:30,Fiat,Scudo,7,1,0.1429
2026-08-17T09:34:30,Fiat,Talento,1,0,0.0
2026-08-17T09:34:30,Fiat,Tipo,4,0,0.0
2026-08-17T09:34:30,Fiat,Tipo Cross,2,0,0.0
2026-08-17T09:34:30,Ford,B-Max,1,0,0.0
2026-08-17T09:34:30,Ford,Capri,10,10,1.0
2026-08-17T09:34:30,Ford,Ecosport,15,0,0.0
2026-08-17T09:34:30,Ford,Explorer,15,13,0.8667
2026-08-17T09:34:30,Ford,Fiesta,45,0,0.0
2026-08-17T09:34:30,Ford,Fiesta Active,2,0,0.0
2026-08-17T09:34:30,Ford,Focus,25,0,0.0
2026-08-17T09:34:30,Ford,Focus Active,2,0,0.0
2026-08-17T09:34:30,Ford,Focus Active Sw,1,0,0.0
2026-08-17T09:34:30,Ford,Focus Sw,2,0,0.0
2026-08-17T09:34:30,Ford,Galaxy,2,0,0.0
2026-08-17T09:34:30,Ford,Kuga,91,0,0.0
2026-08-17T09:34:30,Ford,Mondeo,1,0,0.0
2026-08-17T09:34:30,Ford,Mondeo Sw,2,0,0.0
2026-08-17T09:34:30,Ford,Mustang Mach-E,7,7,1.0
2026-08-17T09:34:30,Ford,Puma,143,20,0.1399
2026-08-17T09:34:30,Ford,Ranger,10,0,0.0
2026-08-17T09:34:30,Ford,S-Max,4,0,0.0
2026-08-17T09:34:30,Ford,Tourneo Connect,1,0,0.0
2026-08-17T09:34:30,Ford,Tourneo Courier,5,1,0.2
2026-08-17T09:34:30,Ford,Tourneo Custom,5,0,0.0
2026-08-17T09:34:30,Ford,Transit 2t,10,1,0.1
2026-08-17T09:34:30,Ford,Transit Connect,4,0,0.0
2026-08-17T09:34:30,Ford,Transit Courier,4,3,0.75
2026-08-17T09:34:30,Ford,Transit Custom,18,0,0.0
2026-08-17T09:34:30,Ford,Transit Custom Kombi,5,0,0.0
2026-08-17T09:34:30,Ford,Transit Custom Nugget,1,0,0.0
2026-08-17T09:34:30,Honda,Hr-V,1,0,0.0
2026-08-17T09:34:30,Honda,Jazz,1,0,0.0
2026-08-17T09:34:30,Honda,Ny1,1,1,1.0
2026-08-17T09:34:30,Hyundai,Bayon,5,0,0.0
2026-08-17T09:34:30,Hyundai,I10,3,0,0.0
2026-08-17T09:34:30,Hyundai,I20,23,0,0.0
2026-08-17T09:34:30,Hyundai,I30,4,0,0.0
2026-08-17T09:34:30,Hyundai,I30 Fastback,1,0,0.0
2026-08-17T09:34:30,Hyundai,I30 Sw,4,0,0.0
2026-08-17T09:34:30,Hyundai,Ioniq,2,2,1.0
2026-08-17T09:34:30,Hyundai,Ix20,1,0,0.0
2026-08-17T09:34:30,Hyundai,Kona,23,0,0.0
2026-08-17T09:34:30,Hyundai,Santa Fe,4,0,0.0
2026-08-17T09:34:30,Hyundai,Tucson,47,0,0.0
2026-08-17T09:34:30,Infiniti,Q30,1,0,0.0
2026-08-17T09:34:30,Isuzu,D-Max,1,0,0.0
2026-08-17T09:34:30,Iveco,Daily,2,0,0.0
2026-08-17T09:34:30,Jaguar,E-Pace,8,0,0.0
2026-08-17T09:34:30,Jaguar,F-Pace,7,0,0.0
2026-08-17T09:34:30,Jaguar,F-Type Coupe,1,0,0.0
2026-08-17T09:34:30,Jaguar,I-Pace,3,3,1.0
2026-08-18T09:25:32,Abarth,500,5,1,0.2
2026-08-18T09:25:32,Abarth,500c,1,1,1.0
2026-08-18T09:25:32,Abarth,600,1,1,1.0
2026-08-18T09:25:32,Alfa Romeo,Giulia,3,0,0.0
2026-08-18T09:25:32,Alfa Romeo,Giulietta,2,0,0.0
2026-08-18T09:25:32,Alfa Romeo,Junior,1,0,0.0
2026-08-18T09:25:32,Alfa Romeo,Stelvio,8,0,0.0
2026-08-18T09:25:32,Alfa Romeo,Tonale,10,0,0.0
2026-08-18T09:25:32,Alpine,A110,26,0,0.0
2026-08-18T09:25:32,Alpine,A290,13,13,1.0
2026-08-18T09:25:32,Alpine,A390,6,6,1.0
2026-08-18T09:25:32,Aston Martin,V8 Vantage,1,0,0.0
2026-08-18T09:25:32,Audi,A1 Allstreet,6,0,0.0
2026-08-18T09:25:32,Audi,A1 Citycarver,1,0,0.0
2026-08-18T09:25:32,Audi,A1 Sportback,67,0,0.0
2026-08-18T09:25:32,Audi,A3,1,0,0.0
2026-08-18T09:25:32,Audi,A3 Allstreet,4,0,0.0
2026-08-18T09:25:32,Audi,A3 Sportback,40,0,0.0
2026-08-18T09:25:32,Audi,A4,2,0,0.0
2026-08-18T09:25:32,Audi,A4 Allroad,2,0,0.0
2026-08-18T09:25:32,Audi,A4 Avant,3,0,0.0
2026-08-18T09:25:32,Audi,A5,2,0,0.0
2026-08-18T09:25:32,Audi,A5 Avant,7,0,0.0
2026-08-18T09:25:32,Audi,A5 Sportback,2,0,0.0
2026-08-18T09:25:32,Audi,A6,2,0,0.0
2026-08-18T09:25:32,Audi,A6 Allroad,3,0,0.0
2026-08-18T09:25:32,Audi,A6 Avant,8,0,0.0
2026-08-18T09:25:32,Audi,A6 Avant E-Tron,1,1,1.0
2026-08-18T09:25:32,Audi,A6 Sportback E-Tron,1,1,1.0
2026-08-18T09:25:32,Audi,A8,1,0,0.0
2026-08-18T09:25:32,Audi,E-Tron Gt,1,1,1.0
2026-08-18T09:25:32,Audi,E-Tron S Sportback,2,2,1.0
2026-08-18T09:25:32,Audi,E-Tron Sportback,1,1,1.0
2026-08-18T09:25:32,Audi,Q2,50,0,0.0
2026-08-18T09:25:32,Audi,Q3,36,0,0.0
2026-08-18T09:25:32,Audi,Q3 Sportback,23,0,0.0
2026-08-18T09:25:32,Audi,Q4 E-Tron,5,5,1.0
2026-08-18T09:25:32,Audi,Q4 Sportback E-Tron,6,6,1.0
2026-08-18T09:25:32,Audi,Q5,22,0,0.0
2026-08-18T09:25:32,Audi,Q5 Sportback,11,0,0.0
2026-08-18T09:25:32,Audi,Q6 E-Tron,6,6,1.0
2026-08-18T09:25:32,Audi,Q6 Sportback E-Tron,4,4,1.0
2026-08-18T09:25:32,Audi,Q8,2,0,0.0
2026-08-18T09:25:32,Audi,Q8 E-Tron,2,2,1.0
2026-08-18T09:25:32,Audi,Q8 E-Tron Sportback,1,1,1.0
2026-08-18T09:25:32,Audi,R8 Spyder,1,0,0.0
2026-08-18T09:25:32,Audi,Rs Q3 Sportback,1,0,0.0
2026-08-18T09:25:32,Audi,Rs3 Sportback,2,0,0.0
2026-08-18T09:25:32,Audi,Rs4 Avant,1,0,0.0
2026-08-18T09:25:32,Audi,Rs5,1,0,0.0
2026-08-18T09:25:32,Audi,Rs6 Avant,2,0,0.0
2026-08-18T09:25:32,Audi,S3,1,0,0.0
2026-08-18T09:25:32,Audi,S3 Sportback,2,0,0.0
2026-08-18T09:25:32,Audi,S4 Avant,1,0,0.0
2026-08-18T09:25:32,Audi,S6 Avant E-Tron,2,2,1.0
2026-08-18T09:25:32,Audi,Tt,2,0,0.0
2026-08-18T09:25:32,Audi,Tt Roadster,1,0,0.0
2026-08-18T09:25:32,Bmw,I3,1,1,1.0
2026-08-18T09:25:32,Bmw,I4,33,33,1.0
2026-08-18T09:25:32,Bmw,I8,1,0,0.0
2026-08-18T09:25:32,Bmw,Ix,4,4,1.0
2026-08-18T09:25:32,Bmw,Ix3,3,3,1.0
2026-08-18T09:25:32,Bmw,M2 Coupé,3,0,0.0
2026-08-18T09:25:32,Bmw,M4 Coupé,3,0,0.0
2026-08-18T09:25:32,Bmw,M5,1,0,0.0
2026-08-18T09:25:32,Bmw,M5 Touring,1,0,0.0
2026-08-18T09:25:32,Bmw,Série 1,136,0,0.0
2026-08-18T09:25:32,Bmw,Série 2 Active Tourer,76,0,0.0
2026-08-18T09:25:32,Bmw,Série 2 Coupé,5,0,0.0
2026-08-18T09:25:32,Bmw,Série 2 Gran Coupé,21,0,0.0
2026-08-18T09:25:32,Bmw,Série 2 Gran Tourer,5,0,0.0
2026-08-18T09:25:32,Bmw,Série 3,13,0,0.0
2026-08-18T09:25:32,Bmw,Série 3 Gran Turismo,5,0,0.0
2026-08-18T09:25:32,Bmw,Série 3 Touring,37,0,0.0
2026-08-18T09:25:32,Bmw,Série 4 Cabriolet,6,0,0.0
2026-08-18T09:25:32,Bmw,Série 4 Coupé,14,0,0.0
2026-08-18T09:25:32,Bmw,Série 4 Gran Coupé,24,0,0.0
2026-08-18T09:25:32,Bmw,Série 5,24,6,0.25
2026-08-18T09:25:32,Bmw,Série 5 Touring,12,2,0.1667
2026-08-18T09:25:32,Bmw,Série 7,1,0,0.0
2026-08-18T09:25:32,Bmw,Série 8 Gran Coupé,2,0,0.0
2026-08-18T09:25:32,Bmw,X1,142,29,0.2042
2026-08-18T09:25:32,Bmw,X2,75,10,0.1333
2026-08-18T09:25:32,Bmw,X3,74,0,0.0
2026-08-18T09:25:32,Bmw,X4,8,0,0.0
2026-08-18T09:25:32,Bmw,X4 M,2,0,0.0
2026-08-18T09:25:32,Bmw,X5,30,0,0.0
2026-08-18T09:25:32,Bmw,X6,2,0,0.0
2026-08-18T09:25:32,Bmw,Xm,4,0,0.0
2026-08-18T09:25:32,Bmw,Z4 Roadster,6,0,0.0
2026-08-18T09:25:32,Byd,Atto 2,1,1,1.0
2026-08-18T09:25:32,Byd,Atto 3,1,1,1.0
2026-08-18T09:25:32,Byd,Seal 6 Dm-I,1,0,0.0
2026-08-18T09:25:32,Byd,Tang,2,2,1.0
2026-08-18T09:25:32,Citroen,Ami,15,15,1.0
2026-08-18T09:25:32,Citroen,Berlingo,15,2,0.1333
2026-08-18T09:25:32,Citroen,Berlingo Van,45,0,0.0
2026-08-18T09:25:32,Citroen,C1,14,0,0.0
2026-08-18T09:25:32,Citroen,C3,721,9,0.0125
2026-08-18T09:25:32,Citroen,C3 Aircross,151,7,0.0464
2026-08-18T09:25:32,Citroen,C4,141,33,0.234
2026-08-18T09:25:32,Citroen,C4 Cactus,16,0,0.0
2026-08-18T09:25:32,Citroen,C4 Picasso,6,0,0.0
2026-08-18T09:25:32,Citroen,C4 Spacetourer,4,0,0.0
2026-08-18T09:25:32,Citroen,C4 X,8,4,0.5
2026-08-18T09:25:32,Citroen,C5,2,0,0.0
2026-08-18T09:25:32,Citroen,C5 Aircross,209,4,0.0191
2026-08-18T09:25:32,Citroen,C5 X,14,0,0.0
2026-08-18T09:25:32,Citroen,Grand C4 Spacetourer,6,0,0.0
2026-08-18T09:25:32,Citroen,Holidays,1,0,0.0
2026-08-18T09:25:32,Citroen,Jumper,16,0,0.0
2026-08-18T09:25:32,Citroen,Jumpy,34,1,0.0294
2026-08-18T09:25:32,Citroen,Spacetourer,14,0,0.0
2026-08-18T09:25:32,Cupra,Born,2,2,1.0
2026-08-18T09:25:32,Cupra,Formentor,21,0,0.0
2026-08-18T09:25:32,Cupra,Leon,6,0,0.0
2026-08-18T09:25:32,Cupra,Leon St,3,0,0.0
2026-08-18T09:25:32,Cupra,Terramar,4,0,0.0
2026-08-18T09:25:32,Dacia,Bigster,44,0,0.0
2026-08-18T09:25:32,Dacia,Duster,410,0,0.0
2026-08-18T09:25:32,Dacia,Jogger,148,0,0.0
2026-08-18T09:25:32,Dacia,Lodgy,10,0,0.0
2026-08-18T09:25:32,Dacia,Logan,3,0,0.0
2026-08-18T09:25:32,Dacia,Logan Mcv,1,0,0.0
2026-08-18T09:25:32,Dacia,Sandero,692,0,0.0
2026-08-18T09:25:32,Dacia,Spring,208,208,1.0
2026-08-18T09:25:32,Ds,4,13,6,0.4615
2026-08-18T09:25:32,Ds,8,8,8,1.0
2026-08-18T09:25:32,Ds,Ds,4,0,0.0
2026-08-18T09:25:32,Ds,Ds 3,47,14,0.2979
2026-08-18T09:25:32,Ds,Ds 3 Crossback,53,9,0.1698
2026-08-18T09:25:32,Ds,Ds 4,107,0,0.0
2026-08-18T09:25:32,Ds,Ds 7,52,0,0.0
2026-08-18T09:25:32,Ds,Ds 7 Crossback,59,0,0.0
2026-08-18T09:25:32,Ds,Ds 9,1,0,0.0
2026-08-18T09:25:32,Fiat,500,42,22,0.5238
2026-08-18T09:25:32,Fiat,500c,9,2,0.2222
2026-08-18T09:25:32,Fiat,500l,1,0,0.0
2026-08-18T09:25:32,Fiat,500x,21,0,0.0
2026-08-18T09:25:32,Fiat,600,11,2,0.1818
2026-08-18T09:25:32,Fiat,Doblo,1,0,0.0
2026-08-18T09:25:32,Fiat,Doblo Cargo,2,0,0.0
2026-08-18T09:25:32,Fiat,Ducato,5,0,0.0
2026-08-18T09:25:32,Fiat,Grande Panda,4,2,0.5
2026-08-18T09:25:32,Fiat,Panda,5,0,0.0
2026-08-18T09:25:32,Fiat,Punto,1,0,0.0
2026-08-18T09:25:32,Fiat,Scudo,7,1,0.1429
2026-08-18T09:25:32,Fiat,Talento,1,0,0.0
2026-08-18T09:25:32,Fiat,Tipo,4,0,0.0
2026-08-18T09:25:32,Fiat,Tipo Cross,2,0,0.0
2026-08-18T09:25:32,Ford,B-Max,1,0,0.0
2026-08-18T09:25:32,Ford,Capri,10,10,1.0
2026-08-18T09:25:32,Ford,Ecosport,16,0,0.0
2026-08-18T09:25:32,Ford,Explorer,15,13,0.8667
2026-08-18T09:25:32,Ford,Fiesta,46,0,0.0
2026-08-18T09:25:32,Ford,Fiesta Active,2,0,0.0
2026-08-18T09:25:32,Ford,Focus,26,0,0.0
2026-08-18T09:25:32,Ford,Focus Active,2,0,0.0
2026-08-18T09:25:32,Ford,Focus Active Sw,1,0,0.0
2026-08-18T09:25:32,Ford,Focus Sw,2,0,0.0
2026-08-18T09:25:32,Ford,Galaxy,2,0,0.0
2026-08-18T09:25:32,Ford,Kuga,88,0,0.0
2026-08-18T09:25:32,Ford,Mondeo,1,0,0.0
2026-08-18T09:25:32,Ford,Mondeo Sw,1,0,0.0
2026-08-18T09:25:32,Ford,Mustang Mach-E,7,7,1.0
2026-08-18T09:25:32,Ford,Puma,145,20,0.1379
2026-08-18T09:25:32,Ford,Ranger,10,0,0.0
2026-08-18T09:25:32,Ford,S-Max,4,0,0.0
2026-08-18T09:25:32,Ford,Tourneo Connect,1,0,0.0
2026-08-18T09:25:32,Ford,Tourneo Courier,6,1,0.1667
2026-08-18T09:25:32,Ford,Tourneo Custom,5,0,0.0
2026-08-18T09:25:32,Ford,Transit 2t,10,1,0.1
2026-08-18T09:25:32,Ford,Transit Connect,4,0,0.0
2026-08-18T09:25:32,Ford,Transit Courier,4,3,0.75
2026-08-18T09:25:32,Ford,Transit Custom,18,0,0.0
2026-08-18T09:25:32,Ford,Transit Custom Kombi,5,0,0.0
2026-08-18T09:25:32,Ford,Transit Custom Nugget,1,0,0.0
2026-08-18T09:25:32,Honda,Hr-V,1,0,0.0
2026-08-18T09:25:32,Honda,Jazz,1,0,0.0
2026-08-18T09:25:32,Honda,Ny1,1,1,1.0
2026-08-18T09:25:32,Hyundai,Bayon,4,0,0.0
2026-08-18T09:25:32,Hyundai,I10,3,0,0.0
2026-08-18T09:25:32,Hyundai,I20,23,0,0.0
2026-08-18T09:25:32,Hyundai,I30,4,0,0.0
2026-08-18T09:25:32,Hyundai,I30 Fastback,1,0,0.0
2026-08-18T09:25:32,Hyundai,I30 Sw,4,0,0.0
2026-08-18T09:25:32,Hyundai,Ioniq,2,2,1.0
2026-08-18T09:25:32,Hyundai,Ix20,1,0,0.0
2026-08-18T09:25:32,Hyundai,Kona,22,0,0.0
2026-08-18T09:25:32,Hyundai,Santa Fe,4,0,0.0
2026-08-18T09:25:32,Hyundai,Tucson,47,0,0.0
2026-08-18T09:25:32,Isuzu,D-Max,1,0,0.0
2026-08-18T09:25:32,Iveco,Daily,2,0,0.0
2026-08-18T09:25:32,Jaguar,E-Pace,8,0,0.0
2026-08-18T09:25:32,Jaguar,F-Pace,7,0,0.0
2026-08-18T09:25:32,Jaguar,F-Type Coupe,1,0,0.0
2026-08-18T09:25:32,Jaguar,I-Pace,3,3,1.0
2026-08-19T09:27:33,Abarth,500,5,1,0.2
2026-08-19T09:27:33,Abarth,500c,1,1,1.0
2026-08-19T09:27:33,Abarth,600,1,1,1.0
2026-08-19T09:27:33,Alfa Romeo,Giulia,3,0,0.0
2026-08-19T09:27:33,Alfa Romeo,Giulietta,2,0,0.0
2026-08-19T09:27:33,Alfa Romeo,Junior,1,0,0.0
2026-08-19T09:27:33,Alfa Romeo,Stelvio,8,0,0.0
2026-08-19T09:27:33,Alfa Romeo,Tonale,10,0,0.0
2026-08-19T09:27:33,Alpine,A110,26,0,0.0
2026-08-19T09:27:33,Alpine,A290,13,13,1.0
2026-08-19T09:27:33,Alpine,A390,6,6,1.0
2026-08-19T09:27:33,Aston Martin,V8 Vantage,1,0,0.0
2026-08-19T09:27:33,Audi,A1 Allstreet,6,0,0.0
2026-08-19T09:27:33,Audi,A1 Citycarver,1,0,0.0
2026-08-19T09:27:33,Audi,A1 Sportback,66,0,0.0
2026-08-19T09:27:33,Audi,A3,1,0,0.0
2026-08-19T09:27:33,Audi,A3 Allstreet,4,0,0.0
2026-08-19T09:27:33,Audi,A3 Sportback,40,0,0.0
2026-08-19T09:27:33,Audi,A4,2,0,0.0
2026-08-19T09:27:33,Audi,A4 Allroad,2,0,0.0
2026-08-19T09:27:33,Audi,A4 Avant,4,0,0.0
2026-08-19T09:27:33,Audi,A5,2,0,0.0
2026-08-19T09:27:33,Audi,A5 Avant,7,0,0.0
2026-08-19T09:27:33,Audi,A5 Sportback,2,0,0.0
2026-08-19T09:27:33,Audi,A6,2,0,0.0
2026-08-19T09:27:33,Audi,A6 Allroad,3,0,0.0
2026-08-19T09:27:33,Audi,A6 Avant,7,0,0.0
2026-08-19T09:27:33,Audi,A6 Avant E-Tron,1,1,1.0
2026-08-19T09:27:33,Audi,A6 Sportback E-Tron,1,1,1.0
2026-08-19T09:27:33,Audi,A8,1,0,0.0
2026-08-19T09:27:33,Audi,E-Tron Gt,1,1,1.0
2026-08-19T09:27:33,Audi,E-Tron S Sportback,2,2,1.0
2026-08-19T09:27:33,Audi,E-Tron Sportback,1,1,1.0
2026-08-19T09:27:33,Audi,Q2,50,0,0.0
2026-08-19T09:27:33,Audi,Q3,36,0,0.0
2026-08-19T09:27:33,Audi,Q3 Sportback,23,0,0.0
2026-08-19T09:27:33,Audi,Q4 E-Tron,5,5,1.0
2026-08-19T09:27:33,Audi,Q4 Sportback E-Tron,6,6,1.0
2026-08-19T09:27:33,Audi,Q5,22,0,0.0
2026-08-19T09:27:33,Audi,Q5 Sportback,12,0,0.0
2026-08-19T09:27:33,Audi,Q6 E-Tron,6,6,1.0
2026-08-19T09:27:33,Audi,Q6 Sportback E-Tron,4,4,1.0
2026-08-19T09:27:33,Audi,Q8,2,0,0.0
2026-08-19T09:27:33,Audi,Q8 E-Tron,2,2,1.0
2026-08-19T09:27:33,Audi,Q8 E-Tron Sportback,1,1,1.0
2026-08-19T09:27:33,Audi,R8 Spyder,1,0,0.0
2026-08-19T09:27:33,Audi,Rs Q3 Sportback,1,0,0.0
2026-08-19T09:27:33,Audi,Rs3 Sportback,2,0,0.0
2026-08-19T09:27:33,Audi,Rs4 Avant,1,0,0.0
2026-08-19T09:27:33,Audi,Rs5,1,0,0.0
2026-08-19T09:27:33,Audi,Rs6 Avant,2,0,0.0
2026-08-19T09:27:33,Audi,S3,1,0,0.0
2026-08-19T09:27:33,Audi,S3 Sportback,2,0,0.0
2026-08-19T09:27:33,Audi,S4 Avant,1,0,0.0
2026-08-19T09:27:33,Audi,S6 Avant E-Tron,2,2,1.0
2026-08-19T09:27:33,Audi,Tt,2,0,0.0
2026-08-19T09:27:33,Audi,Tt Roadster,1,0,0.0
2026-08-19T09:27:33,Bmw,I3,1,1,1.0
2026-08-19T09:27:33,Bmw,I4,32,32,1.0
2026-08-19T09:27:33,Bmw,I8,1,0,0.0
2026-08-19T09:27:33,Bmw,Ix,4,4,1.0
2026-08-19T09:27:33,Bmw,Ix3,3,3,1.0
2026-08-19T09:27:33,Bmw,M2 Coupé,3,0,0.0
2026-08-19T09:27:33,Bmw,M4 Coupé,3,0,0.0
2026-08-19T09:27:33,Bmw,M5,1,0,0.0
2026-08-19T09:27:33,Bmw,M5 Touring,1,0,0.0
2026-08-19T09:27:33,Bmw,Série 1,133,0,0.0
2026-08-19T09:27:33,Bmw,Série 2 Active Tourer,73,0,0.0
2026-08-19T09:27:33,Bmw,Série 2 Coupé,5,0,0.0
2026-08-19T09:27:33,Bmw,Série 2 Gran Coupé,21,0,0.0
2026-08-19T09:27:33,Bmw,Série 2 Gran Tourer,4,0,0.0
2026-08-19T09:27:33,Bmw,Série 3,13,0,0.0
2026-08-19T09:27:33,Bmw,Série 3 Gran Turismo,5,0,0.0
2026-08-19T09:27:33,Bmw,Série 3 Touring,37,0,0.0
2026-08-19T09:27:33,Bmw,Série 4 Cabriolet,6,0,0.0
2026-08-19T09:27:33,Bmw,Série 4 Coupé,15,0,0.0
2026-08-19T09:27:33,Bmw,Série 4 Gran Coupé,24,0,0.0
2026-08-19T09:27:33,Bmw,Série 5,24,6,0.25
2026-08-19T09:27:33,Bmw,Série 5 Touring,12,2,0.1667
2026-08-19T09:27:33,Bmw,Série 7,1,0,0.0
2026-08-19T09:27:33,Bmw,Série 8 Gran Coupé,2,0,0.0
2026-08-19T09:27:33,Bmw,X1,141,29,0.2057
2026-08-19T09:27:33,Bmw,X2,77,10,0.1299
2026-08-19T09:27:33,Bmw,X3,73,0,0.0
2026-08-19T09:27:33,Bmw,X4,8,0,0.0
2026-08-19T09:27:33,Bmw,X4 M,2,0,0.0
2026-08-19T09:27:33,Bmw,X5,30,0,0.0
2026-08-19T09:27:33,Bmw,X6,2,0,0.0
2026-08-19T09:27:33,Bmw,Xm,4,0,0.0
2026-08-19T09:27:33,Bmw,Z4 Roadster,6,0,0.0
2026-08-19T09:27:33,Byd,Atto 2,1,1,1.0
2026-08-19T09:27:33,Byd,Atto 3,1,1,1.0
2026-08-19T09:27:33,Byd,Seal 6 Dm-I,1,0,0.0
2026-08-19T09:27:33,Byd,Tang,2,2,1.0
2026-08-19T09:27:33,Citroen,Ami,15,15,1.0
2026-08-19T09:27:33,Citroen,Berlingo,15,2,0.1333
2026-08-19T09:27:33,Citroen,Berlingo Van,44,0,0.0
2026-08-19T09:27:33,Citroen,C1,14,0,0.0
2026-08-19T09:27:33,Citroen,C3,729,9,0.0123
2026-08-19T09:27:33,Citroen,C3 Aircross,151,7,0.0464
2026-08-19T09:27:33,Citroen,C4,141,33,0.234
2026-08-19T09:27:33,Citroen,C4 Cactus,16,0,0.0
2026-08-19T09:27:33,Citroen,C4 Picasso,6,0,0.0
2026-08-19T09:27:33,Citroen,C4 Spacetourer,4,0,0.0
2026-08-19T09:27:33,Citroen,C4 X,8,4,0.5
2026-08-19T09:27:33,Citroen,C5,2,0,0.0
2026-08-19T09:27:33,Citroen,C5 Aircross,207,4,0.0193
2026-08-19T09:27:33,Citroen,C5 X,14,0,0.0
2026-08-19T09:27:33,Citroen,Grand C4 Spacetourer,6,0,0.0
2026-08-19T09:27:33,Citroen,Holidays,1,0,0.0
2026-08-19T09:27:33,Citroen,Jumper,16,0,0.0
2026-08-19T09:27:33,Citroen,Jumpy,35,1,0.0286
2026-08-19T09:27:33,Citroen,Spacetourer,14,0,0.0
2026-08-19T09:27:33,Cupra,Born,2,2,1.0
2026-08-19T09:27:33,Cupra,Formentor,21,0,0.0
2026-08-19T09:27:33,Cupra,Leon,6,0,0.0
2026-08-19T09:27:33,Cupra,Leon St,3,0,0.0
2026-08-19T09:27:33,Cupra,Terramar,4,0,0.0
2026-08-19T09:27:33,Dacia,Bigster,44,0,0.0
2026-08-19T09:27:33,Dacia,Duster,406,0,0.0
2026-08-19T09:27:33,Dacia,Jogger,145,0,0.0
2026-08-19T09:27:33,Dacia,Lodgy,9,0,0.0
2026-08-19T09:27:33,Dacia,Logan,3,0,0.0
2026-08-19T09:27:33,Dacia,Logan Mcv,1,0,0.0
2026-08-19T09:27:33,Dacia,Sandero,689,0,0.0
2026-08-19T09:27:33,Dacia,Spring,205,205,1.0
2026-08-19T09:27:33,Ds,4,13,6,0.4615
2026-08-19T09:27:33,Ds,8,8,8,1.0
2026-08-19T09:27:33,Ds,Ds,4,0,0.0
2026-08-19T09:27:33,Ds,Ds 3,47,14,0.2979
2026-08-19T09:27:33,Ds,Ds 3 Crossback,52,9,0.1731
2026-08-19T09:27:33,Ds,Ds 4,107,0,0.0
2026-08-19T09:27:33,Ds,Ds 7,51,0,0.0
2026-08-19T09:27:33,Ds,Ds 7 Crossback,59,0,0.0
2026-08-19T09:27:33,Ds,Ds 9,1,0,0.0
2026-08-19T09:27:33,Fiat,500,42,22,0.5238
2026-08-19T09:27:33,Fiat,500c,9,2,0.2222
2026-08-19T09:27:33,Fiat,500l,2,0,0.0
2026-08-19T09:27:33,Fiat,500x,21,0,0.0
2026-08-19T09:27:33,Fiat,600,11,2,0.1818
2026-08-19T09:27:33,Fiat,Doblo,1,0,0.0
2026-08-19T09:27:33,Fiat,Doblo Cargo,2,0,0.0
2026-08-19T09:27:33,Fiat,Ducato,5,0,0.0
2026-08-19T09:27:33,Fiat,Grande Panda,4,2,0.5
2026-08-19T09:27:33,Fiat,Panda,5,0,0.0
2026-08-19T09:27:33,Fiat,Punto,1,0,0.0
2026-08-19T09:27:33,Fiat,Scudo,8,1,0.125
2026-08-19T09:27:33,Fiat,Talento,1,0,0.0
2026-08-19T09:27:33,Fiat,Tipo,4,0,0.0
2026-08-19T09:27:33,Fiat,Tipo Cross,2,0,0.0
2026-08-19T09:27:33,Ford,B-Max,1,0,0.0
2026-08-19T09:27:33,Ford,Capri,10,10,1.0
2026-08-19T09:27:33,Ford,Ecosport,16,0,0.0
2026-08-19T09:27:33,Ford,Explorer,15,13,0.8667
2026-08-19T09:27:33,Ford,Fiesta,46,0,0.0
2026-08-19T09:27:33,Ford,Fiesta Active,2,0,0.0
2026-08-19T09:27:33,Ford,Focus,26,0,0.0
2026-08-19T09:27:33,Ford,Focus Active,2,0,0.0
2026-08-19T09:27:33,Ford,Focus Active Sw,1,0,0.0
2026-08-19T09:27:33,Ford,Focus Sw,2,0,0.0
2026-08-19T09:27:33,Ford,Galaxy,2,0,0.0
2026-08-19T09:27:33,Ford,Kuga,86,0,0.0
2026-08-19T09:27:33,Ford,Mondeo,1,0,0.0
2026-08-19T09:27:33,Ford,Mondeo Sw,1,0,0.0
2026-08-19T09:27:33,Ford,Mustang Mach-E,7,7,1.0
2026-08-19T09:27:33,Ford,Puma,147,20,0.1361
2026-08-19T09:27:33,Ford,Ranger,10,0,0.0
2026-08-19T09:27:33,Ford,S-Max,4,0,0.0
2026-08-19T09:27:33,Ford,Tourneo Connect,1,0,0.0
2026-08-19T09:27:33,Ford,Tourneo Courier,6,1,0.1667
2026-08-19T09:27:33,Ford,Tourneo Custom,5,0,0.0
2026-08-19T09:27:33,Ford,Transit 2t,11,1,0.0909
2026-08-19T09:27:33,Ford,Transit Connect,4,0,0.0
2026-08-19T09:27:33,Ford,Transit Courier,4,3,0.75
2026-08-19T09:27:33,Ford,Transit Custom,17,0,0.0
2026-08-19T09:27:33,Ford,Transit Custom Kombi,5,0,0.0
2026-08-19T09:27:33,Ford,Transit Custom Nugget,1,0,0.0
2026-08-19T09:27:33,Honda,Hr-V,1,0,0.0
2026-08-19T09:27:33,Honda,Jazz,1,0,0.0
2026-08-19T09:27:33,Honda,Ny1,1,1,1.0
2026-08-19T09:27:33,Hyundai,Bayon,4,0,0.0
2026-08-19T09:27:33,Hyundai,I10,3,0,0.0
2026-08-19T09:27:33,Hyundai,I20,23,0,0.0
2026-08-19T09:27:33,Hyundai,I30,4,0,0.0
2026-08-19T09:27:33,Hyundai,I30 Fastback,1,0,0.0
2026-08-19T09:27:33,Hyundai,I30 Sw,4,0,0.0
2026-08-19T09:27:33,Hyundai,Ioniq,2,2,1.0
2026-08-19T09:27:33,Hyundai,Kona,22,0,0.0
2026-08-19T09:27:33,Hyundai,Santa Fe,3,0,0.0
2026-08-19T09:27:33,Hyundai,Tucson,48,0,0.0
2026-08-19T09:27:33,Isuzu,D-Max,1,0,0.0
2026-08-20T09:27:55,Abarth,500,5,1,0.2
2026-08-20T09:27:55,Abarth,500c,1,1,1.0
2026-08-20T09:27:55,Abarth,600,1,1,1.0
2026-08-20T09:27:55,Alfa Romeo,Giulia,3,0,0.0
2026-08-20T09:27:55,Alfa Romeo,Giulietta,2,0,0.0
2026-08-20T09:27:55,Alfa Romeo,Junior,1,0,0.0
2026-08-20T09:27:55,Alfa Romeo,Stelvio,8,0,0.0
2026-08-20T09:27:55,Alfa Romeo,Tonale,10,0,0.0
2026-08-20T09:27:55,Alpine,A110,26,0,0.0
2026-08-20T09:27:55,Alpine,A290,13,13,1.0
2026-08-20T09:27:55,Alpine,A390,6,6,1.0
2026-08-20T09:27:55,Aston Martin,V8 Vantage,1,0,0.0
2026-08-20T09:27:55,Audi,A1 Allstreet,6,0,0.0
2026-08-20T09:27:55,Audi,A1 Citycarver,1,0,0.0
2026-08-20T09:27:55,Audi,A1 Sportback,67,0,0.0
2026-08-20T09:27:55,Audi,A3,1,0,0.0
2026-08-20T09:27:55,Audi,A3 Allstreet,4,0,0.0
2026-08-20T09:27:55,Audi,A3 Sportback,39,0,0.0
2026-08-20T09:27:55,Audi,A4,2,0,0.0
2026-08-20T09:27:55,Audi,A4 Allroad,2,0,0.0
2026-08-20T09:27:55,Audi,A4 Avant,4,0,0.0
2026-08-20T09:27:55,Audi,A5,2,0,0.0
2026-08-20T09:27:55,Audi,A5 Avant,7,0,0.0
2026-08-20T09:27:55,Audi,A5 Sportback,2,0,0.0
2026-08-20T09:27:55,Audi,A6,2,0,0.0
2026-08-20T09:27:55,Audi,A6 Allroad,3,0,0.0
2026-08-20T09:27:55,Audi,A6 Avant,7,0,0.0
2026-08-20T09:27:55,Audi,A6 Avant E-Tron,1,1,1.0
2026-08-20T09:27:55,Audi,A6 Sportback E-Tron,1,1,1.0
2026-08-20T09:27:55,Audi,A8,1,0,0.0
2026-08-20T09:27:55,Audi,E-Tron Gt,1,1,1.0
2026-08-20T09:27:55,Audi,E-Tron S Sportback,2,2,1.0
2026-08-20T09:27:55,Audi,E-Tron Sportback,1,1,1.0
2026-08-20T09:27:55,Audi,Q2,50,0,0.0
2026-08-20T09:27:55,Audi,Q3,36,0,0.0
2026-08-20T09:27:55,Audi,Q3 Sportback,23,0,0.0
2026-08-20T09:27:55,Audi,Q4 E-Tron,5,5,1.0
2026-08-20T09:27:55,Audi,Q4 Sportback E-Tron,6,6,1.0
2026-08-20T09:27:55,Audi,Q5,22,0,0.0
2026-08-20T09:27:55,Audi,Q5 Sportback,12,0,0.0
2026-08-20T09:27:55,Audi,Q6 E-Tron,6,6,1.0
2026-08-20T09:27:55,Audi,Q6 Sportback E-Tron,6,6,1.0
2026-08-20T09:27:55,Audi,Q8,2,0,0.0
2026-08-20T09:27:55,Audi,Q8 E-Tron,2,2,1.0
2026-08-20T09:27:55,Audi,Q8 E-Tron Sportback,1,1,1.0
2026-08-20T09:27:55,Audi,R8 Spyder,1,0,0.0
2026-08-20T09:27:55,Audi,Rs Q3 Sportback,1,0,0.0
2026-08-20T09:27:55,Audi,Rs3 Sportback,2,0,0.0
2026-08-20T09:27:55,Audi,Rs4 Avant,1,0,0.0
2026-08-20T09:27:55,Audi,Rs5,1,0,0.0
2026-08-20T09:27:55,Audi,Rs6 Avant,2,0,0.0
2026-08-20T09:27:55,Audi,S3,1,0,0.0
2026-08-20T09:27:55,Audi,S3 Sportback,2,0,0.0
2026-08-20T09:27:55,Audi,S4 Avant,1,0,0.0
2026-08-20T09:27:55,Audi,S6 Avant E-Tron,2,2,1.0
2026-08-20T09:27:55,Audi,Tt,2,0,0.0
2026-08-20T09:27:55,Audi,Tt Roadster,1,0,0.0
2026-08-20T09:27:55,Bmw,I3,1,1,1.0
2026-08-20T09:27:55,Bmw,I4,32,32,1.0
2026-08-20T09:27:55,Bmw,I8,1,0,0.0
2026-08-20T09:27:55,Bmw,Ix,4,4,1.0
2026-08-20T09:27:55,Bmw,Ix3,3,3,1.0
2026-08-20T09:27:55,Bmw,M2 Coupé,3,0,0.0
2026-08-20T09:27:55,Bmw,M4 Coupé,3,0,0.0
2026-08-20T09:27:55,Bmw,M5,1,0,0.0
2026-08-20T09:27:55,Bmw,M5 Touring,1,0,0.0
2026-08-20T09:27:55,Bmw,Série 1,134,0,0.0
2026-08-20T09:27:55,Bmw,Série 2 Active Tourer,75,0,0.0
2026-08-20T09:27:55,Bmw,Série 2 Coupé,5,0,0.0
2026-08-20T09:27:55,Bmw,Série 2 Gran Coupé,21,0,0.0
2026-08-20T09:27:55,Bmw,Série 2 Gran Tourer,4,0,0.0
2026-08-20T09:27:55,Bmw,Série 3,13,0,0.0
2026-08-20T09:27:55,Bmw,Série 3 Gran Turismo,5,0,0.0
2026-08-20T09:27:55,Bmw,Série 3 Touring,39,0,0.0
2026-08-20T09:27:55,Bmw,Série 4 Cabriolet,6,0,0.0
2026-08-20T09:27:55,Bmw,Série 4 Coupé,15,0,0.0
2026-08-20T09:27:55,Bmw,Série 4 Gran Coupé,23,0,0.0
2026-08-20T09:27:55,Bmw,Série 5,25,6,0.24
2026-08-20T09:27:55,Bmw,Série 5 Touring,13,2,0.1538
2026-08-20T09:27:55,Bmw,Série 7,1,0,0.0
2026-08-20T09:27:55,Bmw,Série 8 Gran Coupé,2,0,0.0
2026-08-20T09:27:55,Bmw,X1,148,32,0.2162
2026-08-20T09:27:55,Bmw,X2,77,10,0.1299
2026-08-20T09:27:55,Bmw,X3,76,0,0.0
2026-08-20T09:27:55,Bmw,X4,8,0,0.0
2026-08-20T09:27:55,Bmw,X4 M,1,0,0.0
2026-08-20T09:27:55,Bmw,X5,30,0,0.0
2026-08-20T09:27:55,Bmw,X6,2,0,0.0
2026-08-20T09:27:55,Bmw,Xm,4,0,0.0
2026-08-20T09:27:55,Bmw,Z4 Roadster,6,0,0.0
2026-08-20T09:27:55,Byd,Atto 2,1,1,1.0
2026-08-20T09:27:55,Byd,Seal 6 Dm-I,1,0,0.0
2026-08-20T09:27:55,Byd,Tang,2,2,1.0
2026-08-20T09:27:55,Citroen,Ami,13,13,1.0
2026-08-20T09:27:55,Citroen,Berlingo,14,2,0.1429
2026-08-20T09:27:55,Citroen,Berlingo Van,46,0,0.0
2026-08-20T09:27:55,Citroen,C1,13,0,0.0
2026-08-20T09:27:55,Citroen,C3,732,9,0.0123
2026-08-20T09:27:55,Citroen,C3 Aircross,152,7,0.0461
2026-08-20T09:27:55,Citroen,C4,147,33,0.2245
2026-08-20T09:27:55,Citroen,C4 Cactus,18,0,0.0
2026-08-20T09:27:55,Citroen,C4 Picasso,6,0,0.0
2026-08-20T09:27:55,Citroen,C4 Spacetourer,3,0,0.0
2026-08-20T09:27:55,Citroen,C4 X,8,4,0.5
2026-08-20T09:27:55,Citroen,C5,3,0,0.0
2026-08-20T09:27:55,Citroen,C5 Aircross,210,5,0.0238
2026-08-20T09:27:55,Citroen,C5 X,15,0,0.0
2026-08-20T09:27:55,Citroen,Grand C4 Spacetourer,6,0,0.0
2026-08-20T09:27:55,Citroen,Holidays,1,0,0.0
2026-08-20T09:27:55,Citroen,Jumper,16,0,0.0
2026-08-20T09:27:55,Citroen,Jumpy,32,1,0.0312
2026-08-20T09:27:55,Citroen,Spacetourer,14,0,0.0
2026-08-20T09:27:55,Cupra,Born,3,3,1.0
2026-08-20T09:27:55,Cupra,Formentor,20,0,0.0
2026-08-20T09:27:55,Cupra,Leon,6,0,0.0
2026-08-20T09:27:55,Cupra,Leon St,3,0,0.0
2026-08-20T09:27:55,Cupra,Raval,1,1,1.0
2026-08-20T09:27:55,Cupra,Terramar,3,0,0.0
2026-08-20T09:27:55,Dacia,Bigster,44,0,0.0
2026-08-20T09:27:55,Dacia,Duster,411,0,0.0
2026-08-20T09:27:55,Dacia,Jogger,150,0,0.0
2026-08-20T09:27:55,Dacia,Lodgy,10,0,0.0
2026-08-20T09:27:55,Dacia,Logan,3,0,0.0
2026-08-20T09:27:55,Dacia,Logan Mcv,1,0,0.0
2026-08-20T09:27:55,Dacia,Sandero,700,0,0.0
2026-08-20T09:27:55,Dacia,Spring,216,215,0.9954
2026-08-20T09:27:55,Ds,4,13,6,0.4615
2026-08-20T09:27:55,Ds,8,8,8,1.0
2026-08-20T09:27:55,Ds,Ds,3,0,0.0
2026-08-20T09:27:55,Ds,Ds 3,50,15,0.3
2026-08-20T09:27:55,Ds,Ds 3 Crossback,51,10,0.1961
2026-08-20T09:27:55,Ds,Ds 4,109,0,0.0
2026-08-20T09:27:55,Ds,Ds 7,52,0,0.0
2026-08-20T09:27:55,Ds,Ds 7 Crossback,59,0,0.0
2026-08-20T09:27:55,Ds,Ds 9,1,0,0.0
2026-08-20T09:27:55,Fiat,500,42,23,0.5476
2026-08-20T09:27:55,Fiat,500c,9,2,0.2222
2026-08-20T09:27:55,Fiat,500l,2,0,0.0
2026-08-20T09:27:55,Fiat,500x,23,0,0.0
2026-08-20T09:27:55,Fiat,600,11,2,0.1818
2026-08-20T09:27:55,Fiat,Doblo,1,0,0.0
2026-08-20T09:27:55,Fiat,Doblo Cargo,2,0,0.0
2026-08-20T09:27:55,Fiat,Ducato,4,0,0.0
2026-08-20T09:27:55,Fiat,Fiorino,1,0,0.0
2026-08-20T09:27:55,Fiat,Grande Panda,4,2,0.5
2026-08-20T09:27:55,Fiat,Panda,5,0,0.0
2026-08-20T09:27:55,Fiat,Panda 4x4 Cross,1,0,0.0
2026-08-20T09:27:55,Fiat,Punto,1,0,0.0
2026-08-20T09:27:55,Fiat,Scudo,9,1,0.1111
2026-08-20T09:27:55,Fiat,Scudo Combi,1,0,0.0
2026-08-20T09:27:55,Fiat,Talento,1,0,0.0
2026-08-20T09:27:55,Fiat,Tipo,3,0,0.0
2026-08-20T09:27:55,Fiat,Tipo Cross,2,0,0.0
2026-08-20T09:27:55,Fiat,Tipo Sw,1,0,0.0
2026-08-20T09:27:55,Ford,B-Max,1,0,0.0
2026-08-20T09:27:55,Ford,Capri,10,10,1.0
2026-08-20T09:27:55,Ford,Ecosport,16,0,0.0
2026-08-20T09:27:55,Ford,Explorer,14,12,0.8571
2026-08-20T09:27:55,Ford,Fiesta,45,0,0.0
2026-08-20T09:27:55,Ford,Fiesta Active,2,0,0.0
2026-08-20T09:27:55,Ford,Focus,26,0,0.0
2026-08-20T09:27:55,Ford,Focus Active,2,0,0.0
2026-08-20T09:27:55,Ford,Focus Active Sw,1,0,0.0
2026-08-20T09:27:55,Ford,Focus Sw,1,0,0.0
2026-08-20T09:27:55,Ford,Galaxy,2,0,0.0
2026-08-20T09:27:55,Ford,Kuga,81,0,0.0
2026-08-20T09:27:55,Ford,Mondeo,1,0,0.0
2026-08-20T09:27:55,Ford,Mondeo Sw,1,0,0.0
2026-08-20T09:27:55,Ford,Mustang Mach-E,7,7,1.0
2026-08-20T09:27:55,Ford,Puma,150,20,0.1333
2026-08-20T09:27:55,Ford,Ranger,10,0,0.0
2026-08-20T09:27:55,Ford,S-Max,4,0,0.0
2026-08-20T09:27:55,Ford,Tourneo Connect,1,0,0.0
2026-08-20T09:27:55,Ford,Tourneo Courier,5,1,0.2
2026-08-20T09:27:55,Ford,Tourneo Custom,5,0,0.0
2026-08-20T09:27:55,Ford,Transit 2t,11,1,0.0909
2026-08-20T09:27:55,Ford,Transit Connect,5,0,0.0
2026-08-20T09:27:55,Ford,Transit Courier,4,3,0.75
2026-08-20T09:27:55,Ford,Transit Custom,18,0,0.0
2026-08-20T09:27:55,Ford,Transit Custom Kombi,5,0,0.0
2026-08-20T09:27:55,Ford,Transit Custom Nugget,1,0,0.0
2026-08-20T09:27:55,Honda,Hr-V,2,0,0.0
2026-08-20T09:27:55,Honda,Jazz,1,0,0.0
2026-08-20T09:27:55,Honda,Ny1,1,1,1.0
2026-08-20T09:27:55,Hyundai,Bayon,4,0,0.0
2026-08-20T09:27:55,Hyundai,I10,3,0,0.0
2026-08-20T09:27:55,Hyundai,I20,25,0,0.0
2026-08-20T09:27:55,Hyundai,I30,4,0,0.0
2026-08-20T09:27:55,Hyundai,I30 Fastback,1,0,0.0
2026-08-20T09:27:55,Hyundai,I30 Sw,4,0,0.0
2026-08-20T09:27:55,Hyundai,Ioniq,2,2,1.0
2026-08-20T09:27:55,Hyundai,Kona,23,0,0.0
2026-08-20T09:27:55,Hyundai,Santa Fe,3,0,0.0
2026-08-20T09:27:55,Hyundai,Tucson,47,0,0.0
2026-08-20T09:27:55,Isuzu,D-Max,1,0,0.0
2026-08-20T09:27:55,Iveco,Daily,2,0,0.0
2026-08-20T09:27:55,Jaguar,E-Pace,7,0,0.0
2026-08-20T09:27:55,Jaguar,F-Pace,6,0,0.0
2026-08-20T09:27:55,Jaguar,F-Type Coupe,1,0,0.0
2026-08-20T09:27:55,Jaguar,I-Pace,3,3,1.0
2026-08-20T09:27:55,Jeep,Avenger,4,0,0.0
2026-08-20T09:27:55,Jeep,Cherokee,1,0,0.0
2026-08-20T09:27:55,Jeep,Compass,3,0,0.0
2026-08-20T09:27:55,Jeep,Gladiator,1,0,0.0
2026-08-20T09:27:55,Jeep,Renegade,14,0,0.0
2026-08-20T09:27:55,Jeep,Wrangler Unlimited,1,0,0.0
2026-08-20T09:27:55,Porsche,718 Cayman,1,0,0.0
2026-08-20T09:27:55,Porsche,911 Cabriolet,5,0,0.0
2026-08-20T09:27:55,Porsche,911 Coupé,6,0,0.0
2026-08-20T09:27:55,Porsche,911 Speedster,1,0,0.0
2026-08-20T09:27:55,Porsche,911 Targa,1,0,0.0
2026-08-20T09:27:55,Porsche,Cayenne,6,0,0.0
2026-08-20T09:27:55,Porsche,Cayenne Coupé,5,0,0.0
2026-08-20T09:27:55,Porsche,Cayman,1,0,0.0
2026-08-20T09:27:55,Porsche,Macan,5,3,0.6
2026-08-20T09:27:55,Porsche,Panamera,3,0,0.0
2026-08-20T09:27:55,Porsche,Panamera Sport Turismo,3,0,0.0
2026-08-20T09:27:55,Porsche,Taycan,9,9,1.0
2026-08-20T09:27:55,Renault,4,9,9,1.0
2026-08-20T09:27:55,Renault,5,38,38,1.0
2026-08-20T09:27:55,Renault,Arkana,400,0,0.0
2026-08-20T09:27:55,Renault,Austral,314,0,0.0
2026-08-20T09:27:55,Renault,Captur,840,0,0.0
2026-08-20T09:27:55,Renault,Clio,1384,0,0.0
2026-08-20T09:27:55,Renault,Espace,91,0,0.0
2026-08-20T09:27:55,Renault,Express,18,0,0.0
2026-08-20T09:27:55,Renault,Grand Scénic,24,0,0.0
2026-08-20T09:27:55,Renault,Kadjar,80,0,0.0
2026-08-20T09:27:55,Renault,Kangoo,32,0,0.0
2026-08-20T09:27:55,Renault,Kangoo Express,13,1,0.0769
2026-08-20T09:27:55,Renault,Kangoo Van,32,7,0.2188
2026-08-20T09:27:55,Renault,Koleos,13,0,0.0
2026-08-20T09:27:55,Renault,Master,317,12,0.0379
2026-08-20T09:27:55,Renault,Mégane,401,302,0.7531
2026-08-20T09:27:55,Renault,Mégane Estate,21,0,0.0
2026-08-20T09:27:55,Renault,Rafale,49,0,0.0
2026-08-20T09:27:55,Renault,Scénic,71,34,0.4789
2026-08-20T09:27:55,Renault,Symbioz,161,0,0.0
2026-08-20T09:27:55,Renault,Talisman,9,0,0.0
2026-08-20T09:27:55,Renault,Talisman Estate,5,0,0.0
2026-08-20T09:27:55,Renault,Trafic,129,0,0.0
2026-08-20T09:27:55,Renault,Trafic Combi,21,0,0.0
2026-08-20T09:27:55,Renault,Twingo,197,109,0.5533
2026-08-20T09:27:55,Renault,Twizy,4,4,1.0
2026-08-20T09:27:55,Renault,Zoé,61,61,1.0
2026-08-20T09:27:55,Seat,Arona,35,0,0.0
2026-08-20T09:27:55,Seat,Ateca,37,0,0.0
2026-08-20T09:27:55,Seat,Ibiza,29,0,0.0
2026-08-20T09:27:55,Seat,Leon,19,0,0.0
2026-08-20T09:27:55,Seat,Leon St,5,0,0.0
2026-08-20T09:27:55,Seat,Tarraco,1,0,0.0
2026-08-20T09:27:55,Skoda,Elroq,1,1,1.0
2026-08-20T09:27:55,Skoda,Enyaq,1,1,1.0
2026-08-20T09:27:55,Skoda,Enyaq Coupé,1,1,1.0
2026-08-20T09:27:55,Skoda,Fabia,30,0,0.0
2026-08-20T09:27:55,Skoda,Fabia Combi,1,0,0.0
2026-08-20T09:27:55,Skoda,Kamiq,32,0,0.0
2026-08-20T09:27:55,Skoda,Karoq,19,0,0.0
2026-08-20T09:27:55,Skoda,Kodiaq,13,0,0.0
2026-08-20T09:27:55,Skoda,Octavia,4,0,0.0
2026-08-20T09:27:55,Skoda,Octavia Combi,7,0,0.0
2026-08-20T09:27:55,Skoda,Scala,8,0,0.0
2026-08-20T09:27:55,Skoda,Superb,2,0,0.0
2026-08-20T09:27:55,Skoda,Superb Combi,1,0,0.0
2026-08-20T09:27:55,Smart,1,1,1,1.0
2026-08-20T09:27:55,Smart,3,1,1,1.0
2026-08-20T09:27:55,Smart,5,2,2,1.0
2026-08-20T09:27:55,Smart,Fortwo Coupé,1,1,1.0
2026-08-20T09:27:55,Suzuki,Across,1,0,0.0
2026-08-20T09:27:55,Suzuki,E Vitara,2,2,1.0
2026-08-20T09:27:55,Suzuki,Ignis,3,0,0.0
2026-08-20T09:27:55,Suzuki,S-Cross,17,0,0.0
2026-08-20T09:27:55,Suzuki,Swift,32,0,0.0
2026-08-20T09:27:55,Suzuki,Vitara,24,1,0.0417
2026-08-20T09:27:55,Tesla,Model 3,2,2,1.0
2026-08-20T09:27:55,Tesla,Model Y,1,1,1.0
2026-08-20T09:27:55,Toyota,Auris,1,0,0.0
2026-08-20T09:27:55,Toyota,Auris Touring Sports,1,0,0.0
2026-08-20T09:27:55,Toyota,Aygo,17,0,0.0
2026-08-20T09:27:55,Toyota,Aygo X,84,0,0.0
2026-08-20T09:27:55,Toyota,Bz4x,1,1,1.0
2026-08-20T09:27:55,Toyota,Bz4x Touring,2,2,1.0
2026-08-20T09:27:55,Toyota,C-Hr,77,0,0.0
2026-08-20T09:27:55,Toyota,C-Hr et plus,2,2,1.0
2026-08-20T09:27:55,Toyota,Corolla,18,0,0.0
2026-08-20T09:27:55,Toyota,Corolla Touring Sports,13,0,0.0
2026-08-20T09:27:55,Toyota,Hilux,2,0,0.0
2026-08-20T09:27:55,Toyota,Prius,1,0,0.0
2026-08-20T09:27:55,Toyota,Prius Hybride Rechargeable,2,0,0.0
2026-08-20T09:27:55,Toyota,Proace,4,2,0.5
2026-08-20T09:27:55,Toyota,Proace City,1,0,0.0
2026-08-20T09:27:55,Toyota,Proace Max,1,0,0.0
2026-08-20T09:27:55,Toyota,Rav4,19,0,0.0
2026-08-20T09:27:55,Toyota,Yaris,182,0,0.0
2026-08-20T09:27:55,Toyota,Yaris Cross,117,0,0.0
2026-08-20T09:27:55,Volkswagen,3,13,13,1.0
2026-08-20T09:27:55,Volkswagen,3 Neo,3,3,1.0
2026-08-20T09:27:55,Volkswagen,4,9,9,1.0
2026-08-20T09:27:55,Volkswagen,5,4,4,1.0
2026-08-20T09:27:55,Volkswagen,7,1,1,1.0
2026-08-20T09:27:55,Volkswagen,Arteon,2,0,0.0
2026-08-20T09:27:55,Volkswagen,Buzz,3,3,1.0
2026-08-20T09:27:55,Volkswagen,Caddy,1,0,0.0
2026-08-20T09:27:55,Volkswagen,Caddy Cargo,2,0,0.0
2026-08-20T09:27:55,Volkswagen,Caddy Maxi,1,0,0.0
2026-08-20T09:27:55,Volkswagen,Caddy Van,2,0,0.0
2026-08-20T09:27:55,Volkswagen,Caravelle,3,2,0.6667
2026-08-20T09:27:55,Volkswagen,Coccinelle,1,0,0.0
2026-08-20T09:27:55,Volkswagen,Crafter,4,0,0.0
2026-08-20T09:27:55,Volkswagen,Golf,65,0,0.0
2026-08-20T09:27:55,Volkswagen,Golf Sportsvan,1,0,0.0
2026-08-20T09:27:55,Volkswagen,Golf Sw,2,0,0.0
2026-08-20T09:27:55,Volkswagen,Multivan,1,0,0.0
2026-08-20T09:27:55,Volkswagen,Passat Sw,7,0,0.0
2026-08-20T09:27:55,Volkswagen,Polo,108,0,0.0
2026-08-20T09:27:55,Volkswagen,T-Cross,52,0,0.0
2026-08-20T09:27:55,Volkswagen,T-Roc,128,0,0.0
2026-08-20T09:27:55,Volkswagen,T-Roc Cabriolet,7,0,0.0
2026-08-20T09:27:55,Volkswagen,Taigo,55,0,0.0
2026-08-20T09:27:55,Volkswagen,Tayron,1,0,0.0
2026-08-20T09:27:55,Volkswagen,Tiguan,82,0,0.0
2026-08-20T09:27:55,Volkswagen,Tiguan Allspace,1,0,0.0
2026-08-20T09:27:55,Volkswagen,Touran,7,0,0.0
2026-08-20T09:27:55,Volkswagen,Transporter,14,1,0.0714
2026-08-20T09:27:55,Volvo,C40,1,1,1.0
2026-08-20T09:27:55,Volvo,Ec40,7,7,1.0
2026-08-20T09:27:55,Volvo,Es90,3,3,1.0
2026-08-20T09:27:55,Volvo,Ex30,15,15,1.0
2026-08-20T09:27:55,Volvo,Ex30 Cross Country,4,4,1.0
2026-08-20T09:27:55,Volvo,Ex40,10,10,1.0
2026-08-20T09:27:55,Volvo,S60,1,0,0.0
2026-08-20T09:27:55,Volvo,S90,1,0,0.0
2026-08-20T09:27:55,Volvo,V60,18,0,0.0
2026-08-20T09:27:55,Volvo,Xc40,41,8,0.1951
2026-08-20T09:27:55,Volvo,Xc60,42,0,0.0
2026-08-20T09:27:55,Volvo,Xc90,9,0,0.0
2026-08-21T09:29:27,Abarth,500,3,1,0.3333
2026-08-21T09:29:27,Abarth,500c,1,1,1.0
2026-08-21T09:29:27,Abarth,600,1,1,1.0
2026-08-21T09:29:27,Alfa Romeo,Giulia,3,0,0.0
2026-08-21T09:29:27,Alfa Romeo,Giulietta,2,0,0.0
2026-08-21T09:29:27,Alfa Romeo,Junior,1,0,0.0
2026-08-21T09:29:27,Alfa Romeo,Stelvio,8,0,0.0
2026-08-21T09:29:27,Alfa Romeo,Tonale,10,0,0.0
2026-08-21T09:29:27,Alpine,A110,26,0,0.0
2026-08-21T09:29:27,Alpine,A290,12,12,1.0
2026-08-21T09:29:27,Alpine,A390,6,6,1.0
2026-08-21T09:29:27,Aston Martin,V8 Vantage,1,0,0.0
2026-08-21T09:29:27,Audi,A1 Allstreet,6,0,0.0
2026-08-21T09:29:27,Audi,A1 Citycarver,1,0,0.0
2026-08-21T09:29:27,Audi,A1 Sportback,67,0,0.0
2026-08-21T09:29:27,Audi,A3,1,0,0.0
2026-08-21T09:29:27,Audi,A3 Allstreet,4,0,0.0
2026-08-21T09:29:27,Audi,A3 Sportback,40,0,0.0
2026-08-21T09:29:27,Audi,A4,2,0,0.0
2026-08-21T09:29:27,Audi,A4 Allroad,2,0,0.0
2026-08-21T09:29:27,Audi,A4 Avant,4,0,0.0
2026-08-21T09:29:27,Audi,A5,3,0,0.0
2026-08-21T09:29:27,Audi,A5 Avant,7,0,0.0
2026-08-21T09:29:27,Audi,A5 Sportback,2,0,0.0
2026-08-21T09:29:27,Audi,A6,2,0,0.0
2026-08-21T09:29:27,Audi,A6 Allroad,2,0,0.0
2026-08-21T09:29:27,Audi,A6 Avant,7,0,0.0
2026-08-21T09:29:27,Audi,A6 Avant E-Tron,1,1,1.0
2026-08-21T09:29:27,Audi,A6 Sportback E-Tron,1,1,1.0
2026-08-21T09:29:27,Audi,A8,1,0,0.0
2026-08-21T09:29:27,Audi,E-Tron Gt,1,1,1.0
2026-08-21T09:29:27,Audi,E-Tron S Sportback,2,2,1.0
2026-08-21T09:29:27,Audi,Q2,51,0,0.0
2026-08-21T09:29:27,Audi,Q3,36,0,0.0
2026-08-21T09:29:27,Audi,Q3 Sportback,23,0,0.0
2026-08-21T09:29:27,Audi,Q4 E-Tron,5,5,1.0
2026-08-21T09:29:27,Audi,Q4 Sportback E-Tron,6,6,1.0
2026-08-21T09:29:27,Audi,Q5,22,0,0.0
2026-08-21T09:29:27,Audi,Q5 Sportback,12,0,0.0
2026-08-21T09:29:27,Audi,Q6 E-Tron,6,6,1.0
2026-08-21T09:29:27,Audi,Q6 Sportback E-Tron,6,6,1.0
2026-08-21T09:29:27,Audi,Q8,2,0,0.0
2026-08-21T09:29:27,Audi,Q8 E-Tron,2,2,1.0
2026-08-21T09:29:27,Audi,Q8 E-Tron Sportback,1,1,1.0
2026-08-21T09:29:27,Audi,R8 Spyder,1,0,0.0
2026-08-21T09:29:27,Audi,Rs Q3 Sportback,1,0,0.0
2026-08-21T09:29:27,Audi,Rs3 Sportback,2,0,0.0
2026-08-21T09:29:27,Audi,Rs4 Avant,1,0,0.0
2026-08-21T09:29:27,Audi,Rs5,1,0,0.0
2026-08-21T09:29:27,Audi,Rs6 Avant,2,0,0.0
2026-08-21T09:29:27,Audi,S3,1,0,0.0
2026-08-21T09:29:27,Audi,S3 Sportback,2,0,0.0
2026-08-21T09:29:27,Audi,S4 Avant,1,0,0.0
2026-08-21T09:29:27,Audi,S6 Avant E-Tron,2,2,1.0
2026-08-21T09:29:27,Audi,Tt,2,0,0.0
2026-08-21T09:29:27,Audi,Tt Roadster,1,0,0.0
2026-08-21T09:29:27,Bmw,I3,1,1,1.0
2026-08-21T09:29:27,Bmw,I4,32,32,1.0
2026-08-21T09:29:27,Bmw,I8,1,0,0.0
2026-08-21T09:29:27,Bmw,Ix,4,4,1.0
2026-08-21T09:29:27,Bmw,Ix3,4,4,1.0
2026-08-21T09:29:27,Bmw,M2 Coupé,1,0,0.0
2026-08-21T09:29:27,Bmw,M4 Coupé,3,0,0.0
2026-08-21T09:29:27,Bmw,M5,1,0,0.0
2026-08-21T09:29:27,Bmw,M5 Touring,1,0,0.0
2026-08-21T09:29:27,Bmw,Série 1,134,0,0.0
2026-08-21T09:29:27,Bmw,Série 2 Active Tourer,77,0,0.0
2026-08-21T09:29:27,Bmw,Série 2 Coupé,4,0,0.0
2026-08-21T09:29:27,Bmw,Série 2 Gran Coupé,20,0,0.0
2026-08-21T09:29:27,Bmw,Série 2 Gran Tourer,4,0,0.0
2026-08-21T09:29:27,Bmw,Série 3,13,0,0.0
2026-08-21T09:29:27,Bmw,Série 3 Gran Turismo,5,0,0.0
2026-08-21T09:29:27,Bmw,Série 3 Touring,40,0,0.0
2026-08-21T09:29:27,Bmw,Série 4 Cabriolet,6,0,0.0
2026-08-21T09:29:27,Bmw,Série 4 Coupé,15,0,0.0
2026-08-21T09:29:27,Bmw,Série 4 Gran Coupé,23,0,0.0
2026-08-21T09:29:27,Bmw,Série 5,25,6,0.24
2026-08-21T09:29:27,Bmw,Série 5 Touring,13,2,0.1538
2026-08-21T09:29:27,Bmw,Série 6 Gran Turismo,1,0,0.0
2026-08-21T09:29:27,Bmw,Série 7,1,0,0.0
2026-08-21T09:29:27,Bmw,Série 8 Gran Coupé,2,0,0.0
2026-08-21T09:29:27,Bmw,X1,148,32,0.2162
2026-08-21T09:29:27,Bmw,X2,79,10,0.1266
2026-08-21T09:29:27,Bmw,X3,75,0,0.0
2026-08-21T09:29:27,Bmw,X4,7,0,0.0
2026-08-21T09:29:27,Bmw,X4 M,1,0,0.0
2026-08-21T09:29:27,Bmw,X5,32,0,0.0
2026-08-21T09:29:27,Bmw,X6,2,0,0.0
2026-08-21T09:29:27,Bmw,Xm,4,0,0.0
2026-08-21T09:29:27,Bmw,Z4 Roadster,5,0,0.0
2026-08-21T09:29:27,Byd,Atto 2,1,1,1.0
2026-08-21T09:29:27,Byd,Seal 6 Dm-I,1,0,0.0
2026-08-21T09:29:27,Byd,Tang,2,2,1.0
2026-08-21T09:29:27,Citroen,Ami,13,13,1.0
2026-08-21T09:29:27,Citroen,Berlingo,15,2,0.1333
2026-08-21T09:29:27,Citroen,Berlingo Van,46,0,0.0
2026-08-21T09:29:27,Citroen,C1,12,0,0.0
2026-08-21T09:29:27,Citroen,C3,731,9,0.0123
2026-08-21T09:29:27,Citroen,C3 Aircross,146,7,0.0479
2026-08-21T09:29:27,Citroen,C4,142,30,0.2113
2026-08-21T09:29:27,Citroen,C4 Cactus,19,0,0.0
2026-08-21T09:29:27,Citroen,C4 Picasso,6,0,0.0
2026-08-21T09:29:27,Citroen,C4 Spacetourer,3,0,0.0
2026-08-21T09:29:27,Citroen,C4 X,9,4,0.4444
2026-08-21T09:29:27,Citroen,C5,2,0,0.0
2026-08-21T09:29:27,Citroen,C5 Aircross,208,5,0.024
2026-08-21T09:29:27,Citroen,C5 X,15,0,0.0
2026-08-21T09:29:27,Citroen,Grand C4 Spacetourer,7,0,0.0
2026-08-21T09:29:27,Citroen,Holidays,1,0,0.0
2026-08-21T09:29:27,Citroen,Jumper,16,0,0.0
2026-08-21T09:29:27,Citroen,Jumpy,32,1,0.0312
2026-08-21T09:29:27,Citroen,Spacetourer,14,0,0.0
2026-08-21T09:29:27,Cupra,Born,3,3,1.0
2026-08-21T09:29:27,Cupra,Formentor,20,0,0.0
2026-08-21T09:29:27,Cupra,Leon,5,0,0.0
2026-08-21T09:29:27,Cupra,Leon St,3,0,0.0
2026-08-21T09:29:27,Cupra,Raval,1,1,1.0
2026-08-21T09:29:27,Cupra,Terramar,3,0,0.0
2026-08-21T09:29:27,Dacia,Bigster,44,0,0.0
2026-08-21T09:29:27,Dacia,Duster,415,1,0.0024
2026-08-21T09:29:27,Dacia,Jogger,152,0,0.0
2026-08-21T09:29:27,Dacia,Lodgy,10,0,0.0
2026-08-21T09:29:27,Dacia,Logan,4,0,0.0
2026-08-21T09:29:27,Dacia,Logan Mcv,1,0,0.0
2026-08-21T09:29:27,Dacia,Sandero,702,0,0.0
2026-08-21T09:29:27,Dacia,Spring,209,208,0.9952
2026-08-21T09:29:27,Ds,4,13,6,0.4615
2026-08-21T09:29:27,Ds,8,8,8,1.0
2026-08-21T09:29:27,Ds,Ds,3,0,0.0
2026-08-21T09:29:27,Ds,Ds 3,50,15,0.3
2026-08-21T09:29:27,Ds,Ds 3 Crossback,52,10,0.1923
2026-08-21T09:29:27,Ds,Ds 4,112,0,0.0
2026-08-21T09:29:27,Ds,Ds 7,52,0,0.0
2026-08-21T09:29:27,Ds,Ds 7 Crossback,60,0,0.0
2026-08-21T09:29:27,Ds,Ds 9,1,0,0.0
2026-08-21T09:29:27,Fiat,500,43,24,0.5581
2026-08-21T09:29:27,Fiat,500c,9,2,0.2222
2026-08-21T09:29:27,Fiat,500l,2,0,0.0
2026-08-21T09:29:27,Fiat,500x,23,0,0.0
2026-08-21T09:29:27,Fiat,600,11,2,0.1818
2026-08-21T09:29:27,Fiat,Doblo,1,0,0.0
2026-08-21T09:29:27,Fiat,Doblo Cargo,2,0,0.0
2026-08-21T09:29:27,Fiat,Ducato,4,0,0.0
2026-08-21T09:29:27,Fiat,Fiorino,1,0,0.0
2026-08-21T09:29:27,Fiat,Grande Panda,4,2,0.5
2026-08-21T09:29:27,Fiat,Panda,6,0,0.0
2026-08-21T09:29:27,Fiat,Panda 4x4 Cross,1,0,0.0
2026-08-21T09:29:27,Fiat,Punto,1,0,0.0
2026-08-21T09:29:27,Fiat,Scudo,9,1,0.1111
2026-08-21T09:29:27,Fiat,Scudo Combi,1,0,0.0
2026-08-21T09:29:27,Fiat,Talento,1,0,0.0
2026-08-21T09:29:27,Fiat,Tipo,3,0,0.0
2026-08-21T09:29:27,Fiat,Tipo Cross,2,0,0.0
2026-08-21T09:29:27,Fiat,Tipo Sw,1,0,0.0
2026-08-21T09:29:27,Ford,B-Max,1,0,0.0
2026-08-21T09:29:27,Ford,Capri,11,11,1.0
2026-08-21T09:29:27,Ford,Ecosport,15,0,0.0
2026-08-21T09:29:27,Ford,Explorer,15,13,0.8667
2026-08-21T09:29:27,Ford,Fiesta,44,0,0.0
2026-08-21T09:29:27,Ford,Fiesta Active,2,0,0.0
2026-08-21T09:29:27,Ford,Focus,25,0,0.0
2026-08-21T09:29:27,Ford,Focus Active,3,0,0.0
2026-08-21T09:29:27,Ford,Focus Active Sw,1,0,0.0
2026-08-21T09:29:27,Ford,Focus Sw,2,0,0.0
2026-08-21T09:29:27,Ford,Galaxy,2,0,0.0
2026-08-21T09:29:27,Ford,Kuga,79,0,0.0
2026-08-21T09:29:27,Ford,Mondeo,1,0,0.0
2026-08-21T09:29:27,Ford,Mondeo Sw,1,0,0.0
2026-08-21T09:29:27,Ford,Mustang Mach-E,7,7,1.0
2026-08-21T09:29:27,Ford,Puma,145,20,0.1379
2026-08-21T09:29:27,Ford,Ranger,11,0,0.0
2026-08-21T09:29:27,Ford,S-Max,4,0,0.0
2026-08-21T09:29:27,Ford,Tourneo Connect,1,0,0.0
2026-08-21T09:29:27,Ford,Tourneo Courier,5,1,0.2
2026-08-21T09:29:27,Ford,Tourneo Custom,5,0,0.0
2026-08-21T09:29:27,Ford,Transit 2t,11,1,0.0909
2026-08-21T09:29:27,Ford,Transit Connect,6,0,0.0
2026-08-21T09:29:27,Ford,Transit Courier,4,3,0.75
2026-08-21T09:29:27,Ford,Transit Custom,19,0,0.0
2026-08-21T09:29:27,Ford,Transit Custom Kombi,5,0,0.0
2026-08-21T09:29:27,Ford,Transit Custom Nugget,1,0,0.0
2026-08-21T09:29:27,Honda,Hr-V,2,0,0.0
2026-08-21T09:29:27,Honda,Jazz,1,0,0.0
2026-08-21T09:29:27,Honda,Ny1,1,1,1.0
2026-08-21T09:29:27,Hyundai,Bayon,4,0,0.0
2026-08-21T09:29:27,Hyundai,I10,3,0,0.0
2026-08-21T09:29:27,Hyundai,I20,25,0,0.0
2026-08-21T09:29:27,Hyundai,I30,4,0,0.0
2026-08-21T09:29:27,Hyundai,I30 Fastback,1,0,0.0
2026-08-21T09:29:27,Hyundai,I30 Sw,3,0,0.0
2026-08-21T09:29:27,Hyundai,Ioniq,2,2,1.0
2026-08-21T09:29:27,Hyundai,Kona,25,0,0.0
2026-08-21T09:29:27,Hyundai,Santa Fe,3,0,0.0
2026-08-21T09:29:27,Hyundai,Tucson,48,0,0.0
2026-08-21T09:29:27,Isuzu,D-Max,1,0,0.0
2026-08-21T09:29:27,Iveco,Daily,2,0,0.0
2026-08-22T09:21:44,Abarth,500,4,1,0.25
2026-08-22T09:21:44,Abarth,500c,1,1,1.0
2026-08-22T09:21:44,Abarth,600,1,1,1.0
2026-08-22T09:21:44,Alfa Romeo,Giulia,3,0,0.0
2026-08-22T09:21:44,Alfa Romeo,Giulietta,2,0,0.0
2026-08-22T09:21:44,Alfa Romeo,Junior,1,0,0.0
2026-08-22T09:21:44,Alfa Romeo,Stelvio,8,0,0.0
2026-08-22T09:21:44,Alfa Romeo,Tonale,8,0,0.0
2026-08-22T09:21:44,Alpine,A110,26,0,0.0
2026-08-22T09:21:44,Alpine,A290,12,12,1.0
2026-08-22T09:21:44,Alpine,A390,6,6,1.0
2026-08-22T09:21:44,Aston Martin,V8 Vantage,1,0,0.0
2026-08-22T09:21:44,Audi,A1 Allstreet,5,0,0.0
2026-08-22T09:21:44,Audi,A1 Citycarver,1,0,0.0
2026-08-22T09:21:44,Audi,A1 Sportback,68,0,0.0
2026-08-22T09:21:44,Audi,A3,1,0,0.0
2026-08-22T09:21:44,Audi,A3 Allstreet,3,0,0.0
2026-08-22T09:21:44,Audi,A3 Sportback,40,0,0.0
2026-08-22T09:21:44,Audi,A4,2,0,0.0
2026-08-22T09:21:44,Audi,A4 Allroad,2,0,0.0
2026-08-22T09:21:44,Audi,A4 Avant,3,0,0.0
2026-08-22T09:21:44,Audi,A5,3,0,0.0
2026-08-22T09:21:44,Audi,A5 Avant,7,0,0.0
2026-08-22T09:21:44,Audi,A5 Sportback,2,0,0.0
2026-08-22T09:21:44,Audi,A6,2,0,0.0
2026-08-22T09:21:44,Audi,A6 Allroad,2,0,0.0
2026-08-22T09:21:44,Audi,A6 Avant,7,0,0.0
2026-08-22T09:21:44,Audi,A6 Avant E-Tron,1,1,1.0
2026-08-22T09:21:44,Audi,A6 Sportback E-Tron,1,1,1.0
2026-08-22T09:21:44,Audi,A8,1,0,0.0
2026-08-22T09:21:44,Audi,E-Tron Gt,1,1,1.0
2026-08-22T09:21:44,Audi,E-Tron S Sportback,2,2,1.0
2026-08-22T09:21:44,Audi,Q2,51,0,0.0
2026-08-22T09:21:44,Audi,Q3,36,0,0.0
2026-08-22T09:21:44,Audi,Q3 Sportback,23,0,0.0
2026-08-22T09:21:44,Audi,Q4 E-Tron,5,5,1.0
2026-08-22T09:21:44,Audi,Q4 Sportback E-Tron,6,6,1.0
2026-08-22T09:21:44,Audi,Q5,22,0,0.0
2026-08-22T09:21:44,Audi,Q5 Sportback,12,0,0.0
2026-08-22T09:21:44,Audi,Q6 E-Tron,6,6,1.0
2026-08-22T09:21:44,Audi,Q6 Sportback E-Tron,6,6,1.0
2026-08-22T09:21:44,Audi,Q8,2,0,0.0
2026-08-22T09:21:44,Audi,Q8 E-Tron,2,2,1.0
2026-08-22T09:21:44,Audi,Q8 E-Tron Sportback,1,1,1.0
2026-08-22T09:21:44,Audi,R8 Spyder,1,0,0.0
2026-08-22T09:21:44,Audi,Rs Q3 Sportback,1,0,0.0
2026-08-22T09:21:44,Audi,Rs3 Sportback,2,0,0.0
2026-08-22T09:21:44,Audi,Rs4 Avant,1,0,0.0
2026-08-22T09:21:44,Audi,Rs5,1,0,0.0
2026-08-22T09:21:44,Audi,Rs6 Avant,3,0,0.0
2026-08-22T09:21:44,Audi,S3,1,0,0.0
2026-08-22T09:21:44,Audi,S3 Sportback,2,0,0.0
2026-08-22T09:21:44,Audi,S4 Avant,1,0,0.0
2026-08-22T09:21:44,Audi,S6 Avant E-Tron,2,2,1.0
2026-08-22T09:21:44,Audi,Tt,2,0,0.0
2026-08-22T09:21:44,Audi,Tt Roadster,1,0,0.0
2026-08-22T09:21:44,Bmw,I3,1,1,1.0
2026-08-22T09:21:44,Bmw,I4,32,32,1.0
2026-08-22T09:21:44,Bmw,I8,1,0,0.0
2026-08-22T09:21:44,Bmw,Ix,4,4,1.0
2026-08-22T09:21:44,Bmw,Ix3,6,6,1.0
2026-08-22T09:21:44,Bmw,M2 Coupé,1,0,0.0
2026-08-22T09:21:44,Bmw,M4 Coupé,3,0,0.0
2026-08-22T09:21:44,Bmw,M5,1,0,0.0
2026-08-22T09:21:44,Bmw,M5 Touring,1,0,0.0
2026-08-22T09:21:44,Bmw,Série 1,131,0,0.0
2026-08-22T09:21:44,Bmw,Série 2 Active Tourer,78,0,0.0
2026-08-22T09:21:44,Bmw,Série 2 Coupé,4,0,0.0
2026-08-22T09:21:44,Bmw,Série 2 Gran Coupé,20,0,0.0
2026-08-22T09:21:44,Bmw,Série 2 Gran Tourer,4,0,0.0
2026-08-22T09:21:44,Bmw,Série 3,13,0,0.0
2026-08-22T09:21:44,Bmw,Série 3 Gran Turismo,5,0,0.0
2026-08-22T09:21:44,Bmw,Série 3 Touring,40,0,0.0
2026-08-22T09:21:44,Bmw,Série 4 Cabriolet,6,0,0.0
2026-08-22T09:21:44,Bmw,Série 4 Coupé,15,0,0.0
2026-08-22T09:21:44,Bmw,Série 4 Gran Coupé,22,0,0.0
2026-08-22T09:21:44,Bmw,Série 5,24,6,0.25
2026-08-22T09:21:44,Bmw,Série 5 Touring,13,2,0.1538
2026-08-22T09:21:44,Bmw,Série 6 Gran Turismo,1,0,0.0
2026-08-22T09:21:44,Bmw,Série 7,1,0,0.0
2026-08-22T09:21:44,Bmw,Série 8 Gran Coupé,2,0,0.0
2026-08-22T09:21:44,Bmw,X1,146,30,0.2055
2026-08-22T09:21:44,Bmw,X2,79,9,0.1139
2026-08-22T09:21:44,Bmw,X3,76,0,0.0
2026-08-22T09:21:44,Bmw,X4,7,0,0.0
2026-08-22T09:21:44,Bmw,X4 M,1,0,0.0
2026-08-22T09:21:44,Bmw,X5,33,0,0.0
2026-08-22T09:21:44,Bmw,X6,2,0,0.0
2026-08-22T09:21:44,Bmw,Xm,4,0,0.0
2026-08-22T09:21:44,Bmw,Z4 Roadster,5,0,0.0
2026-08-22T09:21:44,Byd,Atto 2,1,1,1.0
2026-08-22T09:21:44,Byd,Seal 6 Dm-I,1,0,0.0
2026-08-22T09:21:44,Byd,Tang,2,2,1.0
2026-08-22T09:21:44,Citroen,Ami,13,13,1.0
2026-08-22T09:21:44,Citroen,Berlingo,15,2,0.1333
2026-08-22T09:21:44,Citroen,Berlingo Van,44,0,0.0
2026-08-22T09:21:44,Citroen,C1,12,0,0.0
2026-08-22T09:21:44,Citroen,C3,729,8,0.011
2026-08-22T09:21:44,Citroen,C3 Aircross,147,7,0.0476
2026-08-22T09:21:44,Citroen,C4,139,29,0.2086
2026-08-22T09:21:44,Citroen,C4 Cactus,19,0,0.0
2026-08-22T09:21:44,Citroen,C4 Picasso,6,0,0.0
2026-08-22T09:21:44,Citroen,C4 Spacetourer,3,0,0.0
2026-08-22T09:21:44,Citroen,C4 X,9,4,0.4444
2026-08-22T09:21:44,Citroen,C5,1,0,0.0
2026-08-22T09:21:44,Citroen,C5 Aircross,208,5,0.024
2026-08-22T09:21:44,Citroen,C5 X,15,0,0.0
2026-08-22T09:21:44,Citroen,Grand C4 Spacetourer,7,0,0.0
2026-08-22T09:21:44,Citroen,Holidays,1,0,0.0
2026-08-22T09:21:44,Citroen,Jumper,16,0,0.0
2026-08-22T09:21:44,Citroen,Jumpy,31,1,0.0323
2026-08-22T09:21:44,Citroen,Spacetourer,14,0,0.0
2026-08-22T09:21:44,Cupra,Born,3,3,1.0
2026-08-22T09:21:44,Cupra,Formentor,20,0,0.0
2026-08-22T09:21:44,Cupra,Leon,5,0,0.0
2026-08-22T09:21:44,Cupra,Leon St,3,0,0.0
2026-08-22T09:21:44,Cupra,Raval,1,1,1.0
2026-08-22T09:21:44,Cupra,Terramar,3,0,0.0
2026-08-22T09:21:44,Dacia,Bigster,46,0,0.0
2026-08-22T09:21:44,Dacia,Duster,426,1,0.0023
2026-08-22T09:21:44,Dacia,Jogger,154,0,0.0
2026-08-22T09:21:44,Dacia,Lodgy,10,0,0.0
2026-08-22T09:21:44,Dacia,Logan,4,0,0.0
2026-08-22T09:21:44,Dacia,Logan Mcv,1,0,0.0
2026-08-22T09:21:44,Dacia,Sandero,698,0,0.0
2026-08-22T09:21:44,Dacia,Spring,220,219,0.9955
2026-08-22T09:21:44,Ds,4,14,7,0.5
2026-08-22T09:21:44,Ds,8,8,8,1.0
2026-08-22T09:21:44,Ds,Ds,3,0,0.0
2026-08-22T09:21:44,Ds,Ds 3,49,14,0.2857
2026-08-22T09:21:44,Ds,Ds 3 Crossback,53,9,0.1698
2026-08-22T09:21:44,Ds,Ds 4,114,0,0.0
2026-08-22T09:21:44,Ds,Ds 7,52,0,0.0
2026-08-22T09:21:44,Ds,Ds 7 Crossback,59,0,0.0
2026-08-22T09:21:44,Ds,Ds 9,1,0,0.0
2026-08-22T09:21:44,Fiat,500,42,24,0.5714
2026-08-22T09:21:44,Fiat,500c,8,2,0.25
2026-08-22T09:21:44,Fiat,500l,2,0,0.0
2026-08-22T09:21:44,Fiat,500x,21,0,0.0
2026-08-22T09:21:44,Fiat,600,11,2,0.1818
2026-08-22T09:21:44,Fiat,Doblo,1,0,0.0
2026-08-22T09:21:44,Fiat,Doblo Cargo,2,0,0.0
2026-08-22T09:21:44,Fiat,Ducato,4,0,0.0
2026-08-22T09:21:44,Fiat,Fiorino,1,0,0.0
2026-08-22T09:21:44,Fiat,Grande Panda,4,2,0.5
2026-08-22T09:21:44,Fiat,Panda,6,0,0.0
2026-08-22T09:21:44,Fiat,Panda 4x4 Cross,1,0,0.0
2026-08-22T09:21:44,Fiat,Punto,1,0,0.0
2026-08-22T09:21:44,Fiat,Scudo,9,1,0.1111
2026-08-22T09:21:44,Fiat,Scudo Combi,1,0,0.0
2026-08-22T09:21:44,Fiat,Talento,1,0,0.0
2026-08-22T09:21:44,Fiat,Tipo,3,0,0.0
2026-08-22T09:21:44,Fiat,Tipo Cross,2,0,0.0
2026-08-22T09:21:44,Fiat,Tipo Sw,1,0,0.0
2026-08-22T09:21:44,Ford,B-Max,1,0,0.0
2026-08-22T09:21:44,Ford,Capri,10,10,1.0
2026-08-22T09:21:44,Ford,Ecosport,15,0,0.0
2026-08-22T09:21:44,Ford,Explorer,14,12,0.8571
2026-08-22T09:21:44,Ford,Fiesta,44,0,0.0
2026-08-22T09:21:44,Ford,Fiesta Active,2,0,0.0
2026-08-22T09:21:44,Ford,Focus,25,0,0.0
2026-08-22T09:21:44,Ford,Focus Active,3,0,0.0
2026-08-22T09:21:44,Ford,Focus Active Sw,1,0,0.0
2026-08-22T09:21:44,Ford,Focus Sw,2,0,0.0
2026-08-22T09:21:44,Ford,Galaxy,2,0,0.0
2026-08-22T09:21:44,Ford,Kuga,78,0,0.0
2026-08-22T09:21:44,Ford,Mondeo,1,0,0.0
2026-08-22T09:21:44,Ford,Mondeo Sw,1,0,0.0
2026-08-22T09:21:44,Ford,Mustang Mach-E,7,7,1.0
2026-08-22T09:21:44,Ford,Puma,147,20,0.1361
2026-08-22T09:21:44,Ford,Ranger,9,0,0.0
2026-08-22T09:21:44,Ford,S-Max,3,0,0.0
2026-08-22T09:21:44,Ford,Tourneo Connect,1,0,0.0
2026-08-22T09:21:44,Ford,Tourneo Courier,4,1,0.25
2026-08-22T09:21:44,Ford,Tourneo Custom,5,0,0.0
2026-08-22T09:21:44,Ford,Transit 2t,11,1,0.0909
2026-08-22T09:21:44,Ford,Transit Connect,6,0,0.0
2026-08-22T09:21:44,Ford,Transit Courier,4,3,0.75
2026-08-22T09:21:44,Ford,Transit Custom,20,0,0.0
2026-08-22T09:21:44,Ford,Transit Custom Kombi,5,0,0.0
2026-08-22T09:21:44,Ford,Transit Custom Nugget,1,0,0.0
2026-08-22T09:21:44,Honda,Hr-V,2,0,0.0
2026-08-22T09:21:44,Honda,Jazz,1,0,0.0
2026-08-22T09:21:44,Honda,Ny1,1,1,1.0
2026-08-22T09:21:44,Hyundai,Bayon,4,0,0.0
2026-08-22T09:21:44,Hyundai,I10,4,0,0.0
2026-08-22T09:21:44,Hyundai,I20,25,0,0.0
2026-08-22T09:21:44,Hyundai,I30,4,0,0.0
2026-08-22T09:21:44,Hyundai,I30 Fastback,1,0,0.0
2026-08-22T09:21:44,Hyundai,I30 Sw,3,0,0.0
2026-08-22T09:21:44,Hyundai,Ioniq,2,2,1.0
2026-08-22T09:21:44,Hyundai,Kona,22,0,0.0
2026-08-22T09:21:44,Hyundai,Santa Fe,3,0,0.0
2026-08-22T09:21:44,Hyundai,Tucson,44,0,0.0
2026-08-22T09:21:44,Isuzu,D-Max,1,0,0.0
2026-08-22T09:21:44,Iveco,Daily,2,0,0.0
2026-08-22T09:21:44,Jaguar,E-Pace,7,0,0.0
2026-08-22T09:21:44,Jaguar,F-Pace,6,0,0.0
2026-08-22T09:21:44,Jaguar,F-Type Coupe,1,0,0.0
2026-08-22T09:21:44,Jaguar,I-Pace,3,3,1.0
2026-08-22T09:21:44,Jeep,Avenger,5,1,0.2
2026-08-22T09:21:44,Jeep,Cherokee,1,0,0.0
2026-08-22T09:21:44,Jeep,Compass,3,0,0.0
2026-08-22T09:21:44,Jeep,Gladiator,1,0,0.0
2026-08-22T09:21:44,Jeep,Renegade,11,0,0.0
2026-08-22T09:21:44,Jeep,Wrangler Unlimited,1,0,0.0
2026-08-22T09:21:44,Kia,Ceed,5,0,0.0
2026-08-22T09:21:44,Kia,Ceed Sw,1,0,0.0
2026-08-22T09:21:44,Kia,E-Niro,1,1,1.0
2026-08-22T09:21:44,Kia,Ev2,2,2,1.0
2026-08-22T09:21:44,Kia,Ev3,1,1,1.0
2026-08-22T09:21:44,Kia,Ev4,3,3,1.0
2026-08-22T09:21:44,Kia,Ev5,1,1,1.0
2026-08-22T09:21:44,Kia,Niro,14,0,0.0
2026-08-22T09:21:44,Kia,Picanto,15,0,0.0
2026-08-22T09:21:44,Kia,Pro Ceed,4,0,0.0
2026-08-22T09:21:44,Kia,Pv5 Cargo,1,1,1.0
2026-08-22T09:21:44,Kia,Pv5 Passenger,1,1,1.0
2026-08-22T09:21:44,Kia,Rio,11,0,0.0
2026-08-22T09:21:44,Kia,Sorento,3,0,0.0
2026-08-22T09:21:44,Kia,Sportage,51,0,0.0
2026-08-22T09:21:44,Kia,Stonic,25,0,0.0
2026-08-22T09:21:44,Kia,Venga,1,0,0.0
2026-08-22T09:21:44,Kia,Xceed,6,0,0.0
2026-08-22T09:21:44,Skoda,Elroq,1,1,1.0
2026-08-22T09:21:44,Skoda,Enyaq,1,1,1.0
2026-08-22T09:21:44,Skoda,Enyaq Coupé,1,1,1.0
2026-08-22T09:21:44,Skoda,Fabia,32,0,0.0
2026-08-22T09:21:44,Skoda,Fabia Combi,1,0,0.0
2026-08-22T09:21:44,Skoda,Kamiq,31,0,0.0
2026-08-22T09:21:44,Skoda,Karoq,20,0,0.0
2026-08-22T09:21:44,Skoda,Kodiaq,13,0,0.0
2026-08-22T09:21:44,Skoda,Octavia,4,0,0.0
2026-08-22T09:21:44,Skoda,Octavia Combi,9,0,0.0
2026-08-22T09:21:44,Skoda,Scala,7,0,0.0
2026-08-22T09:21:44,Skoda,Superb,2,0,0.0
2026-08-22T09:21:44,Skoda,Superb Combi,1,0,0.0
2026-08-22T09:21:44,Smart,1,1,1,1.0
2026-08-22T09:21:44,Smart,3,1,1,1.0
2026-08-22T09:21:44,Smart,5,2,2,1.0
2026-08-22T09:21:44,Smart,Fortwo Coupé,1,1,1.0
2026-08-22T09:21:44,Suzuki,E Vitara,2,2,1.0
2026-08-22T09:21:44,Suzuki,Ignis,2,0,0.0
2026-08-22T09:21:44,Suzuki,S-Cross,15,0,0.0
2026-08-22T09:21:44,Suzuki,Swift,30,0,0.0
2026-08-22T09:21:44,Suzuki,Vitara,24,1,0.0417
2026-08-22T09:21:44,Tesla,Model 3,2,2,1.0
2026-08-22T09:21:44,Tesla,Model Y,1,1,1.0
2026-08-22T09:21:44,Toyota,Auris,1,0,0.0
2026-08-22T09:21:44,Toyota,Auris Touring Sports,1,0,0.0
2026-08-22T09:21:44,Toyota,Aygo,13,0,0.0
2026-08-22T09:21:44,Toyota,Aygo X,81,0,0.0
2026-08-22T09:21:44,Toyota,Bz4x Touring,2,2,1.0
2026-08-22T09:21:44,Toyota,C-Hr,80,0,0.0
2026-08-22T09:21:44,Toyota,C-Hr et plus,1,1,1.0
2026-08-22T09:21:44,Toyota,Corolla,17,0,0.0
2026-08-22T09:21:44,Toyota,Corolla Touring Sports,12,0,0.0
2026-08-22T09:21:44,Toyota,Hilux,2,0,0.0
2026-08-22T09:21:44,Toyota,Prius,1,0,0.0
2026-08-22T09:21:44,Toyota,Prius Hybride Rechargeable,2,0,0.0
2026-08-22T09:21:44,Toyota,Proace,4,2,0.5
2026-08-22T09:21:44,Toyota,Proace City,1,0,0.0
2026-08-22T09:21:44,Toyota,Proace Max,1,0,0.0
2026-08-22T09:21:44,Toyota,Rav4,18,0,0.0
2026-08-22T09:21:44,Toyota,Yaris,177,0,0.0
2026-08-22T09:21:44,Toyota,Yaris Cross,119,0,0.0
2026-08-23T09:21:49,Abarth,500,4,1,0.25
2026-08-23T09:21:49,Abarth,500c,1,1,1.0
2026-08-23T09:21:49,Abarth,600,1,1,1.0
2026-08-23T09:21:49,Alfa Romeo,Giulia,3,0,0.0
2026-08-23T09:21:49,Alfa Romeo,Giulietta,2,0,0.0
2026-08-23T09:21:49,Alfa Romeo,Junior,1,0,0.0
2026-08-23T09:21:49,Alfa Romeo,Stelvio,9,0,0.0
2026-08-23T09:21:49,Alfa Romeo,Tonale,8,0,0.0
2026-08-23T09:21:49,Alpine,A110,27,0,0.0
2026-08-23T09:21:49,Alpine,A290,13,13,1.0
2026-08-23T09:21:49,Alpine,A390,6,6,1.0
2026-08-23T09:21:49,Aston Martin,V8 Vantage,1,0,0.0
2026-08-23T09:21:49,Audi,A1 Allstreet,5,0,0.0
2026-08-23T09:21:49,Audi,A1 Citycarver,1,0,0.0
2026-08-23T09:21:49,Audi,A1 Sportback,67,0,0.0
2026-08-23T09:21:49,Audi,A3,1,0,0.0
2026-08-23T09:21:49,Audi,A3 Allstreet,3,0,0.0
2026-08-23T09:21:49,Audi,A3 Sportback,39,0,0.0
2026-08-23T09:21:49,Audi,A4,2,0,0.0
2026-08-23T09:21:49,Audi,A4 Allroad,2,0,0.0
2026-08-23T09:21:49,Audi,A4 Avant,3,0,0.0
2026-08-23T09:21:49,Audi,A5,3,0,0.0
2026-08-23T09:21:49,Audi,A5 Avant,7,0,0.0
2026-08-23T09:21:49,Audi,A5 Sportback,2,0,0.0
2026-08-23T09:21:49,Audi,A6,2,0,0.0
2026-08-23T09:21:49,Audi,A6 Allroad,2,0,0.0
2026-08-23T09:21:49,Audi,A6 Avant,7,0,0.0
2026-08-23T09:21:49,Audi,A6 Avant E-Tron,1,1,1.0
2026-08-23T09:21:49,Audi,A6 Sportback E-Tron,1,1,1.0
2026-08-23T09:21:49,Audi,A8,1,0,0.0
2026-08-23T09:21:49,Audi,E-Tron Gt,1,1,1.0
2026-08-23T09:21:49,Audi,E-Tron S Sportback,2,2,1.0
2026-08-23T09:21:49,Audi,Q2,51,0,0.0
2026-08-23T09:21:49,Audi,Q3,36,0,0.0
2026-08-23T09:21:49,Audi,Q3 Sportback,22,0,0.0
2026-08-23T09:21:49,Audi,Q4 E-Tron,4,4,1.0
2026-08-23T09:21:49,Audi,Q4 Sportback E-Tron,6,6,1.0
2026-08-23T09:21:49,Audi,Q5,21,0,0.0
2026-08-23T09:21:49,Audi,Q5 Sportback,12,0,0.0
2026-08-23T09:21:49,Audi,Q6 E-Tron,6,6,1.0
2026-08-23T09:21:49,Audi,Q6 Sportback E-Tron,6,6,1.0
2026-08-23T09:21:49,Audi,Q8,2,0,0.0
2026-08-23T09:21:49,Audi,Q8 E-Tron,2,2,1.0
2026-08-23T09:21:49,Audi,Q8 E-Tron Sportback,1,1,1.0
2026-08-23T09:21:49,Audi,R8 Spyder,1,0,0.0
2026-08-23T09:21:49,Audi,Rs Q3 Sportback,1,0,0.0
2026-08-23T09:21:49,Audi,Rs3 Sportback,2,0,0.0
2026-08-23T09:21:49,Audi,Rs4 Avant,1,0,0.0
2026-08-23T09:21:49,Audi,Rs5,1,0,0.0
2026-08-23T09:21:49,Audi,Rs6 Avant,3,0,0.0
2026-08-23T09:21:49,Audi,S3,1,0,0.0
2026-08-23T09:21:49,Audi,S3 Sportback,2,0,0.0
2026-08-23T09:21:49,Audi,S4 Avant,1,0,0.0
2026-08-23T09:21:49,Audi,S6 Avant E-Tron,2,2,1.0
2026-08-23T09:21:49,Audi,Tt,2,0,0.0
2026-08-23T09:21:49,Audi,Tt Roadster,1,0,0.0
2026-08-23T09:21:49,Bmw,I3,1,1,1.0
2026-08-23T09:21:49,Bmw,I4,32,32,1.0
2026-08-23T09:21:49,Bmw,I8,1,0,0.0
2026-08-23T09:21:49,Bmw,Ix,3,3,1.0
2026-08-23T09:21:49,Bmw,Ix3,6,6,1.0
2026-08-23T09:21:49,Bmw,M2 Coupé,2,0,0.0
2026-08-23T09:21:49,Bmw,M4 Coupé,3,0,0.0
2026-08-23T09:21:49,Bmw,M5,1,0,0.0
2026-08-23T09:21:49,Bmw,M5 Touring,1,0,0.0
2026-08-23T09:21:49,Bmw,Série 1,134,0,0.0
2026-08-23T09:21:49,Bmw,Série 2 Active Tourer,76,0,0.0
2026-08-23T09:21:49,Bmw,Série 2 Coupé,3,0,0.0
2026-08-23T09:21:49,Bmw,Série 2 Gran Coupé,20,0,0.0
2026-08-23T09:21:49,Bmw,Série 2 Gran Tourer,4,0,0.0
2026-08-23T09:21:49,Bmw,Série 3,13,0,0.0
2026-08-23T09:21:49,Bmw,Série 3 Gran Turismo,5,0,0.0
2026-08-23T09:21:49,Bmw,Série 3 Touring,41,0,0.0
2026-08-23T09:21:49,Bmw,Série 4 Cabriolet,6,0,0.0
2026-08-23T09:21:49,Bmw,Série 4 Coupé,15,0,0.0
2026-08-23T09:21:49,Bmw,Série 4 Gran Coupé,22,0,0.0
2026-08-23T09:21:49,Bmw,Série 5,24,6,0.25
2026-08-23T09:21:49,Bmw,Série 5 Touring,13,2,0.1538
2026-08-23T09:21:49,Bmw,Série 6 Gran Turismo,1,0,0.0
2026-08-23T09:21:49,Bmw,Série 7,1,0,0.0
2026-08-23T09:21:49,Bmw,Série 8 Gran Coupé,2,0,0.0
2026-08-23T09:21:49,Bmw,X1,140,28,0.2
2026-08-23T09:21:49,Bmw,X2,79,9,0.1139
2026-08-23T09:21:49,Bmw,X3,76,0,0.0
2026-08-23T09:21:49,Bmw,X4,7,0,0.0
2026-08-23T09:21:49,Bmw,X4 M,1,0,0.0
2026-08-23T09:21:49,Bmw,X5,33,0,0.0
2026-08-23T09:21:49,Bmw,X6,2,0,0.0
2026-08-23T09:21:49,Bmw,Xm,4,0,0.0
2026-08-23T09:21:49,Bmw,Z4 Roadster,5,0,0.0
2026-08-23T09:21:49,Byd,Atto 2,1,1,1.0
2026-08-23T09:21:49,Byd,Seal 6 Dm-I,1,0,0.0
2026-08-23T09:21:49,Byd,Tang,2,2,1.0
2026-08-23T09:21:49,Citroen,Ami,13,13,1.0
2026-08-23T09:21:49,Citroen,Berlingo,15,2,0.1333
2026-08-23T09:21:49,Citroen,Berlingo Van,44,0,0.0
2026-08-23T09:21:49,Citroen,C1,11,0,0.0
2026-08-23T09:21:49,Citroen,C3,726,8,0.011
2026-08-23T09:21:49,Citroen,C3 Aircross,148,7,0.0473
2026-08-23T09:21:49,Citroen,C4,136,26,0.1912
2026-08-23T09:21:49,Citroen,C4 Cactus,17,0,0.0
2026-08-23T09:21:49,Citroen,C4 Picasso,6,0,0.0
2026-08-23T09:21:49,Citroen,C4 Spacetourer,3,0,0.0
2026-08-23T09:21:49,Citroen,C4 X,9,4,0.4444
2026-08-23T09:21:49,Citroen,C5,1,0,0.0
2026-08-23T09:21:49,Citroen,C5 Aircross,204,5,0.0245
2026-08-23T09:21:49,Citroen,C5 X,15,0,0.0
2026-08-23T09:21:49,Citroen,Grand C4 Spacetourer,6,0,0.0
2026-08-23T09:21:49,Citroen,Holidays,1,0,0.0
2026-08-23T09:21:49,Citroen,Jumper,16,0,0.0
2026-08-23T09:21:49,Citroen,Jumpy,31,1,0.0323
2026-08-23T09:21:49,Citroen,Spacetourer,14,0,0.0
2026-08-23T09:21:49,Cupra,Born,3,3,1.0
2026-08-23T09:21:49,Cupra,Formentor,20,0,0.0
2026-08-23T09:21:49,Cupra,Leon,6,0,0.0
2026-08-23T09:21:49,Cupra,Leon St,3,0,0.0
2026-08-23T09:21:49,Cupra,Raval,1,1,1.0
2026-08-23T09:21:49,Cupra,Terramar,3,0,0.0
2026-08-23T09:21:49,Dacia,Bigster,47,0,0.0
2026-08-23T09:21:49,Dacia,Duster,424,1,0.0024
2026-08-23T09:21:49,Dacia,Jogger,152,0,0.0
2026-08-23T09:21:49,Dacia,Lodgy,10,0,0.0
2026-08-23T09:21:49,Dacia,Logan,4,0,0.0
2026-08-23T09:21:49,Dacia,Logan Mcv,1,0,0.0
2026-08-23T09:21:49,Dacia,Sandero,701,0,0.0
2026-08-23T09:21:49,Dacia,Spring,224,223,0.9955
2026-08-23T09:21:49,Ds,4,14,7,0.5
2026-08-23T09:21:49,Ds,8,8,8,1.0
2026-08-23T09:21:49,Ds,Ds,3,0,0.0
2026-08-23T09:21:49,Ds,Ds 3,49,14,0.2857
2026-08-23T09:21:49,Ds,Ds 3 Crossback,53,9,0.1698
2026-08-23T09:21:49,Ds,Ds 4,115,0,0.0
2026-08-23T09:21:49,Ds,Ds 7,52,0,0.0
2026-08-23T09:21:49,Ds,Ds 7 Crossback,57,0,0.0
2026-08-23T09:21:49,Ds,Ds 9,1,0,0.0
2026-08-23T09:21:49,Fiat,500,41,23,0.561
2026-08-23T09:21:49,Fiat,500c,8,2,0.25
2026-08-23T09:21:49,Fiat,500l,2,0,0.0
2026-08-23T09:21:49,Fiat,500x,23,0,0.0
2026-08-23T09:21:49,Fiat,600,11,2,0.1818
2026-08-23T09:21:49,Fiat,Doblo,1,0,0.0
2026-08-23T09:21:49,Fiat,Doblo Cargo,2,0,0.0
2026-08-23T09:21:49,Fiat,Ducato,4,0,0.0
2026-08-23T09:21:49,Fiat,Fiorino,1,0,0.0
2026-08-23T09:21:49,Fiat,Grande Panda,4,2,0.5
2026-08-23T09:21:49,Fiat,Panda,6,0,0.0
2026-08-23T09:21:49,Fiat,Panda 4x4 Cross,1,0,0.0
2026-08-23T09:21:49,Fiat,Punto,1,0,0.0
2026-08-23T09:21:49,Fiat,Scudo,9,1,0.1111
2026-08-23T09:21:49,Fiat,Scudo Combi,1,0,0.0
2026-08-23T09:21:49,Fiat,Talento,1,0,0.0
2026-08-23T09:21:49,Fiat,Tipo,3,0,0.0
2026-08-23T09:21:49,Fiat,Tipo Cross,2,0,0.0
2026-08-23T09:21:49,Fiat,Tipo Sw,1,0,0.0
2026-08-23T09:21:49,Ford,B-Max,1,0,0.0
2026-08-23T09:21:49,Ford,Capri,10,10,1.0
2026-08-23T09:21:49,Ford,Ecosport,15,0,0.0
2026-08-23T09:21:49,Ford,Explorer,13,12,0.9231
2026-08-23T09:21:49,Ford,Fiesta,44,0,0.0
2026-08-23T09:21:49,Ford,Fiesta Active,2,0,0.0
2026-08-23T09:21:49,Ford,Focus,25,0,0.0
2026-08-23T09:21:49,Ford,Focus Active,3,0,0.0
2026-08-23T09:21:49,Ford,Focus Active Sw,1,0,0.0
2026-08-23T09:21:49,Ford,Focus Sw,2,0,0.0
2026-08-23T09:21:49,Ford,Galaxy,2,0,0.0
2026-08-23T09:21:49,Ford,Kuga,79,0,0.0
2026-08-23T09:21:49,Ford,Mondeo,1,0,0.0
2026-08-23T09:21:49,Ford,Mondeo Sw,1,0,0.0
2026-08-23T09:21:49,Ford,Mustang Mach-E,7,7,1.0
2026-08-23T09:21:49,Ford,Puma,145,20,0.1379
2026-08-23T09:21:49,Ford,Ranger,9,0,0.0
2026-08-23T09:21:49,Ford,S-Max,3,0,0.0
2026-08-23T09:21:49,Ford,Tourneo Connect,1,0,0.0
2026-08-23T09:21:49,Ford,Tourneo Courier,4,1,0.25
2026-08-23T09:21:49,Ford,Tourneo Custom,5,0,0.0
2026-08-23T09:21:49,Ford,Transit 2t,11,1,0.0909
2026-08-23T09:21:49,Ford,Transit Connect,5,0,0.0
2026-08-23T09:21:49,Ford,Transit Courier,4,3,0.75
2026-08-23T09:21:49,Ford,Transit Custom,20,0,0.0
2026-08-23T09:21:49,Ford,Transit Custom Kombi,5,0,0.0
2026-08-23T09:21:49,Ford,Transit Custom Nugget,1,0,0.0
2026-08-23T09:21:49,Honda,Hr-V,2,0,0.0
2026-08-23T09:21:49,Honda,Jazz,1,0,0.0
2026-08-23T09:21:49,Honda,Ny1,1,1,1.0
2026-08-23T09:21:49,Hyundai,Bayon,4,0,0.0
2026-08-23T09:21:49,Hyundai,I10,5,0,0.0
2026-08-23T09:21:49,Hyundai,I20,25,0,0.0
2026-08-23T09:21:49,Hyundai,I30,4,0,0.0
2026-08-23T09:21:49,Hyundai,I30 Fastback,1,0,0.0
2026-08-23T09:21:49,Hyundai,I30 Sw,3,0,0.0
2026-08-23T09:21:49,Hyundai,Ioniq,2,2,1.0
2026-08-23T09:21:49,Hyundai,Kona,23,0,0.0
2026-08-23T09:21:49,Hyundai,Santa Fe,3,0,0.0
2026-08-23T09:21:49,Hyundai,Tucson,43,0,0.0
2026-08-23T09:21:49,Isuzu,D-Max,1,0,0.0
2026-08-23T09:21:49,Iveco,Daily,2,0,0.0
2026-08-24T09:40:19,Abarth,500,4,1,0.25
2026-08-24T09:40:19,Abarth,500c,1,1,1.0
2026-08-24T09:40:19,Abarth,600,1,1,1.0
2026-08-24T09:40:19,Alfa Romeo,Giulia,3,0,0.0
2026-08-24T09:40:19,Alfa Romeo,Giulietta,2,0,0.0
2026-08-24T09:40:19,Alfa Romeo,Junior,1,0,0.0
2026-08-24T09:40:19,Alfa Romeo,Stelvio,9,0,0.0
2026-08-24T09:40:19,Alfa Romeo,Tonale,8,0,0.0
2026-08-24T09:40:19,Alpine,A110,27,0,0.0
2026-08-24T09:40:19,Alpine,A290,13,13,1.0
2026-08-24T09:40:19,Alpine,A390,6,6,1.0
2026-08-24T09:40:19,Aston Martin,V8 Vantage,1,0,0.0
2026-08-24T09:40:19,Audi,A1 Allstreet,5,0,0.0
2026-08-24T09:40:19,Audi,A1 Citycarver,1,0,0.0
2026-08-24T09:40:19,Audi,A1 Sportback,66,0,0.0
2026-08-24T09:40:19,Audi,A3,1,0,0.0
2026-08-24T09:40:19,Audi,A3 Allstreet,3,0,0.0
2026-08-24T09:40:19,Audi,A3 Sportback,38,0,0.0
2026-08-24T09:40:19,Audi,A4,2,0,0.0
2026-08-24T09:40:19,Audi,A4 Allroad,2,0,0.0
2026-08-24T09:40:19,Audi,A4 Avant,3,0,0.0
2026-08-24T09:40:19,Audi,A5,3,0,0.0
2026-08-24T09:40:19,Audi,A5 Avant,7,0,0.0
2026-08-24T09:40:19,Audi,A5 Sportback,2,0,0.0
2026-08-24T09:40:19,Audi,A6,2,0,0.0
2026-08-24T09:40:19,Audi,A6 Allroad,2,0,0.0
2026-08-24T09:40:19,Audi,A6 Avant,7,0,0.0
2026-08-24T09:40:19,Audi,A6 Avant E-Tron,1,1,1.0
2026-08-24T09:40:19,Audi,A6 Sportback E-Tron,1,1,1.0
2026-08-24T09:40:19,Audi,A8,1,0,0.0
2026-08-24T09:40:19,Audi,E-Tron Gt,1,1,1.0
2026-08-24T09:40:19,Audi,E-Tron S Sportback,2,2,1.0
2026-08-24T09:40:19,Audi,Q2,51,0,0.0
2026-08-24T09:40:19,Audi,Q3,36,0,0.0
2026-08-24T09:40:19,Audi,Q3 Sportback,22,0,0.0
2026-08-24T09:40:19,Audi,Q4 E-Tron,4,4,1.0
2026-08-24T09:40:19,Audi,Q4 Sportback E-Tron,6,6,1.0
2026-08-24T09:40:19,Audi,Q5,20,0,0.0
2026-08-24T09:40:19,Audi,Q5 Sportback,12,0,0.0
2026-08-24T09:40:19,Audi,Q6 E-Tron,6,6,1.0
2026-08-24T09:40:19,Audi,Q6 Sportback E-Tron,6,6,1.0
2026-08-24T09:40:19,Audi,Q8,2,0,0.0
2026-08-24T09:40:19,Audi,Q8 E-Tron,2,2,1.0
2026-08-24T09:40:19,Audi,Q8 E-Tron Sportback,1,1,1.0
2026-08-24T09:40:19,Audi,R8 Spyder,1,0,0.0
2026-08-24T09:40:19,Audi,Rs Q3 Sportback,1,0,0.0
2026-08-24T09:40:19,Audi,Rs3 Sportback,2,0,0.0
2026-08-24T09:40:19,Audi,Rs4 Avant,1,0,0.0
2026-08-24T09:40:19,Audi,Rs5,1,0,0.0
2026-08-24T09:40:19,Audi,Rs6 Avant,3,0,0.0
2026-08-24T09:40:19,Audi,S3,1,0,0.0
2026-08-24T09:40:19,Audi,S3 Sportback,2,0,0.0
2026-08-24T09:40:19,Audi,S4 Avant,1,0,0.0
2026-08-24T09:40:19,Audi,S6 Avant E-Tron,2,2,1.0
2026-08-24T09:40:19,Audi,Tt,2,0,0.0
2026-08-24T09:40:19,Audi,Tt Roadster,1,0,0.0
2026-08-24T09:40:19,Bmw,I3,1,1,1.0
2026-08-24T09:40:19,Bmw,I4,30,30,1.0
2026-08-24T09:40:19,Bmw,I8,1,0,0.0
2026-08-24T09:40:19,Bmw,Ix,3,3,1.0
2026-08-24T09:40:19,Bmw,Ix3,6,6,1.0
2026-08-24T09:40:19,Bmw,M2 Coupé,2,0,0.0
2026-08-24T09:40:19,Bmw,M4 Coupé,3,0,0.0
2026-08-24T09:40:19,Bmw,M5,1,0,0.0
2026-08-24T09:40:19,Bmw,M5 Touring,1,0,0.0
2026-08-24T09:40:19,Bmw,Série 1,135,0,0.0
2026-08-24T09:40:19,Bmw,Série 2 Active Tourer,76,0,0.0
2026-08-24T09:40:19,Bmw,Série 2 Coupé,3,0,0.0
2026-08-24T09:40:19,Bmw,Série 2 Gran Coupé,20,0,0.0
2026-08-24T09:40:19,Bmw,Série 2 Gran Tourer,4,0,0.0
2026-08-24T09:40:19,Bmw,Série 3,13,0,0.0
2026-08-24T09:40:19,Bmw,Série 3 Gran Turismo,5,0,0.0
2026-08-24T09:40:19,Bmw,Série 3 Touring,41,0,0.0
2026-08-24T09:40:19,Bmw,Série 4 Cabriolet,6,0,0.0
2026-08-24T09:40:19,Bmw,Série 4 Coupé,15,0,0.0
2026-08-24T09:40:19,Bmw,Série 4 Gran Coupé,22,0,0.0
2026-08-24T09:40:19,Bmw,Série 5,23,6,0.2609
2026-08-24T09:40:19,Bmw,Série 5 Touring,13,2,0.1538
2026-08-24T09:40:19,Bmw,Série 6 Gran Turismo,1,0,0.0
2026-08-24T09:40:19,Bmw,Série 7,1,0,0.0
2026-08-24T09:40:19,Bmw,Série 8 Gran Coupé,2,0,0.0
2026-08-24T09:40:19,Bmw,X1,140,28,0.2
2026-08-24T09:40:19,Bmw,X2,79,9,0.1139
2026-08-24T09:40:19,Bmw,X3,75,0,0.0
2026-08-24T09:40:19,Bmw,X4,7,0,0.0
2026-08-24T09:40:19,Bmw,X4 M,1,0,0.0
2026-08-24T09:40:19,Bmw,X5,33,0,0.0
2026-08-24T09:40:19,Bmw,X6,2,0,0.0
2026-08-24T09:40:19,Bmw,Xm,4,0,0.0
2026-08-24T09:40:19,Bmw,Z4 Roadster,5,0,0.0
2026-08-24T09:40:19,Byd,Atto 2,1,1,1.0
2026-08-24T09:40:19,Byd,Seal 6 Dm-I,1,0,0.0
2026-08-24T09:40:19,Byd,Tang,2,2,1.0
2026-08-24T09:40:19,Citroen,Ami,13,13,1.0
2026-08-24T09:40:19,Citroen,Berlingo,15,2,0.1333
2026-08-24T09:40:19,Citroen,Berlingo Van,44,0,0.0
2026-08-24T09:40:19,Citroen,C1,11,0,0.0
2026-08-24T09:40:19,Citroen,C3,725,8,0.011
2026-08-24T09:40:19,Citroen,C3 Aircross,147,7,0.0476
2026-08-24T09:40:19,Citroen,C4,134,26,0.194
2026-08-24T09:40:19,Citroen,C4 Cactus,17,0,0.0
2026-08-24T09:40:19,Citroen,C4 Picasso,6,0,0.0
2026-08-24T09:40:19,Citroen,C4 Spacetourer,3,0,0.0
2026-08-24T09:40:19,Citroen,C4 X,9,4,0.4444
2026-08-24T09:40:19,Citroen,C5 Aircross,205,5,0.0244
2026-08-24T09:40:19,Citroen,C5 X,15,0,0.0
2026-08-24T09:40:19,Citroen,Grand C4 Spacetourer,6,0,0.0
2026-08-24T09:40:19,Citroen,Holidays,1,0,0.0
2026-08-24T09:40:19,Citroen,Jumper,16,0,0.0
2026-08-24T09:40:19,Citroen,Jumpy,32,1,0.0312
2026-08-24T09:40:19,Citroen,Spacetourer,14,0,0.0
2026-08-24T09:40:19,Cupra,Born,3,3,1.0
2026-08-24T09:40:19,Cupra,Formentor,20,0,0.0
2026-08-24T09:40:19,Cupra,Leon,6,0,0.0
2026-08-24T09:40:19,Cupra,Leon St,3,0,0.0
2026-08-24T09:40:19,Cupra,Raval,1,1,1.0
2026-08-24T09:40:19,Cupra,Terramar,3,0,0.0
2026-08-24T09:40:19,Dacia,Bigster,47,0,0.0
2026-08-24T09:40:19,Dacia,Duster,424,1,0.0024
2026-08-24T09:40:19,Dacia,Jogger,152,0,0.0
2026-08-24T09:40:19,Dacia,Lodgy,9,0,0.0
2026-08-24T09:40:19,Dacia,Logan,4,0,0.0
2026-08-24T09:40:19,Dacia,Logan Mcv,1,0,0.0
2026-08-24T09:40:19,Dacia,Sandero,700,0,0.0
2026-08-24T09:40:19,Dacia,Spring,223,222,0.9955
2026-08-24T09:40:19,Ds,4,14,7,0.5
2026-08-24T09:40:19,Ds,8,8,8,1.0
2026-08-24T09:40:19,Ds,Ds,3,0,0.0
2026-08-24T09:40:19,Ds,Ds 3,49,14,0.2857
2026-08-24T09:40:19,Ds,Ds 3 Crossback,53,9,0.1698
2026-08-24T09:40:19,Ds,Ds 4,114,0,0.0
2026-08-24T09:40:19,Ds,Ds 7,52,0,0.0
2026-08-24T09:40:19,Ds,Ds 7 Crossback,56,0,0.0
2026-08-24T09:40:19,Ds,Ds 9,1,0,0.0
2026-08-24T09:40:19,Fiat,500,41,23,0.561
2026-08-24T09:40:19,Fiat,500c,8,2,0.25
2026-08-24T09:40:19,Fiat,500l,2,0,0.0
2026-08-24T09:40:19,Fiat,500x,23,0,0.0
2026-08-24T09:40:19,Fiat,600,11,2,0.1818
2026-08-24T09:40:19,Fiat,Doblo,1,0,0.0
2026-08-24T09:40:19,Fiat,Doblo Cargo,2,0,0.0
2026-08-24T09:40:19,Fiat,Ducato,4,0,0.0
2026-08-24T09:40:19,Fiat,Fiorino,1,0,0.0
2026-08-24T09:40:19,Fiat,Grande Panda,4,2,0.5
2026-08-24T09:40:19,Fiat,Panda,6,0,0.0
2026-08-24T09:40:19,Fiat,Panda 4x4 Cross,1,0,0.0
2026-08-24T09:40:19,Fiat,Punto,1,0,0.0
2026-08-24T09:40:19,Fiat,Scudo,9,1,0.1111
2026-08-24T09:40:19,Fiat,Scudo Combi,1,0,0.0
2026-08-24T09:40:19,Fiat,Talento,1,0,0.0
2026-08-24T09:40:19,Fiat,Tipo,3,0,0.0
2026-08-24T09:40:19,Fiat,Tipo Cross,2,0,0.0
2026-08-24T09:40:19,Fiat,Tipo Sw,1,0,0.0
2026-08-24T09:40:19,Ford,B-Max,1,0,0.0
2026-08-24T09:40:19,Ford,Capri,10,10,1.0
2026-08-24T09:40:19,Ford,Ecosport,15,0,0.0
2026-08-24T09:40:19,Ford,Explorer,13,12,0.9231
2026-08-24T09:40:19,Ford,Fiesta,44,0,0.0
2026-08-24T09:40:19,Ford,Fiesta Active,2,0,0.0
2026-08-24T09:40:19,Ford,Focus,25,0,0.0
2026-08-24T09:40:19,Ford,Focus Active,3,0,0.0
2026-08-24T09:40:19,Ford,Focus Active Sw,1,0,0.0
2026-08-24T09:40:19,Ford,Focus Sw,2,0,0.0
2026-08-24T09:40:19,Ford,Galaxy,1,0,0.0
2026-08-24T09:40:19,Ford,Kuga,79,0,0.0
2026-08-24T09:40:19,Ford,Mondeo,1,0,0.0
2026-08-24T09:40:19,Ford,Mondeo Sw,1,0,0.0
2026-08-24T09:40:19,Ford,Mustang Mach-E,7,7,1.0
2026-08-24T09:40:19,Ford,Puma,145,20,0.1379
2026-08-24T09:40:19,Ford,Ranger,9,0,0.0
2026-08-24T09:40:19,Ford,S-Max,3,0,0.0
2026-08-24T09:40:19,Ford,Tourneo Connect,1,0,0.0
2026-08-24T09:40:19,Ford,Tourneo Courier,4,1,0.25
2026-08-24T09:40:19,Ford,Tourneo Custom,5,0,0.0
2026-08-24T09:40:19,Ford,Transit 2t,11,1,0.0909
2026-08-24T09:40:19,Ford,Transit Connect,5,0,0.0
2026-08-24T09:40:19,Ford,Transit Courier,4,3,0.75
2026-08-24T09:40:19,Ford,Transit Custom,20,0,0.0
2026-08-24T09:40:19,Ford,Transit Custom Kombi,5,0,0.0
2026-08-24T09:40:19,Ford,Transit Custom Nugget,1,0,0.0
2026-08-24T09:40:19,Honda,Hr-V,2,0,0.0
2026-08-24T09:40:19,Honda,Jazz,1,0,0.0
2026-08-24T09:40:19,Honda,Ny1,1,1,1.0
2026-08-24T09:40:19,Hyundai,Bayon,4,0,0.0
2026-08-24T09:40:19,Hyundai,I10,5,0,0.0
2026-08-24T09:40:19,Hyundai,I20,25,0,0.0
2026-08-24T09:40:19,Hyundai,I30,4,0,0.0
2026-08-24T09:40:19,Hyundai,I30 Fastback,1,0,0.0
2026-08-24T09:40:19,Hyundai,I30 Sw,3,0,0.0
2026-08-24T09:40:19,Hyundai,Ioniq,2,2,1.0
2026-08-24T09:40:19,Hyundai,Kona,23,0,0.0
2026-08-24T09:40:19,Hyundai,Santa Fe,3,0,0.0
2026-08-24T09:40:19,Hyundai,Tucson,43,0,0.0
2026-08-24T09:40:19,Isuzu,D-Max,1,0,0.0
2026-08-24T09:40:19,Iveco,Daily,2,0,0.0
2026-08-24T09:40:19,Jaguar,E-Pace,7,0,0.0
2026-08-24T09:40:19,Jaguar,F-Pace,6,0,0.0
2026-08-24T09:40:19,Jaguar,F-Type Coupe,1,0,0.0
2026-08-24T09:40:19,Jaguar,I-Pace,3,3,1.0
2026-08-24T09:40:19,Toyota,Auris,1,0,0.0
2026-08-24T09:40:19,Toyota,Auris Touring Sports,1,0,0.0
2026-08-24T09:40:19,Toyota,Aygo,12,0,0.0
2026-08-24T09:40:19,Toyota,Aygo X,77,0,0.0
2026-08-24T09:40:19,Toyota,Bz4x Touring,2,2,1.0
2026-08-24T09:40:19,Toyota,C-Hr,76,0,0.0
2026-08-24T09:40:19,Toyota,C-Hr et plus,1,1,1.0
2026-08-24T09:40:19,Toyota,Corolla,17,0,0.0
2026-08-24T09:40:19,Toyota,Corolla Touring Sports,13,0,0.0
2026-08-24T09:40:19,Toyota,Hilux,2,0,0.0
2026-08-24T09:40:19,Toyota,Prius,1,0,0.0
2026-08-24T09:40:19,Toyota,Prius Hybride Rechargeable,2,0,0.0
2026-08-24T09:40:19,Toyota,Proace,4,2,0.5
2026-08-24T09:40:19,Toyota,Proace City,1,0,0.0
2026-08-24T09:40:19,Toyota,Proace City Verso,1,0,0.0
2026-08-24T09:40:19,Toyota,Proace Max,1,0,0.0
2026-08-24T09:40:19,Toyota,Rav4,19,0,0.0
2026-08-24T09:40:19,Toyota,Yaris,174,0,0.0
2026-08-24T09:40:19,Toyota,Yaris Cross,115,0,0.0
2026-08-24T09:40:19,Volkswagen,3,12,12,1.0
2026-08-24T09:40:19,Volkswagen,3 Neo,3,3,1.0
2026-08-24T09:40:19,Volkswagen,4,9,9,1.0
2026-08-24T09:40:19,Volkswagen,5,4,4,1.0
2026-08-24T09:40:19,Volkswagen,7,1,1,1.0
2026-08-24T09:40:19,Volkswagen,Arteon,2,0,0.0
2026-08-24T09:40:19,Volkswagen,Buzz,3,3,1.0
2026-08-24T09:40:19,Volkswagen,Caddy,1,0,0.0
2026-08-24T09:40:19,Volkswagen,Caddy Cargo,2,0,0.0
2026-08-24T09:40:19,Volkswagen,Caddy Maxi,1,0,0.0
2026-08-24T09:40:19,Volkswagen,Caddy Van,2,0,0.0
2026-08-24T09:40:19,Volkswagen,Caravelle,3,2,0.6667
2026-08-24T09:40:19,Volkswagen,Coccinelle,1,0,0.0
2026-08-24T09:40:19,Volkswagen,Crafter,4,0,0.0
2026-08-24T09:40:19,Volkswagen,Golf,74,0,0.0
2026-08-24T09:40:19,Volkswagen,Golf Sportsvan,1,0,0.0
2026-08-24T09:40:19,Volkswagen,Golf Sw,2,0,0.0
2026-08-24T09:40:19,Volkswagen,Multivan,1,0,0.0
2026-08-24T09:40:19,Volkswagen,Passat Sw,8,0,0.0
2026-08-24T09:40:19,Volkswagen,Polo,107,0,0.0
2026-08-24T09:40:19,Volkswagen,T-Cross,50,0,0.0
2026-08-24T09:40:19,Volkswagen,T-Roc,128,0,0.0
2026-08-24T09:40:19,Volkswagen,T-Roc Cabriolet,7,0,0.0
2026-08-24T09:40:19,Volkswagen,Taigo,54,0,0.0
2026-08-24T09:40:19,Volkswagen,Tayron,1,0,0.0
2026-08-24T09:40:19,Volkswagen,Tiguan,85,0,0.0
2026-08-24T09:40:19,Volkswagen,Tiguan Allspace,1,0,0.0
2026-08-24T09:40:19,Volkswagen,Touran,6,0,0.0
2026-08-24T09:40:19,Volkswagen,Transporter,14,1,0.0714
2026-08-24T09:40:19,Volvo,C40,1,1,1.0
2026-08-24T09:40:19,Volvo,Ec40,7,7,1.0
2026-08-24T09:40:19,Volvo,Es90,3,3,1.0
2026-08-24T09:40:19,Volvo,Ex30,15,15,1.0
2026-08-24T09:40:19,Volvo,Ex30 Cross Country,4,4,1.0
2026-08-24T09:40:19,Volvo,Ex40,10,10,1.0
2026-08-24T09:40:19,Volvo,S60,1,0,0.0
2026-08-24T09:40:19,Volvo,S90,1,0,0.0
2026-08-24T09:40:19,Volvo,V60,18,0,0.0
2026-08-24T09:40:19,Volvo,Xc40,42,7,0.1667
2026-08-24T09:40:19,Volvo,Xc60,41,0,0.0
2026-08-24T09:40:19,Volvo,Xc90,9,0,0.0
2026-08-25T09:28:49,Abarth,500,4,1,0.25
2026-08-25T09:28:49,Abarth,500c,1,1,1.0
2026-08-25T09:28:49,Abarth,600,1,1,1.0
2026-08-25T09:28:49,Alfa Romeo,Giulia,3,0,0.0
2026-08-25T09:28:49,Alfa Romeo,Giulietta,2,0,0.0
2026-08-25T09:28:49,Alfa Romeo,Junior,1,0,0.0
2026-08-25T09:28:49,Alfa Romeo,Stelvio,9,0,0.0
2026-08-25T09:28:49,Alfa Romeo,Tonale,8,0,0.0
2026-08-25T09:28:49,Alpine,A110,27,0,0.0
2026-08-25T09:28:49,Alpine,A290,13,13,1.0
2026-08-25T09:28:49,Alpine,A390,6,6,1.0
2026-08-25T09:28:49,Aston Martin,V8 Vantage,1,0,0.0
2026-08-25T09:28:49,Audi,A1 Allstreet,5,0,0.0
2026-08-25T09:28:49,Audi,A1 Citycarver,1,0,0.0
2026-08-25T09:28:49,Audi,A1 Sportback,66,0,0.0
2026-08-25T09:28:49,Audi,A3,1,0,0.0
2026-08-25T09:28:49,Audi,A3 Allstreet,3,0,0.0
2026-08-25T09:28:49,Audi,A3 Sportback,39,0,0.0
2026-08-25T09:28:49,Audi,A4,2,0,0.0
2026-08-25T09:28:49,Audi,A4 Allroad,2,0,0.0
2026-08-25T09:28:49,Audi,A4 Avant,4,0,0.0
2026-08-25T09:28:49,Audi,A5,3,0,0.0
2026-08-25T09:28:49,Audi,A5 Avant,7,0,0.0
2026-08-25T09:28:49,Audi,A5 Sportback,2,0,0.0
2026-08-25T09:28:49,Audi,A6,2,0,0.0
2026-08-25T09:28:49,Audi,A6 Allroad,2,0,0.0
2026-08-25T09:28:49,Audi,A6 Avant,7,0,0.0
2026-08-25T09:28:49,Audi,A6 Avant E-Tron,1,1,1.0
2026-08-25T09:28:49,Audi,A6 Sportback E-Tron,1,1,1.0
2026-08-25T09:28:49,Audi,A8,1,0,0.0
2026-08-25T09:28:49,Audi,E-Tron Gt,1,1,1.0
2026-08-25T09:28:49,Audi,E-Tron S Sportback,2,2,1.0
2026-08-25T09:28:49,Audi,Q2,50,0,0.0
2026-08-25T09:28:49,Audi,Q3,37,0,0.0
2026-08-25T09:28:49,Audi,Q3 Sportback,23,0,0.0
2026-08-25T09:28:49,Audi,Q4 E-Tron,4,4,1.0
2026-08-25T09:28:49,Audi,Q4 Sportback E-Tron,6,6,1.0
2026-08-25T09:28:49,Audi,Q5,20,0,0.0
2026-08-25T09:28:49,Audi,Q5 Sportback,11,0,0.0
2026-08-25T09:28:49,Audi,Q6 E-Tron,6,6,1.0
2026-08-25T09:28:49,Audi,Q6 Sportback E-Tron,6,6,1.0
2026-08-25T09:28:49,Audi,Q8,2,0,0.0
2026-08-25T09:28:49,Audi,Q8 E-Tron,2,2,1.0
2026-08-25T09:28:49,Audi,Q8 E-Tron Sportback,1,1,1.0
2026-08-25T09:28:49,Audi,R8 Spyder,1,0,0.0
2026-08-25T09:28:49,Audi,Rs Q3 Sportback,1,0,0.0
2026-08-25T09:28:49,Audi,Rs3 Sportback,2,0,0.0
2026-08-25T09:28:49,Audi,Rs4 Avant,1,0,0.0
2026-08-25T09:28:49,Audi,Rs5,1,0,0.0
2026-08-25T09:28:49,Audi,Rs6 Avant,3,0,0.0
2026-08-25T09:28:49,Audi,S3,2,0,0.0
2026-08-25T09:28:49,Audi,S3 Sportback,2,0,0.0
2026-08-25T09:28:49,Audi,S4 Avant,1,0,0.0
2026-08-25T09:28:49,Audi,S6 Avant E-Tron,2,2,1.0
2026-08-25T09:28:49,Audi,Tt,2,0,0.0
2026-08-25T09:28:49,Audi,Tt Roadster,1,0,0.0
2026-08-25T09:28:49,Bmw,I3,1,1,1.0
2026-08-25T09:28:49,Bmw,I4,30,30,1.0
2026-08-25T09:28:49,Bmw,I8,1,0,0.0
2026-08-25T09:28:49,Bmw,Ix,3,3,1.0
2026-08-25T09:28:49,Bmw,Ix3,6,6,1.0
2026-08-25T09:28:49,Bmw,M2 Coupé,2,0,0.0
2026-08-25T09:28:49,Bmw,M4 Coupé,3,0,0.0
2026-08-25T09:28:49,Bmw,M5,1,0,0.0
2026-08-25T09:28:49,Bmw,M5 Touring,1,0,0.0
2026-08-25T09:28:49,Bmw,Série 1,132,0,0.0
2026-08-25T09:28:49,Bmw,Série 2 Active Tourer,75,0,0.0
2026-08-25T09:28:49,Bmw,Série 2 Coupé,4,0,0.0
2026-08-25T09:28:49,Bmw,Série 2 Gran Coupé,19,0,0.0
2026-08-25T09:28:49,Bmw,Série 2 Gran Tourer,3,0,0.0
2026-08-25T09:28:49,Bmw,Série 3,12,0,0.0
2026-08-25T09:28:49,Bmw,Série 3 Gran Turismo,4,0,0.0
2026-08-25T09:28:49,Bmw,Série 3 Touring,40,0,0.0
2026-08-25T09:28:49,Bmw,Série 4 Cabriolet,6,0,0.0
2026-08-25T09:28:49,Bmw,Série 4 Coupé,15,0,0.0
2026-08-25T09:28:49,Bmw,Série 4 Gran Coupé,22,0,0.0
2026-08-25T09:28:49,Bmw,Série 5,24,6,0.25
2026-08-25T09:28:49,Bmw,Série 5 Touring,13,2,0.1538
2026-08-25T09:28:49,Bmw,Série 6 Gran Turismo,1,0,0.0
2026-08-25T09:28:49,Bmw,Série 7,1,0,0.0
2026-08-25T09:28:49,Bmw,Série 8 Gran Coupé,2,0,0.0
2026-08-25T09:28:49,Bmw,X1,134,27,0.2015
2026-08-25T09:28:49,Bmw,X2,79,10,0.1266
2026-08-25T09:28:49,Bmw,X3,76,0,0.0
2026-08-25T09:28:49,Bmw,X4,7,0,0.0
2026-08-25T09:28:49,Bmw,X4 M,1,0,0.0
2026-08-25T09:28:49,Bmw,X5,32,0,0.0
2026-08-25T09:28:49,Bmw,X6,2,0,0.0
2026-08-25T09:28:49,Bmw,Xm,4,0,0.0
2026-08-25T09:28:49,Bmw,Z4 Roadster,5,0,0.0
2026-08-25T09:28:49,Byd,Atto 2,1,1,1.0
2026-08-25T09:28:49,Byd,Seal 6 Dm-I,1,0,0.0
2026-08-25T09:28:49,Byd,Tang,2,2,1.0
2026-08-25T09:28:49,Citroen,Ami,13,13,1.0
2026-08-25T09:28:49,Citroen,Berlingo,13,2,0.1538
2026-08-25T09:28:49,Citroen,Berlingo Van,38,0,0.0
2026-08-25T09:28:49,Citroen,C1,10,0,0.0
2026-08-25T09:28:49,Citroen,C3,730,8,0.011
2026-08-25T09:28:49,Citroen,C3 Aircross,147,7,0.0476
2026-08-25T09:28:49,Citroen,C4,136,25,0.1838
2026-08-25T09:28:49,Citroen,C4 Cactus,16,0,0.0
2026-08-25T09:28:49,Citroen,C4 Picasso,6,0,0.0
2026-08-25T09:28:49,Citroen,C4 Spacetourer,3,0,0.0
2026-08-25T09:28:49,Citroen,C4 X,9,4,0.4444
2026-08-25T09:28:49,Citroen,C5 Aircross,204,5,0.0245
2026-08-25T09:28:49,Citroen,C5 X,15,0,0.0
2026-08-25T09:28:49,Citroen,Grand C4 Spacetourer,6,0,0.0
2026-08-25T09:28:49,Citroen,Holidays,1,0,0.0
2026-08-25T09:28:49,Citroen,Jumper,15,0,0.0
2026-08-25T09:28:49,Citroen,Jumpy,31,1,0.0323
2026-08-25T09:28:49,Citroen,Spacetourer,14,0,0.0
2026-08-25T09:28:49,Cupra,Born,3,3,1.0
2026-08-25T09:28:49,Cupra,Formentor,21,0,0.0
2026-08-25T09:28:49,Cupra,Leon,6,0,0.0
2026-08-25T09:28:49,Cupra,Leon St,3,0,0.0
2026-08-25T09:28:49,Cupra,Raval,1,1,1.0
2026-08-25T09:28:49,Cupra,Terramar,3,0,0.0
2026-08-25T09:28:49,Dacia,Bigster,46,0,0.0
2026-08-25T09:28:49,Dacia,Duster,424,1,0.0024
2026-08-25T09:28:49,Dacia,Jogger,153,0,0.0
2026-08-25T09:28:49,Dacia,Lodgy,8,0,0.0
2026-08-25T09:28:49,Dacia,Logan,4,0,0.0
2026-08-25T09:28:49,Dacia,Logan Mcv,2,0,0.0
2026-08-25T09:28:49,Dacia,Sandero,691,0,0.0
2026-08-25T09:28:49,Dacia,Spring,225,224,0.9956
2026-08-25T09:28:49,Ds,4,14,7,0.5
2026-08-25T09:28:49,Ds,8,8,8,1.0
2026-08-25T09:28:49,Ds,Ds,3,0,0.0
2026-08-25T09:28:49,Ds,Ds 3,49,14,0.2857
2026-08-25T09:28:49,Ds,Ds 3 Crossback,52,8,0.1538
2026-08-25T09:28:49,Ds,Ds 4,112,0,0.0
2026-08-25T09:28:49,Ds,Ds 7,50,0,0.0
2026-08-25T09:28:49,Ds,Ds 7 Crossback,57,0,0.0
2026-08-25T09:28:49,Ds,Ds 9,1,0,0.0
2026-08-25T09:28:49,Fiat,500,36,20,0.5556
2026-08-25T09:28:49,Fiat,500c,7,2,0.2857
2026-08-25T09:28:49,Fiat,500l,2,0,0.0
2026-08-25T09:28:49,Fiat,500x,22,0,0.0
2026-08-25T09:28:49,Fiat,600,11,2,0.1818
2026-08-25T09:28:49,Fiat,Doblo,1,0,0.0
2026-08-25T09:28:49,Fiat,Doblo Cargo,2,0,0.0
2026-08-25T09:28:49,Fiat,Ducato,4,0,0.0
2026-08-25T09:28:49,Fiat,Fiorino,1,0,0.0
2026-08-25T09:28:49,Fiat,Grande Panda,4,2,0.5
2026-08-25T09:28:49,Fiat,Panda,6,0,0.0
2026-08-25T09:28:49,Fiat,Panda 4x4 Cross,1,0,0.0
2026-08-25T09:28:49,Fiat,Punto,1,0,0.0
2026-08-25T09:28:49,Fiat,Scudo,9,1,0.1111
2026-08-25T09:28:49,Fiat,Scudo Combi,1,0,0.0
2026-08-25T09:28:49,Fiat,Talento,1,0,0.0
2026-08-25T09:28:49,Fiat,Tipo,3,0,0.0
2026-08-25T09:28:49,Fiat,Tipo Cross,2,0,0.0
2026-08-25T09:28:49,Fiat,Tipo Sw,1,0,0.0
2026-08-25T09:28:49,Ford,B-Max,1,0,0.0
2026-08-25T09:28:49,Ford,Capri,10,10,1.0
2026-08-25T09:28:49,Ford,Ecosport,15,0,0.0
2026-08-25T09:28:49,Ford,Explorer,13,12,0.9231
2026-08-25T09:28:49,Ford,Fiesta,42,0,0.0
2026-08-25T09:28:49,Ford,Fiesta Active,2,0,0.0
2026-08-25T09:28:49,Ford,Focus,24,0,0.0
2026-08-25T09:28:49,Ford,Focus Active,3,0,0.0
2026-08-25T09:28:49,Ford,Focus Active Sw,1,0,0.0
2026-08-25T09:28:49,Ford,Focus Sw,2,0,0.0
2026-08-25T09:28:49,Ford,Galaxy,1,0,0.0
2026-08-25T09:28:49,Ford,Kuga,77,0,0.0
2026-08-25T09:28:49,Ford,Mondeo,1,0,0.0
2026-08-25T09:28:49,Ford,Mondeo Sw,2,0,0.0
2026-08-25T09:28:49,Ford,Mustang Mach-E,6,6,1.0
2026-08-25T09:28:49,Ford,Puma,144,20,0.1389
2026-08-25T09:28:49,Ford,Ranger,9,0,0.0
2026-08-25T09:28:49,Ford,S-Max,3,0,0.0
2026-08-25T09:28:49,Ford,Tourneo Connect,1,0,0.0
2026-08-25T09:28:49,Ford,Tourneo Courier,4,1,0.25
2026-08-25T09:28:49,Ford,Tourneo Custom,5,0,0.0
2026-08-25T09:28:49,Ford,Transit 2t,11,1,0.0909
2026-08-25T09:28:49,Ford,Transit Connect,5,0,0.0
2026-08-25T09:28:49,Ford,Transit Courier,4,3,0.75
2026-08-25T09:28:49,Ford,Transit Custom,20,0,0.0
2026-08-25T09:28:49,Ford,Transit Custom Kombi,5,0,0.0
2026-08-25T09:28:49,Ford,Transit Custom Nugget,1,0,0.0
2026-08-25T09:28:49,Honda,Hr-V,2,0,0.0
2026-08-25T09:28:49,Honda,Jazz,1,0,0.0
2026-08-25T09:28:49,Honda,Ny1,1,1,1.0
2026-08-25T09:28:49,Hyundai,Bayon,4,0,0.0
2026-08-25T09:28:49,Hyundai,I10,5,0,0.0
2026-08-25T09:28:49,Hyundai,I20,25,0,0.0
2026-08-25T09:28:49,Hyundai,I30,4,0,0.0
2026-08-25T09:28:49,Hyundai,I30 Fastback,1,0,0.0
2026-08-25T09:28:49,Hyundai,I30 Sw,3,0,0.0
2026-08-25T09:28:49,Hyundai,Ioniq,3,2,0.6667
2026-08-25T09:28:49,Hyundai,Kona,25,0,0.0
2026-08-25T09:28:49,Hyundai,Santa Fe,3,0,0.0
2026-08-25T09:28:49,Hyundai,Tucson,44,0,0.0
2026-08-25T09:28:49,Isuzu,D-Max,1,0,0.0
2026-08-25T09:28:49,Iveco,Daily,2,0,0.0
2026-08-25T09:28:49,Jaguar,E-Pace,7,7,1.0
2026-08-25T09:28:49,Jaguar,F-Pace,6,6,1.0
2026-08-25T09:28:49,Jaguar,F-Type Coupe,1,1,1.0
2026-08-25T09:28:49,Jaguar,I-Pace,3,3,1.0
2026-08-25T09:28:49,Seat,Arona,33,0,0.0
2026-08-25T09:28:49,Seat,Ateca,34,0,0.0
2026-08-25T09:28:49,Seat,Ibiza,27,0,0.0
2026-08-25T09:28:49,Seat,Leon,21,0,0.0
2026-08-25T09:28:49,Seat,Leon St,5,0,0.0
2026-08-25T09:28:49,Seat,Tarraco,2,0,0.0
2026-08-25T09:28:49,Skoda,Elroq,1,1,1.0
2026-08-25T09:28:49,Skoda,Enyaq,1,1,1.0
2026-08-25T09:28:49,Skoda,Enyaq Coupé,1,1,1.0
2026-08-25T09:28:49,Skoda,Fabia,33,0,0.0
2026-08-25T09:28:49,Skoda,Fabia Combi,1,0,0.0
2026-08-25T09:28:49,Skoda,Kamiq,30,0,0.0
2026-08-25T09:28:49,Skoda,Karoq,20,0,0.0
2026-08-25T09:28:49,Skoda,Kodiaq,12,0,0.0
2026-08-25T09:28:49,Skoda,Octavia,4,0,0.0
2026-08-25T09:28:49,Skoda,Octavia Combi,9,0,0.0
2026-08-25T09:28:49,Skoda,Scala,8,0,0.0
2026-08-25T09:28:49,Skoda,Superb,2,0,0.0
2026-08-25T09:28:49,Skoda,Superb Combi,1,0,0.0
2026-08-25T09:28:49,Smart,1,1,1,1.0
2026-08-25T09:28:49,Smart,3,1,1,1.0
2026-08-25T09:28:49,Smart,5,2,2,1.0
2026-08-25T09:28:49,Smart,Forfour,1,0,0.0
2026-08-25T09:28:49,Smart,Fortwo Coupé,1,1,1.0
2026-08-25T09:28:49,Suzuki,E Vitara,2,2,1.0
2026-08-25T09:28:49,Suzuki,Ignis,2,0,0.0
2026-08-25T09:28:49,Suzuki,S-Cross,16,0,0.0
2026-08-25T09:28:49,Suzuki,Swift,27,0,0.0
2026-08-25T09:28:49,Suzuki,Vitara,24,1,0.0417
2026-08-25T09:28:49,Toyota,Auris,1,0,0.0
2026-08-25T09:28:49,Toyota,Auris Touring Sports,1,0,0.0
2026-08-25T09:28:49,Toyota,Aygo,12,0,0.0
2026-08-25T09:28:49,Toyota,Aygo X,76,0,0.0
2026-08-25T09:28:49,Toyota,Bz4x Touring,2,2,1.0
2026-08-25T09:28:49,Toyota,C-Hr,74,0,0.0
2026-08-25T09:28:49,Toyota,C-Hr et plus,1,1,1.0
2026-08-25T09:28:49,Toyota,Corolla,16,0,0.0
2026-08-25T09:28:49,Toyota,Corolla Touring Sports,13,0,0.0
2026-08-25T09:28:49,Toyota,Hilux,2,0,0.0
2026-08-25T09:28:49,Toyota,Prius,1,0,0.0
2026-08-25T09:28:49,Toyota,Prius Hybride Rechargeable,2,0,0.0
2026-08-25T09:28:49,Toyota,Proace,4,2,0.5
2026-08-25T09:28:49,Toyota,Proace City,1,0,0.0
2026-08-25T09:28:49,Toyota,Proace City Verso,1,0,0.0
2026-08-25T09:28:49,Toyota,Proace Max,1,0,0.0
2026-08-25T09:28:49,Toyota,Rav4,19,0,0.0
2026-08-25T09:28:49,Toyota,Yaris,172,0,0.0
2026-08-25T09:28:49,Toyota,Yaris Cross,114,0,0.0
2026-08-25T09:28:49,Volkswagen,3,12,12,1.0
2026-08-25T09:28:49,Volkswagen,3 Neo,3,3,1.0
2026-08-25T09:28:49,Volkswagen,4,9,9,1.0
2026-08-25T09:28:49,Volkswagen,5,4,4,1.0
2026-08-25T09:28:49,Volkswagen,7,1,1,1.0
2026-08-25T09:28:49,Volkswagen,Arteon,2,0,0.0
2026-08-25T09:28:49,Volkswagen,Buzz,3,3,1.0
2026-08-25T09:28:49,Volkswagen,Caddy,1,0,0.0
2026-08-25T09:28:49,Volkswagen,Caddy Cargo,2,0,0.0
2026-08-25T09:28:49,Volkswagen,Caddy Maxi,1,0,0.0
2026-08-25T09:28:49,Volkswagen,Caddy Van,2,0,0.0
2026-08-25T09:28:49,Volkswagen,Caravelle,3,2,0.6667
2026-08-25T09:28:49,Volkswagen,Coccinelle,1,0,0.0
2026-08-25T09:28:49,Volkswagen,Crafter,4,0,0.0
2026-08-25T09:28:49,Volkswagen,Golf,71,0,0.0
2026-08-25T09:28:49,Volkswagen,Golf Sportsvan,1,0,0.0
2026-08-25T09:28:49,Volkswagen,Golf Sw,2,0,0.0
2026-08-25T09:28:49,Volkswagen,Multivan,1,0,0.0
2026-08-25T09:28:49,Volkswagen,Passat Sw,8,0,0.0
2026-08-25T09:28:49,Volkswagen,Polo,106,0,0.0
2026-08-25T09:28:49,Volkswagen,T-Cross,53,0,0.0
2026-08-25T09:28:49,Volkswagen,T-Roc,130,0,0.0
2026-08-25T09:28:49,Volkswagen,T-Roc Cabriolet,6,0,0.0
2026-08-25T09:28:49,Volkswagen,Taigo,53,0,0.0
2026-08-25T09:28:49,Volkswagen,Tayron,1,0,0.0
2026-08-25T09:28:49,Volkswagen,Tiguan,84,0,0.0
2026-08-25T09:28:49,Volkswagen,Tiguan Allspace,1,0,0.0
2026-08-25T09:28:49,Volkswagen,Touran,6,0,0.0
2026-08-25T09:28:49,Volkswagen,Transporter,14,1,0.0714
2026-08-25T09:28:49,Volvo,C40,1,1,1.0
2026-08-25T09:28:49,Volvo,Ec40,7,7,1.0
2026-08-25T09:28:49,Volvo,Es90,3,3,1.0
2026-08-25T09:28:49,Volvo,Ex30,15,15,1.0
2026-08-25T09:28:49,Volvo,Ex30 Cross Country,4,4,1.0
2026-08-25T09:28:49,Volvo,Ex40,10,10,1.0
2026-08-25T09:28:49,Volvo,S60,1,0,0.0
2026-08-25T09:28:49,Volvo,S90,1,0,0.0
2026-08-25T09:28:49,Volvo,V60,18,0,0.0
2026-08-25T09:28:49,Volvo,Xc40,42,7,0.1667
2026-08-25T09:28:49,Volvo,Xc60,41,0,0.0
2026-08-25T09:28:49,Volvo,Xc90,9,0,0.0
2026-08-26T09:35:32,Abarth,500,4,1,0.25
2026-08-26T09:35:32,Abarth,500c,1,1,1.0
2026-08-26T09:35:32,Abarth,600,1,1,1.0
2026-08-26T09:35:32,Alfa Romeo,Giulia,3,0,0.0
2026-08-26T09:35:32,Alfa Romeo,Giulietta,2,0,0.0
2026-08-26T09:35:32,Alfa Romeo,Junior,1,0,0.0
2026-08-26T09:35:32,Alfa Romeo,Stelvio,9,0,0.0
2026-08-26T09:35:32,Alfa Romeo,Tonale,8,0,0.0
2026-08-26T09:35:32,Alpine,A110,27,0,0.0
2026-08-26T09:35:32,Alpine,A290,14,14,1.0
2026-08-26T09:35:32,Alpine,A390,6,6,1.0
2026-08-26T09:35:32,Aston Martin,V8 Vantage,1,0,0.0
2026-08-26T09:35:32,Audi,A1 Allstreet,5,0,0.0
2026-08-26T09:35:32,Audi,A1 Citycarver,1,0,0.0
2026-08-26T09:35:32,Audi,A1 Sportback,66,0,0.0
2026-08-26T09:35:32,Audi,A3,1,0,0.0
2026-08-26T09:35:32,Audi,A3 Allstreet,3,0,0.0
2026-08-26T09:35:32,Audi,A3 Sportback,39,0,0.0
2026-08-26T09:35:32,Audi,A4,2,0,0.0
2026-08-26T09:35:32,Audi,A4 Allroad,2,0,0.0
2026-08-26T09:35:32,Audi,A4 Avant,4,0,0.0
2026-08-26T09:35:32,Audi,A5,3,0,0.0
2026-08-26T09:35:32,Audi,A5 Avant,7,0,0.0
2026-08-26T09:35:32,Audi,A5 Sportback,2,0,0.0
2026-08-26T09:35:32,Audi,A6,2,0,0.0
2026-08-26T09:35:32,Audi,A6 Allroad,2,0,0.0
2026-08-26T09:35:32,Audi,A6 Avant,7,0,0.0
2026-08-26T09:35:32,Audi,A6 Avant E-Tron,1,1,1.0
2026-08-26T09:35:32,Audi,A6 Sportback E-Tron,1,1,1.0
2026-08-26T09:35:32,Audi,A8,1,0,0.0
2026-08-26T09:35:32,Audi,E-Tron Gt,1,1,1.0
2026-08-26T09:35:32,Audi,E-Tron S Sportback,2,2,1.0
2026-08-26T09:35:32,Audi,Q2,50,0,0.0
2026-08-26T09:35:32,Audi,Q3,37,0,0.0
2026-08-26T09:35:32,Audi,Q3 Sportback,25,0,0.0
2026-08-26T09:35:32,Audi,Q4 E-Tron,4,4,1.0
2026-08-26T09:35:32,Audi,Q4 Sportback E-Tron,6,6,1.0
2026-08-26T09:35:32,Audi,Q5,20,0,0.0
2026-08-26T09:35:32,Audi,Q5 Sportback,11,0,0.0
2026-08-26T09:35:32,Audi,Q6 E-Tron,6,6,1.0
2026-08-26T09:35:32,Audi,Q6 Sportback E-Tron,6,6,1.0
2026-08-26T09:35:32,Audi,Q8,2,0,0.0
2026-08-26T09:35:32,Audi,Q8 E-Tron,2,2,1.0
2026-08-26T09:35:32,Audi,Q8 E-Tron Sportback,1,1,1.0
2026-08-26T09:35:32,Audi,R8 Spyder,1,0,0.0
2026-08-26T09:35:32,Audi,Rs Q3 Sportback,1,0,0.0
2026-08-26T09:35:32,Audi,Rs3 Sportback,2,0,0.0
2026-08-26T09:35:32,Audi,Rs4 Avant,1,0,0.0
2026-08-26T09:35:32,Audi,Rs5,1,0,0.0
2026-08-26T09:35:32,Audi,Rs6 Avant,3,0,0.0
2026-08-26T09:35:32,Audi,S3,1,0,0.0
2026-08-26T09:35:32,Audi,S3 Sportback,2,0,0.0
2026-08-26T09:35:32,Audi,S4 Avant,1,0,0.0
2026-08-26T09:35:32,Audi,S6 Avant E-Tron,2,2,1.0
2026-08-26T09:35:32,Audi,Tt,2,0,0.0
2026-08-26T09:35:32,Audi,Tt Roadster,1,0,0.0
2026-08-26T09:35:32,Bmw,I3,1,1,1.0
2026-08-26T09:35:32,Bmw,I4,30,30,1.0
2026-08-26T09:35:32,Bmw,I8,1,0,0.0
2026-08-26T09:35:32,Bmw,Ix,3,3,1.0
2026-08-26T09:35:32,Bmw,Ix3,6,6,1.0
2026-08-26T09:35:32,Bmw,M2 Coupé,2,0,0.0
2026-08-26T09:35:32,Bmw,M4 Coupé,3,0,0.0
2026-08-26T09:35:32,Bmw,M5,1,0,0.0
2026-08-26T09:35:32,Bmw,M5 Touring,1,0,0.0
2026-08-26T09:35:32,Bmw,Série 1,135,0,0.0
2026-08-26T09:35:32,Bmw,Série 2 Active Tourer,76,0,0.0
2026-08-26T09:35:32,Bmw,Série 2 Coupé,4,0,0.0
2026-08-26T09:35:32,Bmw,Série 2 Gran Coupé,19,0,0.0
2026-08-26T09:35:32,Bmw,Série 2 Gran Tourer,4,0,0.0
2026-08-26T09:35:32,Bmw,Série 3,12,0,0.0
2026-08-26T09:35:32,Bmw,Série 3 Gran Turismo,4,0,0.0
2026-08-26T09:35:32,Bmw,Série 3 Touring,37,0,0.0
2026-08-26T09:35:32,Bmw,Série 4 Cabriolet,6,0,0.0
2026-08-26T09:35:32,Bmw,Série 4 Coupé,14,0,0.0
2026-08-26T09:35:32,Bmw,Série 4 Gran Coupé,22,0,0.0
2026-08-26T09:35:32,Bmw,Série 5,24,6,0.25
2026-08-26T09:35:32,Bmw,Série 5 Touring,13,2,0.1538
2026-08-26T09:35:32,Bmw,Série 6 Gran Turismo,1,0,0.0
2026-08-26T09:35:32,Bmw,Série 7,1,0,0.0
2026-08-26T09:35:32,Bmw,Série 8 Gran Coupé,2,0,0.0
2026-08-26T09:35:32,Bmw,X1,134,27,0.2015
2026-08-26T09:35:32,Bmw,X2,78,10,0.1282
2026-08-26T09:35:32,Bmw,X3,77,0,0.0
2026-08-26T09:35:32,Bmw,X4,7,0,0.0
2026-08-26T09:35:32,Bmw,X4 M,1,0,0.0
2026-08-26T09:35:32,Bmw,X5,32,0,0.0
2026-08-26T09:35:32,Bmw,X6,2,0,0.0
2026-08-26T09:35:32,Bmw,Xm,4,0,0.0
2026-08-26T09:35:32,Bmw,Z4 Roadster,5,0,0.0
2026-08-26T09:35:32,Byd,Atto 2,1,1,1.0
2026-08-26T09:35:32,Byd,Seal 6 Dm-I,1,0,0.0
2026-08-26T09:35:32,Byd,Tang,2,2,1.0
2026-08-26T09:35:32,Citroen,Ami,11,11,1.0
2026-08-26T09:35:32,Citroen,Berlingo,13,2,0.1538
2026-08-26T09:35:32,Citroen,Berlingo Van,37,0,0.0
2026-08-26T09:35:32,Citroen,C1,10,0,0.0
2026-08-26T09:35:32,Citroen,C3,748,8,0.0107
2026-08-26T09:35:32,Citroen,C3 Aircross,147,7,0.0476
2026-08-26T09:35:32,Citroen,C4,133,24,0.1805
2026-08-26T09:35:32,Citroen,C4 Cactus,18,0,0.0
2026-08-26T09:35:32,Citroen,C4 Picasso,6,0,0.0
2026-08-26T09:35:32,Citroen,C4 Spacetourer,3,0,0.0
2026-08-26T09:35:32,Citroen,C4 X,9,4,0.4444
2026-08-26T09:35:32,Citroen,C5 Aircross,204,6,0.0294
2026-08-26T09:35:32,Citroen,C5 X,14,0,0.0
2026-08-26T09:35:32,Citroen,Grand C4 Spacetourer,6,0,0.0
2026-08-26T09:35:32,Citroen,Holidays,1,0,0.0
2026-08-26T09:35:32,Citroen,Jumper,15,0,0.0
2026-08-26T09:35:32,Citroen,Jumpy,32,1,0.0312
2026-08-26T09:35:32,Citroen,Spacetourer,14,0,0.0
2026-08-26T09:35:32,Cupra,Born,3,3,1.0
2026-08-26T09:35:32,Cupra,Formentor,21,0,0.0
2026-08-26T09:35:32,Cupra,Leon,7,0,0.0
2026-08-26T09:35:32,Cupra,Leon St,3,0,0.0
2026-08-26T09:35:32,Cupra,Raval,1,1,1.0
2026-08-26T09:35:32,Cupra,Terramar,3,0,0.0
2026-08-26T09:35:32,Dacia,Bigster,46,0,0.0
2026-08-26T09:35:32,Dacia,Duster,425,1,0.0024
2026-08-26T09:35:32,Dacia,Jogger,152,0,0.0
2026-08-26T09:35:32,Dacia,Lodgy,8,0,0.0
2026-08-26T09:35:32,Dacia,Logan,4,0,0.0
2026-08-26T09:35:32,Dacia,Logan Mcv,2,0,0.0
2026-08-26T09:35:32,Dacia,Sandero,702,0,0.0
2026-08-26T09:35:32,Dacia,Spring,225,225,1.0
2026-08-26T09:35:32,Ds,4,14,7,0.5
2026-08-26T09:35:32,Ds,8,8,8,1.0
2026-08-26T09:35:32,Ds,Ds,3,0,0.0
2026-08-26T09:35:32,Ds,Ds 3,49,14,0.2857
2026-08-26T09:35:32,Ds,Ds 3 Crossback,51,8,0.1569
2026-08-26T09:35:32,Ds,Ds 4,114,0,0.0
2026-08-26T09:35:32,Ds,Ds 7,50,0,0.0
2026-08-26T09:35:32,Ds,Ds 7 Crossback,58,0,0.0
2026-08-26T09:35:32,Ds,Ds 9,1,0,0.0
2026-08-26T09:35:32,Fiat,500,36,20,0.5556
2026-08-26T09:35:32,Fiat,500c,8,2,0.25
2026-08-26T09:35:32,Fiat,500l,2,0,0.0
2026-08-26T09:35:32,Fiat,500x,22,0,0.0
2026-08-26T09:35:32,Fiat,600,17,2,0.1176
2026-08-26T09:35:32,Fiat,Doblo,1,0,0.0
2026-08-26T09:35:32,Fiat,Doblo Cargo,2,0,0.0
2026-08-26T09:35:32,Fiat,Ducato,4,0,0.0
2026-08-26T09:35:32,Fiat,Fiorino,1,0,0.0
2026-08-26T09:35:32,Fiat,Grande Panda,4,2,0.5
2026-08-26T09:35:32,Fiat,Panda,6,0,0.0
2026-08-26T09:35:32,Fiat,Panda 4x4 Cross,1,0,0.0
2026-08-26T09:35:32,Fiat,Punto,1,0,0.0
2026-08-26T09:35:32,Fiat,Scudo,9,1,0.1111
2026-08-26T09:35:32,Fiat,Scudo Combi,1,0,0.0
2026-08-26T09:35:32,Fiat,Talento,1,0,0.0
2026-08-26T09:35:32,Fiat,Tipo,3,0,0.0
2026-08-26T09:35:32,Fiat,Tipo Cross,2,0,0.0
2026-08-26T09:35:32,Fiat,Tipo Sw,1,0,0.0
2026-08-26T09:35:32,Ford,B-Max,1,0,0.0
2026-08-26T09:35:32,Ford,Capri,10,10,1.0
2026-08-26T09:35:32,Ford,Ecosport,15,0,0.0
2026-08-26T09:35:32,Ford,Explorer,13,12,0.9231
2026-08-26T09:35:32,Ford,Fiesta,42,0,0.0
2026-08-26T09:35:32,Ford,Fiesta Active,2,0,0.0
2026-08-26T09:35:32,Ford,Focus,25,0,0.0
2026-08-26T09:35:32,Ford,Focus Active,3,0,0.0
2026-08-26T09:35:32,Ford,Focus Active Sw,1,0,0.0
2026-08-26T09:35:32,Ford,Focus Sw,2,0,0.0
2026-08-26T09:35:32,Ford,Galaxy,2,0,0.0
2026-08-26T09:35:32,Ford,Kuga,79,0,0.0
2026-08-26T09:35:32,Ford,Mondeo,1,0,0.0
2026-08-26T09:35:32,Ford,Mondeo Sw,2,0,0.0
2026-08-26T09:35:32,Ford,Mustang Mach-E,6,6,1.0
2026-08-26T09:35:32,Ford,Puma,146,20,0.137
2026-08-26T09:35:32,Ford,Ranger,9,0,0.0
2026-08-26T09:35:32,Ford,S-Max,3,0,0.0
2026-08-26T09:35:32,Ford,Tourneo Connect,1,0,0.0
2026-08-26T09:35:32,Ford,Tourneo Courier,4,1,0.25
2026-08-26T09:35:32,Ford,Tourneo Custom,5,0,0.0
2026-08-26T09:35:32,Ford,Transit 2t,11,1,0.0909
2026-08-26T09:35:32,Ford,Transit Connect,5,0,0.0
2026-08-26T09:35:32,Ford,Transit Courier,4,3,0.75
2026-08-26T09:35:32,Ford,Transit Custom,19,0,0.0
2026-08-26T09:35:32,Ford,Transit Custom Kombi,4,0,0.0
2026-08-26T09:35:32,Ford,Transit Custom Nugget,1,0,0.0
2026-08-26T09:35:32,Honda,Hr-V,2,0,0.0
2026-08-26T09:35:32,Honda,Jazz,1,0,0.0
2026-08-26T09:35:32,Honda,Ny1,1,1,1.0
2026-08-26T09:35:32,Hyundai,Bayon,3,0,0.0
2026-08-26T09:35:32,Hyundai,I10,5,0,0.0
2026-08-26T09:35:32,Hyundai,I20,25,0,0.0
2026-08-26T09:35:32,Hyundai,I30,4,0,0.0
2026-08-26T09:35:32,Hyundai,I30 Fastback,1,0,0.0
2026-08-26T09:35:32,Hyundai,I30 Sw,3,0,0.0
2026-08-26T09:35:32,Hyundai,Ioniq,3,2,0.6667
2026-08-26T09:35:32,Hyundai,Kona,25,0,0.0
2026-08-26T09:35:32,Hyundai,Santa Fe,3,0,0.0
2026-08-26T09:35:32,Hyundai,Tucson,45,0,0.0
2026-08-26T09:35:32,Isuzu,D-Max,1,0,0.0
2026-08-26T09:35:32,Iveco,Daily,2,0,0.0
2026-08-26T09:35:32,Jaguar,E-Pace,8,0,0.0
2026-08-26T09:35:32,Jaguar,F-Pace,6,0,0.0
2026-08-26T09:35:32,Jaguar,F-Type Coupe,1,0,0.0
2026-08-26T09:35:32,Jaguar,I-Pace,3,3,1.0
2026-08-26T09:35:32,Jeep,Avenger,4,1,0.25
2026-08-26T09:35:32,Jeep,Cherokee,1,0,0.0
2026-08-26T09:35:32,Jeep,Compass,3,0,0.0
2026-08-26T09:35:32,Jeep,Gladiator,1,0,0.0
2026-08-26T09:35:32,Jeep,Renegade,10,0,0.0
2026-08-26T09:35:32,Jeep,Wrangler Unlimited,1,0,0.0
2026-08-26T09:35:32,Kia,Ceed,6,0,0.0
2026-08-26T09:35:32,Kia,Ceed Sw,1,0,0.0
2026-08-26T09:35:32,Kia,E-Niro,1,1,1.0
2026-08-26T09:35:32,Kia,Ev2,3,3,1.0
2026-08-26T09:35:32,Kia,Ev3,1,1,1.0
2026-08-26T09:35:32,Kia,Ev4,3,3,1.0
2026-08-26T09:35:32,Kia,Ev5,1,1,1.0
2026-08-26T09:35:32,Kia,Niro,14,0,0.0
2026-08-26T09:35:32,Kia,Picanto,17,0,0.0
2026-08-26T09:35:32,Kia,Pro Ceed,4,0,0.0
2026-08-26T09:35:32,Kia,Pv5 Cargo,1,1,1.0
2026-08-26T09:35:32,Kia,Pv5 Passenger,1,1,1.0
2026-08-26T09:35:32,Kia,Rio,11,0,0.0
2026-08-26T09:35:32,Kia,Sorento,4,0,0.0
2026-08-26T09:35:32,Kia,Sportage,47,0,0.0
2026-08-26T09:35:32,Kia,Stonic,25,0,0.0
2026-08-26T09:35:32,Kia,Venga,1,0,0.0
2026-08-26T09:35:32,Kia,Xceed,8,0,0.0
2026-08-26T09:35:32,Land-Rover,Defender,12,0,0.0
2026-08-26T09:35:32,Land-Rover,Discovery Sport,12,0,0.0
2026-08-26T09:35:32,Land-Rover,Range Rover,7,0,0.0
2026-08-26T09:35:32,Land-Rover,Range Rover Evoque,30,0,0.0
2026-08-26T09:35:32,Land-Rover,Range Rover Evoque Cabriolet,1,0,0.0
2026-08-26T09:35:32,Land-Rover,Range Rover Sport,13,0,0.0
2026-08-26T09:35:32,Land-Rover,Range Rover Velar,11,0,0.0
2026-08-26T09:35:32,Seat,Arona,32,0,0.0
2026-08-26T09:35:32,Seat,Ateca,34,0,0.0
2026-08-26T09:35:32,Seat,Ibiza,27,0,0.0
2026-08-26T09:35:32,Seat,Leon,22,0,0.0
2026-08-26T09:35:32,Seat,Leon St,5,0,0.0
2026-08-26T09:35:32,Seat,Tarraco,2,0,0.0
2026-08-26T09:35:32,Skoda,Enyaq,1,1,1.0
2026-08-26T09:35:32,Skoda,Enyaq Coupé,1,1,1.0
2026-08-26T09:35:32,Skoda,Fabia,33,0,0.0
2026-08-26T09:35:32,Skoda,Fabia Combi,1,0,0.0
2026-08-26T09:35:32,Skoda,Kamiq,28,0,0.0
2026-08-26T09:35:32,Skoda,Karoq,20,0,0.0
2026-08-26T09:35:32,Skoda,Kodiaq,12,0,0.0
2026-08-26T09:35:32,Skoda,Octavia,5,0,0.0
2026-08-26T09:35:32,Skoda,Octavia Combi,9,0,0.0
2026-08-26T09:35:32,Skoda,Scala,8,0,0.0
2026-08-26T09:35:32,Skoda,Superb,2,0,0.0
2026-08-26T09:35:32,Skoda,Superb Combi,1,0,0.0
2026-08-26T09:35:32,Smart,1,1,1,1.0
2026-08-26T09:35:32,Smart,3,1,1,1.0
2026-08-26T09:35:32,Smart,5,2,2,1.0
2026-08-26T09:35:32,Smart,Forfour,1,0,0.0
2026-08-26T09:35:32,Smart,Fortwo Coupé,1,1,1.0
2026-08-26T09:35:32,Suzuki,E Vitara,2,2,1.0
2026-08-26T09:35:32,Suzuki,Ignis,2,0,0.0
2026-08-26T09:35:32,Suzuki,S-Cross,16,0,0.0
2026-08-26T09:35:32,Suzuki,Swift,28,0,0.0
2026-08-26T09:35:32,Suzuki,Vitara,25,1,0.04
2026-08-26T09:35:32,Tesla,Model 3,3,3,1.0
2026-08-26T09:35:32,Tesla,Model Y,1,1,1.0
2026-08-26T09:35:32,Toyota,Auris,1,0,0.0
2026-08-26T09:35:32,Toyota,Auris Touring Sports,1,0,0.0
2026-08-26T09:35:32,Toyota,Aygo,14,0,0.0
2026-08-26T09:35:32,Toyota,Aygo X,77,0,0.0
2026-08-26T09:35:32,Toyota,Bz4x Touring,2,2,1.0
2026-08-26T09:35:32,Toyota,C-Hr,75,0,0.0
2026-08-26T09:35:32,Toyota,C-Hr et plus,1,1,1.0
2026-08-26T09:35:32,Toyota,Corolla,16,0,0.0
2026-08-26T09:35:32,Toyota,Corolla Touring Sports,12,0,0.0
2026-08-26T09:35:32,Toyota,Hilux,2,0,0.0
2026-08-26T09:35:32,Toyota,Prius,1,0,0.0
2026-08-26T09:35:32,Toyota,Prius Hybride Rechargeable,2,0,0.0
2026-08-26T09:35:32,Toyota,Proace,4,2,0.5
2026-08-26T09:35:32,Toyota,Proace City,1,0,0.0
2026-08-26T09:35:32,Toyota,Proace City Verso,1,0,0.0
2026-08-26T09:35:32,Toyota,Proace Max,1,0,0.0
2026-08-26T09:35:32,Toyota,Rav4,19,0,0.0
2026-08-26T09:35:32,Toyota,Yaris,171,0,0.0
2026-08-26T09:35:32,Toyota,Yaris Cross,111,0,0.0
2026-08-26T09:35:32,Volkswagen,3,12,12,1.0
2026-08-26T09:35:32,Volkswagen,3 Neo,3,3,1.0
2026-08-26T09:35:32,Volkswagen,4,9,9,1.0
2026-08-26T09:35:32,Volkswagen,5,4,4,1.0
2026-08-26T09:35:32,Volkswagen,7,1,1,1.0
2026-08-26T09:35:32,Volkswagen,Arteon,2,0,0.0
2026-08-26T09:35:32,Volkswagen,Buzz,3,3,1.0
2026-08-26T09:35:32,Volkswagen,Caddy,1,0,0.0
2026-08-26T09:35:32,Volkswagen,Caddy Cargo,2,0,0.0
2026-08-26T09:35:32,Volkswagen,Caddy Maxi,1,0,0.0
2026-08-26T09:35:32,Volkswagen,Caddy Van,2,0,0.0
2026-08-26T09:35:32,Volkswagen,Caravelle,3,2,0.6667
2026-08-26T09:35:32,Volkswagen,Crafter,4,0,0.0
2026-08-26T09:35:32,Volkswagen,Golf,72,0,0.0
2026-08-26T09:35:32,Volkswagen,Golf Sportsvan,1,0,0.0
2026-08-26T09:35:32,Volkswagen,Golf Sw,2,0,0.0
2026-08-26T09:35:32,Volkswagen,Multivan,1,0,0.0
2026-08-26T09:35:32,Volkswagen,Passat Sw,8,0,0.0
2026-08-26T09:35:32,Volkswagen,Polo,107,0,0.0
2026-08-26T09:35:32,Volkswagen,T-Cross,55,0,0.0
2026-08-26T09:35:32,Volkswagen,T-Roc,129,0,0.0
2026-08-26T09:35:32,Volkswagen,T-Roc Cabriolet,6,0,0.0
2026-08-26T09:35:32,Volkswagen,Taigo,52,0,0.0
2026-08-26T09:35:32,Volkswagen,Tayron,1,0,0.0
2026-08-26T09:35:32,Volkswagen,Tiguan,85,0,0.0
2026-08-26T09:35:32,Volkswagen,Tiguan Allspace,2,0,0.0
2026-08-26T09:35:32,Volkswagen,Touran,6,0,0.0
2026-08-26T09:35:32,Volkswagen,Transporter,14,1,0.0714
2026-08-26T09:35:32,Volvo,C40,1,1,1.0
2026-08-26T09:35:32,Volvo,Ec40,7,7,1.0
2026-08-26T09:35:32,Volvo,Es90,3,3,1.0
2026-08-26T09:35:32,Volvo,Ex30,14,14,1.0
2026-08-26T09:35:32,Volvo,Ex30 Cross Country,5,5,1.0
2026-08-26T09:35:32,Volvo,Ex40,10,10,1.0
2026-08-26T09:35:32,Volvo,S60,1,1,1.0
2026-08-26T09:35:32,Volvo,S90,1,1,1.0
2026-08-26T09:35:32,Volvo,V60,18,18,1.0
2026-08-26T09:35:32,Volvo,Xc40,42,42,1.0
2026-08-26T09:35:32,Volvo,Xc60,42,42,1.0
2026-08-26T09:35:32,Volvo,Xc90,9,9,1.0
2026-08-27T19:24:49,Abarth,500,3,0,0.0
2026-08-27T19:24:49,Abarth,500c,1,1,1.0
2026-08-27T19:24:49,Abarth,600,1,1,1.0
2026-08-27T19:24:49,Alfa Romeo,Giulia,3,0,0.0
2026-08-27T19:24:49,Alfa Romeo,Giulietta,2,0,0.0
2026-08-27T19:24:49,Alfa Romeo,Junior,1,0,0.0
2026-08-27T19:24:49,Alfa Romeo,Stelvio,8,0,0.0
2026-08-27T19:24:49,Alfa Romeo,Tonale,8,0,0.0
2026-08-27T19:24:49,Alpine,A110,26,0,0.0
2026-08-27T19:24:49,Alpine,A290,14,14,1.0
2026-08-27T19:24:49,Alpine,A390,6,6,1.0
2026-08-27T19:24:49,Aston Martin,V8 Vantage,1,0,0.0
2026-08-27T19:24:49,Audi,A1 Allstreet,4,0,0.0
2026-08-27T19:24:49,Audi,A1 Citycarver,1,0,0.0
2026-08-27T19:24:49,Audi,A1 Sportback,69,0,0.0
2026-08-27T19:24:49,Audi,A3,1,0,0.0
2026-08-27T19:24:49,Audi,A3 Allstreet,3,0,0.0
2026-08-27T19:24:49,Audi,A3 Sportback,41,0,0.0
2026-08-27T19:24:49,Audi,A4,2,0,0.0
2026-08-27T19:24:49,Audi,A4 Allroad,2,0,0.0
2026-08-27T19:24:49,Audi,A4 Avant,4,0,0.0
2026-08-27T19:24:49,Audi,A5,3,0,0.0
2026-08-27T19:24:49,Audi,A5 Avant,7,0,0.0
2026-08-27T19:24:49,Audi,A5 Sportback,2,0,0.0
2026-08-27T19:24:49,Audi,A6,2,0,0.0
2026-08-27T19:24:49,Audi,A6 Allroad,3,0,0.0
2026-08-27T19:24:49,Audi,A6 Avant,7,0,0.0
2026-08-27T19:24:49,Audi,A6 Avant E-Tron,1,1,1.0
2026-08-27T19:24:49,Audi,A6 Sportback E-Tron,1,1,1.0
2026-08-27T19:24:49,Audi,A8,1,0,0.0
2026-08-27T19:24:49,Audi,E-Tron Gt,1,1,1.0
2026-08-27T19:24:49,Audi,E-Tron S Sportback,2,2,1.0
2026-08-27T19:24:49,Audi,Q2,51,0,0.0
2026-08-27T19:24:49,Audi,Q3,36,0,0.0
2026-08-27T19:24:49,Audi,Q3 Sportback,24,0,0.0
2026-08-27T19:24:49,Audi,Q4 E-Tron,3,3,1.0
2026-08-27T19:24:49,Audi,Q4 Sportback E-Tron,4,4,1.0
2026-08-27T19:24:49,Audi,Q5,20,0,0.0
2026-08-27T19:24:49,Audi,Q5 Sportback,10,0,0.0
2026-08-27T19:24:49,Audi,Q6 E-Tron,7,7,1.0
2026-08-27T19:24:49,Audi,Q6 Sportback E-Tron,6,6,1.0
2026-08-27T19:24:49,Audi,Q8,1,0,0.0
2026-08-27T19:24:49,Audi,Q8 E-Tron,2,2,1.0
2026-08-27T19:24:49,Audi,Q8 E-Tron Sportback,1,1,1.0
2026-08-27T19:24:49,Audi,R8 Spyder,1,0,0.0
2026-08-27T19:24:49,Audi,Rs Q3 Sportback,1,0,0.0
2026-08-27T19:24:49,Audi,Rs3 Sportback,1,0,0.0
2026-08-27T19:24:49,Audi,Rs4 Avant,1,0,0.0
2026-08-27T19:24:49,Audi,Rs5,1,0,0.0
2026-08-27T19:24:49,Audi,Rs6 Avant,3,0,0.0
2026-08-27T19:24:49,Audi,S3,2,0,0.0
2026-08-27T19:24:49,Audi,S3 Sportback,2,0,0.0
2026-08-27T19:24:49,Audi,S4 Avant,1,0,0.0
2026-08-27T19:24:49,Audi,S6 Avant E-Tron,2,2,1.0
2026-08-27T19:24:49,Audi,Tt,2,0,0.0
2026-08-27T19:24:49,Audi,Tt Roadster,1,0,0.0
2026-08-27T19:24:49,Bmw,I3,1,1,1.0
2026-08-27T19:24:49,Bmw,I4,32,32,1.0
2026-08-27T19:24:49,Bmw,I8,1,0,0.0
2026-08-27T19:24:49,Bmw,Ix,4,4,1.0
2026-08-27T19:24:49,Bmw,Ix3,6,6,1.0
2026-08-27T19:24:49,Bmw,M2 Coupé,2,0,0.0
2026-08-27T19:24:49,Bmw,M4 Coupé,3,0,0.0
2026-08-27T19:24:49,Bmw,M5,1,0,0.0
2026-08-27T19:24:49,Bmw,M5 Touring,1,0,0.0
2026-08-27T19:24:49,Bmw,Série 1,138,0,0.0
2026-08-27T19:24:49,Bmw,Série 2 Active Tourer,79,0,0.0
2026-08-27T19:24:49,Bmw,Série 2 Coupé,3,0,0.0
2026-08-27T19:24:49,Bmw,Série 2 Gran Coupé,19,0,0.0
2026-08-27T19:24:49,Bmw,Série 2 Gran Tourer,5,0,0.0
2026-08-27T19:24:49,Bmw,Série 3,12,0,0.0
2026-08-27T19:24:49,Bmw,Série 3 Gran Turismo,4,0,0.0
2026-08-27T19:24:49,Bmw,Série 3 Touring,38,0,0.0
2026-08-27T19:24:49,Bmw,Série 4 Cabriolet,6,0,0.0
2026-08-27T19:24:49,Bmw,Série 4 Coupé,15,0,0.0
2026-08-27T19:24:49,Bmw,Série 4 Gran Coupé,22,0,0.0
2026-08-27T19:24:49,Bmw,Série 5,24,6,0.25
2026-08-27T19:24:49,Bmw,Série 5 Touring,14,2,0.1429
2026-08-27T19:24:49,Bmw,Série 6 Gran Turismo,1,0,0.0
2026-08-27T19:24:49,Bmw,Série 7,1,0,0.0
2026-08-27T19:24:49,Bmw,Série 8 Gran Coupé,2,0,0.0
2026-08-27T19:24:49,Bmw,X1,138,27,0.1957
2026-08-27T19:24:49,Bmw,X2,78,8,0.1026
2026-08-27T19:24:49,Bmw,X3,77,0,0.0
2026-08-27T19:24:49,Bmw,X4,7,0,0.0
2026-08-27T19:24:49,Bmw,X4 M,1,0,0.0
2026-08-27T19:24:49,Bmw,X5,34,0,0.0
2026-08-27T19:24:49,Bmw,X6,2,0,0.0
2026-08-27T19:24:49,Bmw,Xm,4,0,0.0
2026-08-27T19:24:49,Bmw,Z4 Roadster,5,0,0.0
2026-08-27T19:24:49,Byd,Atto 2,1,1,1.0
2026-08-27T19:24:49,Byd,Dolphin,1,1,1.0
2026-08-27T19:24:49,Byd,Seal 6 Dm-I,1,0,0.0
2026-08-27T19:24:49,Byd,Tang,2,2,1.0
2026-08-27T19:24:49,Citroen,Ami,10,10,1.0
2026-08-27T19:24:49,Citroen,Berlingo,13,2,0.1538
2026-08-27T19:24:49,Citroen,Berlingo Van,40,0,0.0
2026-08-27T19:24:49,Citroen,C1,11,0,0.0
2026-08-27T19:24:49,Citroen,C3,747,8,0.0107
2026-08-27T19:24:49,Citroen,C3 Aircross,149,7,0.047
2026-08-27T19:24:49,Citroen,C4,141,25,0.1773
2026-08-27T19:24:49,Citroen,C4 Cactus,18,0,0.0
2026-08-27T19:24:49,Citroen,C4 Picasso,5,0,0.0
2026-08-27T19:24:49,Citroen,C4 Spacetourer,3,0,0.0
2026-08-27T19:24:49,Citroen,C4 X,9,4,0.4444
2026-08-27T19:24:49,Citroen,C5 Aircross,205,6,0.0293
2026-08-27T19:24:49,Citroen,C5 X,13,0,0.0
2026-08-27T19:24:49,Citroen,Grand C4 Spacetourer,7,0,0.0
2026-08-27T19:24:49,Citroen,Holidays,1,0,0.0
2026-08-27T19:24:49,Citroen,Jumper,15,0,0.0
2026-08-27T19:24:49,Citroen,Jumpy,32,1,0.0312
2026-08-27T19:24:49,Citroen,Spacetourer,13,0,0.0
2026-08-27T19:24:49,Cupra,Born,3,3,1.0
2026-08-27T19:24:49,Cupra,Formentor,22,0,0.0
2026-08-27T19:24:49,Cupra,Leon,7,0,0.0
2026-08-27T19:24:49,Cupra,Leon St,3,0,0.0
2026-08-27T19:24:49,Cupra,Raval,1,1,1.0
2026-08-27T19:24:49,Cupra,Terramar,3,0,0.0
2026-08-27T19:24:49,Dacia,Bigster,48,0,0.0
2026-08-27T19:24:49,Dacia,Duster,417,1,0.0024
2026-08-27T19:24:49,Dacia,Jogger,160,0,0.0
2026-08-27T19:24:49,Dacia,Lodgy,9,0,0.0
2026-08-27T19:24:49,Dacia,Logan,4,0,0.0
2026-08-27T19:24:49,Dacia,Logan Mcv,2,0,0.0
2026-08-27T19:24:49,Dacia,Sandero,720,0,0.0
2026-08-27T19:24:49,Dacia,Spring,226,226,1.0
2026-08-27T19:24:49,Ds,4,13,6,0.4615
2026-08-27T19:24:49,Ds,8,8,8,1.0
2026-08-27T19:24:49,Ds,Ds,3,0,0.0
2026-08-27T19:24:49,Ds,Ds 3,56,15,0.2679
2026-08-27T19:24:49,Ds,Ds 3 Crossback,50,8,0.16
2026-08-27T19:24:49,Ds,Ds 4,113,0,0.0
2026-08-27T19:24:49,Ds,Ds 7,52,0,0.0
2026-08-27T19:24:49,Ds,Ds 7 Crossback,61,0,0.0
2026-08-27T19:24:49,Ds,Ds 9,1,0,0.0
2026-08-27T19:24:49,Fiat,500,40,20,0.5
2026-08-27T19:24:49,Fiat,500c,8,2,0.25
2026-08-27T19:24:49,Fiat,500l,2,0,0.0
2026-08-27T19:24:49,Fiat,500x,22,0,0.0
2026-08-27T19:24:49,Fiat,600,18,2,0.1111
2026-08-27T19:24:49,Fiat,Doblo,1,0,0.0
2026-08-27T19:24:49,Fiat,Doblo Cargo,2,0,0.0
2026-08-27T19:24:49,Fiat,Ducato,4,0,0.0
2026-08-27T19:24:49,Fiat,Fiorino,1,0,0.0
2026-08-27T19:24:49,Fiat,Grande Panda,4,2,0.5
2026-08-27T19:24:49,Fiat,Panda,7,0,0.0
2026-08-27T19:24:49,Fiat,Panda 4x4 Cross,1,0,0.0
2026-08-27T19:24:49,Fiat,Punto,1,0,0.0
2026-08-27T19:24:49,Fiat,Scudo,6,0,0.0
2026-08-27T19:24:49,Fiat,Scudo Combi,3,0,0.0
2026-08-27T19:24:49,Fiat,Talento,1,0,0.0
2026-08-27T19:24:49,Fiat,Tipo,3,0,0.0
2026-08-27T19:24:49,Fiat,Tipo Cross,2,0,0.0
2026-08-27T19:24:49,Fiat,Tipo Sw,1,0,0.0
2026-08-27T19:24:49,Ford,B-Max,1,0,0.0
2026-08-27T19:24:49,Ford,Capri,10,10,1.0
2026-08-27T19:24:49,Ford,Ecosport,17,0,0.0
2026-08-27T19:24:49,Ford,Explorer,14,13,0.9286
2026-08-27T19:24:49,Ford,Fiesta,45,0,0.0
2026-08-27T19:24:49,Ford,Fiesta Active,1,0,0.0
2026-08-27T19:24:49,Ford,Focus,25,0,0.0
2026-08-27T19:24:49,Ford,Focus Active,3,0,0.0
2026-08-27T19:24:49,Ford,Focus Active Sw,1,0,0.0
2026-08-27T19:24:49,Ford,Focus Sw,2,0,0.0
2026-08-27T19:24:49,Ford,Galaxy,2,0,0.0
2026-08-27T19:24:49,Ford,Kuga,81,0,0.0
2026-08-27T19:24:49,Ford,Mondeo,1,0,0.0
2026-08-27T19:24:49,Ford,Mondeo Sw,2,0,0.0
2026-08-27T19:24:49,Ford,Mustang Mach-E,6,6,1.0
2026-08-27T19:24:49,Ford,Puma,148,20,0.1351
2026-08-27T19:24:49,Ford,Ranger,9,0,0.0
2026-08-27T19:24:49,Ford,S-Max,3,0,0.0
2026-08-27T19:24:49,Ford,Tourneo Connect,1,0,0.0
2026-08-27T19:24:49,Ford,Tourneo Courier,3,1,0.3333
2026-08-27T19:24:49,Ford,Tourneo Custom,5,0,0.0
2026-08-27T19:24:49,Ford,Transit 2t,11,1,0.0909
2026-08-27T19:24:49,Ford,Transit Connect,6,0,0.0
2026-08-27T19:24:49,Ford,Transit Courier,4,3,0.75
2026-08-27T19:24:49,Ford,Transit Custom,21,0,0.0
2026-08-27T19:24:49,Ford,Transit Custom Kombi,4,0,0.0
2026-08-27T19:24:49,Ford,Transit Custom Nugget,1,0,0.0
2026-08-27T19:24:49,Fuso,Canter,1,0,0.0
2026-08-27T19:24:49,Honda,Hr-V,2,0,0.0
2026-08-27T19:24:49,Honda,Jazz,1,0,0.0
2026-08-27T19:24:49,Honda,Ny1,1,1,1.0
2026-08-27T19:24:49,Hyundai,Bayon,3,0,0.0
2026-08-27T19:24:49,Hyundai,I10,5,0,0.0
2026-08-27T19:24:49,Hyundai,I20,28,0,0.0
2026-08-27T19:24:49,Hyundai,I30,4,0,0.0
2026-08-27T19:24:49,Hyundai,I30 Fastback,1,0,0.0
2026-08-27T19:24:49,Hyundai,I30 Sw,3,0,0.0
2026-08-27T19:24:49,Hyundai,Ioniq,3,2,0.6667
2026-08-27T19:24:49,Hyundai,Kona,26,0,0.0
2026-08-27T19:24:49,Hyundai,Santa Fe,4,0,0.0
2026-08-27T19:24:49,Hyundai,Tucson,48,0,0.0
2026-08-27T19:24:49,Isuzu,D-Max,1,0,0.0
2026-08-27T19:24:49,Iveco,Daily,2,0,0.0
2026-08-27T19:24:49,Jaguar,E-Pace,9,0,0.0
2026-08-27T19:24:49,Jaguar,F-Pace,6,0,0.0
2026-08-27T19:24:49,Jaguar,F-Type Coupe,1,0,0.0
2026-08-27T19:24:49,Jaguar,I-Pace,3,3,1.0
2026-08-27T19:24:49,Jeep,Avenger,4,1,0.25
2026-08-27T19:24:49,Jeep,Cherokee,1,0,0.0
2026-08-27T19:24:49,Jeep,Compass,4,0,0.0
2026-08-27T19:24:49,Jeep,Gladiator,1,0,0.0
2026-08-27T19:24:49,Jeep,Renegade,10,0,0.0
2026-08-27T19:24:49,Kia,Ceed,7,0,0.0
2026-08-27T19:24:49,Kia,Ceed Sw,1,0,0.0
2026-08-27T19:24:49,Kia,E-Niro,1,1,1.0
2026-08-27T19:24:49,Kia,Ev2,3,3,1.0
2026-08-27T19:24:49,Kia,Ev3,1,1,1.0
2026-08-27T19:24:49,Kia,Ev4,3,3,1.0
2026-08-27T19:24:49,Kia,Ev5,1,1,1.0
2026-08-27T19:24:49,Kia,Niro,14,0,0.0
2026-08-27T19:24:49,Kia,Picanto,18,0,0.0
2026-08-27T19:24:49,Kia,Pro Ceed,4,0,0.0
2026-08-27T19:24:49,Kia,Pv5 Cargo,1,1,1.0
2026-08-27T19:24:49,Kia,Pv5 Passenger,1,1,1.0
2026-08-27T19:24:49,Kia,Rio,12,0,0.0
2026-08-27T19:24:49,Kia,Sorento,4,0,0.0
2026-08-27T19:24:49,Kia,Sportage,46,0,0.0
2026-08-27T19:24:49,Kia,Stonic,27,0,0.0
2026-08-27T19:24:49,Kia,Venga,1,0,0.0
2026-08-27T19:24:49,Kia,Xceed,8,0,0.0
2026-08-27T19:24:49,Land-Rover,Defender,12,0,0.0
2026-08-27T19:24:49,Land-Rover,Discovery Sport,12,0,0.0
2026-08-27T19:24:49,Land-Rover,Range Rover,7,0,0.0
2026-08-27T19:24:49,Land-Rover,Range Rover Evoque,29,0,0.0
2026-08-27T19:24:49,Land-Rover,Range Rover Evoque Cabriolet,1,0,0.0
2026-08-27T19:24:49,Land-Rover,Range Rover Sport,11,0,0.0
2026-08-27T19:24:49,Land-Rover,Range Rover Velar,11,0,0.0
2026-08-27T19:24:49,Leapmotor,B10,3,0,0.0
2026-08-27T19:24:49,Leapmotor,C10,4,1,0.25
2026-08-27T19:24:49,Leapmotor,T03,2,2,1.0
2026-08-27T19:24:49,Lexus,Ct,3,0,0.0
2026-08-27T19:24:49,Lexus,Lbx,29,0,0.0
2026-08-27T19:24:49,Lexus,Nx,38,0,0.0
2026-08-27T19:24:49,Lexus,Rx,3,0,0.0
2026-08-27T19:24:49,Lexus,Rz,4,4,1.0
2026-08-27T19:24:49,Lexus,Ux,14,1,0.0714
2026-08-27T19:24:49,Man,Tge Fg,1,0,0.0
2026-08-27T19:24:49,Maserati,Ghibli,1,0,0.0
2026-08-27T19:24:49,Maserati,Granturismo,1,0,0.0
2026-08-27T19:24:49,Maserati,Grecale,4,3,0.75
2026-08-27T19:24:49,Maserati,Mc20 Cielo,1,0,0.0
2026-08-27T19:24:49,Mazda,Cx-3,2,0,0.0
2026-08-27T19:24:49,Mazda,Cx-30,10,0,0.0
2026-08-27T19:24:49,Mazda,Cx-5,4,0,0.0
2026-08-27T19:24:49,Mazda,Cx-60,2,0,0.0
2026-08-27T19:24:49,Mazda,Mazda2,3,0,0.0
2026-08-27T19:24:49,Mazda,Mazda3,6,0,0.0
2026-08-27T19:24:49,Mazda,Mazda6,1,0,0.0
2026-08-27T19:24:49,Mazda,Mx-5,2,0,0.0
2026-08-27T19:24:49,Mercedes,Amg Gt Roadster,1,0,0.0
2026-08-27T19:24:49,Mercedes,Citan,14,3,0.2143
2026-08-27T19:24:49,Mercedes,Cla,70,21,0.3
2026-08-27T19:24:49,Mercedes,Cla Shooting Brake,45,12,0.2667
2026-08-27T19:24:49,Mercedes,Classe A,155,0,0.0
2026-08-27T19:24:49,Mercedes,Classe A Berline,5,0,0.0
2026-08-27T19:24:49,Mercedes,Classe B,60,0,0.0
2026-08-27T19:24:49,Mercedes,Classe C,39,0,0.0
2026-08-27T19:24:49,Mercedes,Classe C Break,24,0,0.0
2026-08-27T19:24:49,Mercedes,Classe C Cabriolet,1,0,0.0
2026-08-27T19:24:49,Mercedes,Classe C Coupé,2,0,0.0
2026-08-27T19:24:49,Mercedes,Classe E,10,0,0.0
2026-08-27T19:24:49,Mercedes,Classe E All-Terrain,2,0,0.0
2026-08-27T19:24:49,Mercedes,Classe E Break,6,0,0.0
2026-08-27T19:24:49,Mercedes,Classe E Coupé,4,0,0.0
2026-08-27T19:24:49,Mercedes,Classe G,2,0,0.0
2026-08-27T19:24:49,Mercedes,Classe S,5,0,0.0
2026-08-27T19:24:49,Mercedes,Classe S Coupé,1,0,0.0
2026-08-27T19:24:49,Mercedes,Classe Sl,2,0,0.0
2026-08-27T19:24:49,Mercedes,Classe T,1,0,0.0
2026-08-27T19:24:49,Mercedes,Classe V,3,0,0.0
2026-08-27T19:24:49,Mercedes,Cle Cabriolet,1,0,0.0
2026-08-27T19:24:49,Mercedes,Cle Coupé,3,0,0.0
2026-08-27T19:24:49,Mercedes,Eqa,14,14,1.0
2026-08-27T19:24:49,Mercedes,Eqb,6,6,1.0
2026-08-27T19:24:49,Mercedes,Eqc,2,2,1.0
2026-08-27T19:24:49,Mercedes,Eqe,9,9,1.0
2026-08-27T19:24:49,Mercedes,Eqe Suv,2,2,1.0
2026-08-27T19:24:49,Mercedes,Eqs,5,5,1.0
2026-08-27T19:24:49,Mercedes,Eqt,1,1,1.0
2026-08-27T19:24:49,Mercedes,Gla,128,0,0.0
2026-08-27T19:24:49,Mercedes,Glb,44,18,0.4091
2026-08-27T19:24:49,Mercedes,Glc,77,14,0.1818
2026-08-27T19:24:49,Mercedes,Glc Coupé,15,0,0.0
2026-08-27T19:24:49,Mercedes,Gle,18,0,0.0
2026-08-27T19:24:49,Mercedes,Gle Coupé,11,0,0.0
2026-08-27T19:24:49,Mercedes,Gls,1,0,0.0
2026-08-27T19:24:49,Mercedes,Sprinter,28,6,0.2143
2026-08-27T19:24:49,Mercedes,Vito,32,2,0.0625
2026-08-27T19:24:49,Mercedes,Vito Tourer,1,0,0.0
2026-08-27T19:24:49,Mg,Cyberster,3,3,1.0
2026-08-27T19:24:49,Mg,Ehs,11,0,0.0
2026-08-27T19:24:49,Mg,Marvel R,5,5,1.0
2026-08-27T19:24:49,Mg,Mg3,18,0,0.0
2026-08-27T19:24:49,Mg,Mg4,3,3,1.0
2026-08-27T19:24:49,Mg,Mg5,3,3,1.0
2026-08-27T19:24:49,Mg,Zs,22,4,0.1818
2026-08-27T19:24:49,Mini,Aceman,3,3,1.0
2026-08-27T19:24:49,Mini,Cabrio,15,0,0.0
2026-08-27T19:24:49,Mini,Clubman,28,0,0.0
2026-08-27T19:24:49,Mini,Cooper 3 Portes,5,2,0.4
2026-08-27T19:24:49,Mini,Cooper 5 Portes,2,0,0.0
2026-08-27T19:24:49,Mini,Countryman,80,5,0.0625
2026-08-27T19:24:49,Mini,Mini,141,40,0.2837
2026-08-27T19:24:49,Mitsubishi,Asx,12,0,0.0
2026-08-27T19:24:49,Mitsubishi,Colt,14,0,0.0
2026-08-27T19:24:49,Mitsubishi,Eclipse Cross,78,0,0.0
2026-08-27T19:24:49,Mitsubishi,L200,1,0,0.0
2026-08-27T19:24:49,Mitsubishi,Outlander,22,0,0.0
2026-08-27T19:24:49,Mitsubishi,Space Star,8,1,0.125
2026-08-27T19:24:49,Mobilize,Duo,1,1,1.0
2026-08-27T19:24:49,Nissan,Ariya,3,3,1.0
2026-08-27T19:24:49,Nissan,Interstar,1,0,0.0
2026-08-27T19:24:49,Nissan,Juke,238,0,0.0
2026-08-27T19:24:49,Nissan,Leaf,14,13,0.9286
2026-08-27T19:24:49,Nissan,Micra,54,9,0.1667
2026-08-27T19:24:49,Nissan,Navara,1,0,0.0
2026-08-27T19:24:49,Nissan,Np300 Navara,1,0,0.0
2026-08-27T19:24:49,Nissan,Nv300,1,0,0.0
2026-08-27T19:24:49,Nissan,Nv400,1,0,0.0
2026-08-27T19:24:49,Nissan,Primastar,4,0,0.0
2026-08-27T19:24:49,Nissan,Primastar Combi,1,0,0.0
2026-08-27T19:24:49,Nissan,Qashqai,260,0,0.0
2026-08-27T19:24:49,Nissan,Townstar,4,3,0.75
2026-08-27T19:24:49,Nissan,X-Trail,31,0,0.0
2026-08-27T19:24:49,Opel,Astra,15,0,0.0
2026-08-27T19:24:49,Opel,Astra Sports Tourer,4,0,0.0
2026-08-27T19:24:49,Opel,Combo Cargo,2,0,0.0
2026-08-27T19:24:49,Opel,Combo Life,2,0,0.0
2026-08-27T19:24:49,Opel,Corsa,75,11,0.1467
2026-08-27T19:24:49,Opel,Crossland X,26,0,0.0
2026-08-27T19:24:49,Opel,Frontera,2,1,0.5
2026-08-27T19:24:49,Opel,Grandland,17,1,0.0588
2026-08-27T19:24:49,Opel,Grandland X,14,0,0.0
2026-08-27T19:24:49,Opel,Insignia Grand Sport,3,0,0.0
2026-08-27T19:24:49,Opel,Insignia Sports Tourer,2,0,0.0
2026-08-27T19:24:49,Opel,Mokka,51,11,0.2157
2026-08-27T19:24:49,Opel,Mokka X,4,0,0.0
2026-08-27T19:24:49,Opel,Movano,2,0,0.0
2026-08-27T19:24:49,Opel,Vivaro,6,0,0.0
2026-08-27T19:24:49,Opel,Zafira,1,0,0.0
2026-08-27T19:24:49,Peugeot,108,8,0,0.0
2026-08-27T19:24:49,Peugeot,2008,711,73,0.1027
2026-08-27T19:24:49,Peugeot,208,1018,143,0.1405
2026-08-27T19:24:49,Peugeot,3008,472,42,0.089
2026-08-27T19:24:49,Peugeot,308,305,23,0.0754
2026-08-27T19:24:49,Peugeot,308 Sw,109,4,0.0367
2026-08-27T19:24:49,Peugeot,408,59,6,0.1017
2026-08-27T19:24:49,Peugeot,5008,138,4,0.029
2026-08-27T19:24:49,Peugeot,508,26,0,0.0
2026-08-27T19:24:49,Peugeot,508 Sw,24,0,0.0
2026-08-27T19:24:49,Peugeot,Boxer,31,0,0.0
2026-08-27T19:24:49,Peugeot,E-208,1,1,1.0
2026-08-27T19:24:49,Peugeot,Expert,51,4,0.0784
2026-08-27T19:24:49,Peugeot,Ion,1,1,1.0
2026-08-27T19:24:49,Peugeot,Partner,129,6,0.0465
2026-08-27T19:24:49,Peugeot,Rifter,27,1,0.037
2026-08-27T19:24:49,Peugeot,Traveller,1,0,0.0
2026-08-27T19:24:49,Porsche,718 Cayman,1,0,0.0
2026-08-27T19:24:49,Porsche,911 Cabriolet,6,0,0.0
2026-08-27T19:24:49,Porsche,911 Coupé,5,0,0.0
2026-08-27T19:24:49,Porsche,911 Speedster,1,0,0.0
2026-08-27T19:24:49,Porsche,Cayenne,5,0,0.0
2026-08-27T19:24:49,Porsche,Cayenne Coupé,5,0,0.0
2026-08-27T19:24:49,Porsche,Cayman,1,0,0.0
2026-08-27T19:24:49,Porsche,Macan,5,3,0.6
2026-08-27T19:24:49,Porsche,Panamera,3,0,0.0
2026-08-27T19:24:49,Porsche,Panamera Sport Turismo,3,0,0.0
2026-08-27T19:24:49,Porsche,Taycan,10,10,1.0
2026-08-27T19:24:49,Renault,4,10,10,1.0
2026-08-27T19:24:49,Renault,5,35,35,1.0
2026-08-27T19:24:49,Renault,Arkana,398,0,0.0
2026-08-27T19:24:49,Renault,Austral,313,0,0.0
2026-08-27T19:24:49,Renault,Captur,860,0,0.0
2026-08-27T19:24:49,Renault,Clio,1393,0,0.0
2026-08-27T19:24:49,Renault,Espace,94,0,0.0
2026-08-27T19:24:49,Renault,Express,21,0,0.0
2026-08-27T19:24:49,Renault,Grand Scénic,23,0,0.0
2026-08-27T19:24:49,Renault,Kadjar,74,0,0.0
2026-08-27T19:24:49,Renault,Kangoo,34,0,0.0
2026-08-27T19:24:49,Renault,Kangoo Express,14,1,0.0714
2026-08-27T19:24:49,Renault,Kangoo Van,34,8,0.2353
2026-08-27T19:24:49,Renault,Koleos,13,0,0.0
2026-08-27T19:24:49,Renault,Master,315,12,0.0381
2026-08-27T19:24:49,Renault,Mégane,446,343,0.7691
2026-08-27T19:24:49,Renault,Mégane Estate,24,0,0.0
2026-08-27T19:24:49,Renault,Rafale,53,0,0.0
2026-08-27T19:24:49,Renault,Scénic,65,34,0.5231
2026-08-27T19:24:49,Renault,Symbioz,165,0,0.0
2026-08-27T19:24:49,Renault,Talisman,9,0,0.0
2026-08-27T19:24:49,Renault,Talisman Estate,5,0,0.0
2026-08-27T19:24:49,Renault,Trafic,127,0,0.0
2026-08-27T19:24:49,Renault,Trafic Combi,23,0,0.0
2026-08-27T19:24:49,Renault,Twingo,197,113,0.5736
2026-08-27T19:24:49,Renault,Twizy,3,3,1.0
2026-08-27T19:24:49,Renault,Zoé,61,61,1.0
2026-08-27T19:24:49,Seat,Arona,34,0,0.0
2026-08-27T19:24:49,Seat,Ateca,34,0,0.0
2026-08-27T19:24:49,Seat,Ibiza,28,0,0.0
2026-08-27T19:24:49,Seat,Leon,22,0,0.0
2026-08-27T19:24:49,Seat,Leon St,5,0,0.0
2026-08-27T19:24:49,Seat,Tarraco,2,0,0.0
2026-08-27T19:24:49,Skoda,Enyaq,1,1,1.0
2026-08-27T19:24:49,Skoda,Enyaq Coupé,1,1,1.0
2026-08-27T19:24:49,Skoda,Fabia,34,0,0.0
2026-08-27T19:24:49,Skoda,Fabia Combi,1,0,0.0
2026-08-27T19:24:49,Skoda,Kamiq,29,0,0.0
2026-08-27T19:24:49,Skoda,Karoq,20,0,0.0
2026-08-27T19:24:49,Skoda,Kodiaq,12,0,0.0
2026-08-27T19:24:49,Skoda,Octavia,5,0,0.0
2026-08-27T19:24:49,Skoda,Octavia Combi,9,0,0.0
2026-08-27T19:24:49,Skoda,Scala,8,0,0.0
2026-08-27T19:24:49,Skoda,Superb,2,0,0.0
2026-08-27T19:24:49,Skoda,Superb Combi,1,0,0.0
2026-08-27T19:24:49,Smart,1,1,1,1.0
2026-08-27T19:24:49,Smart,3,1,1,1.0
2026-08-27T19:24:49,Smart,5,2,2,1.0
2026-08-27T19:24:49,Smart,Forfour,1,0,0.0
2026-08-27T19:24:49,Suzuki,E Vitara,2,2,1.0
2026-08-27T19:24:49,Suzuki,Ignis,2,0,0.0
2026-08-27T19:24:49,Suzuki,S-Cross,16,0,0.0
2026-08-27T19:24:49,Suzuki,Swift,29,0,0.0
2026-08-27T19:24:49,Suzuki,Vitara,24,1,0.0417
2026-08-27T19:24:49,Tesla,Model 3,3,3,1.0
2026-08-27T19:24:49,Tesla,Model Y,1,1,1.0
2026-08-27T19:24:49,Toyota,Auris,1,0,0.0
2026-08-27T19:24:49,Toyota,Auris Touring Sports,1,0,0.0
2026-08-27T19:24:49,Toyota,Aygo,15,0,0.0
2026-08-27T19:24:49,Toyota,Aygo X,77,0,0.0
2026-08-27T19:24:49,Toyota,Bz4x Touring,2,2,1.0
2026-08-27T19:24:49,Toyota,C-Hr,75,0,0.0
2026-08-27T19:24:49,Toyota,C-Hr et plus,1,1,1.0
2026-08-27T19:24:49,Toyota,Corolla,18,0,0.0
2026-08-27T19:24:49,Toyota,Corolla Touring Sports,9,0,0.0
2026-08-27T19:24:49,Toyota,Hilux,2,0,0.0
2026-08-27T19:24:49,Toyota,Prius,2,0,0.0
2026-08-27T19:24:49,Toyota,Prius Hybride Rechargeable,1,0,0.0
2026-08-27T19:24:49,Toyota,Proace,5,2,0.4
2026-08-27T19:24:49,Toyota,Proace City,1,0,0.0
2026-08-27T19:24:49,Toyota,Proace City Verso,1,0,0.0
2026-08-27T19:24:49,Toyota,Proace Max,1,0,0.0
2026-08-27T19:24:49,Toyota,Rav4,21,0,0.0
2026-08-27T19:24:49,Toyota,Yaris,172,0,0.0
2026-08-27T19:24:49,Toyota,Yaris Cross,107,0,0.0
2026-08-27T19:24:49,Volkswagen,3,12,12,1.0
2026-08-27T19:24:49,Volkswagen,3 Neo,3,3,1.0
2026-08-27T19:24:49,Volkswagen,4,8,8,1.0
2026-08-27T19:24:49,Volkswagen,5,4,4,1.0
2026-08-27T19:24:49,Volkswagen,7,1,1,1.0
2026-08-27T19:24:49,Volkswagen,Arteon,2,0,0.0
2026-08-27T19:24:49,Volkswagen,Buzz,3,3,1.0
2026-08-27T19:24:49,Volkswagen,Caddy,1,0,0.0
2026-08-27T19:24:49,Volkswagen,Caddy Cargo,2,0,0.0
2026-08-27T19:24:49,Volkswagen,Caddy Maxi,1,0,0.0
2026-08-27T19:24:49,Volkswagen,Caddy Van,2,0,0.0
2026-08-27T19:24:49,Volkswagen,Caravelle,3,2,0.6667
2026-08-27T19:24:49,Volkswagen,Crafter,4,0,0.0
2026-08-27T19:24:49,Volkswagen,Golf,75,0,0.0
2026-08-27T19:24:49,Volkswagen,Golf Sportsvan,1,0,0.0
2026-08-27T19:24:49,Volkswagen,Golf Sw,2,0,0.0
2026-08-27T19:24:49,Volkswagen,Multivan,1,0,0.0
2026-08-27T19:24:49,Volkswagen,Passat Sw,9,0,0.0
2026-08-27T19:24:49,Volkswagen,Polo,112,0,0.0
2026-08-27T19:24:49,Volkswagen,T-Cross,54,0,0.0
2026-08-27T19:24:49,Volkswagen,T-Roc,129,0,0.0
2026-08-27T19:24:49,Volkswagen,T-Roc Cabriolet,6,0,0.0
2026-08-27T19:24:49,Volkswagen,Taigo,51,0,0.0
2026-08-27T19:24:49,Volkswagen,Tayron,1,0,0.0
2026-08-27T19:24:49,Volkswagen,Tiguan,87,0,0.0
2026-08-27T19:24:49,Volkswagen,Tiguan Allspace,2,0,0.0
2026-08-27T19:24:49,Volkswagen,Touareg,1,0,0.0
2026-08-27T19:24:49,Volkswagen,Touran,6,0,0.0
2026-08-27T19:24:49,Volkswagen,Transporter,14,1,0.0714
2026-08-27T19:24:49,Volvo,C40,1,1,1.0
2026-08-27T19:24:49,Volvo,Ec40,7,7,1.0
2026-08-27T19:24:49,Volvo,Es90,3,3,1.0
2026-08-27T19:24:49,Volvo,Ex30,14,14,1.0
2026-08-27T19:24:49,Volvo,Ex30 Cross Country,5,5,1.0
2026-08-27T19:24:49,Volvo,Ex40,9,9,1.0
2026-08-27T19:24:49,Volvo,S60,1,0,0.0
2026-08-27T19:24:49,Volvo,S90,1,0,0.0
2026-08-27T19:24:49,Volvo,V60,18,0,0.0
2026-08-27T19:24:49,Volvo,Xc40,44,7,0.1591
2026-08-27T19:24:49,Volvo,Xc60,42,0,0.0
2026-08-27T19:24:49,Volvo,Xc90,10,0,0.0
2026-08-28T20:34:02,Abarth,500,3,0,0.0
2026-08-28T20:34:02,Abarth,500c,2,1,0.5
2026-08-28T20:34:02,Abarth,600,1,1,1.0
2026-08-28T20:34:02,Alfa Romeo,Giulia,3,0,0.0
2026-08-28T20:34:02,Alfa Romeo,Giulietta,2,0,0.0
2026-08-28T20:34:02,Alfa Romeo,Junior,1,0,0.0
2026-08-28T20:34:02,Alfa Romeo,Stelvio,7,0,0.0
2026-08-28T20:34:02,Alfa Romeo,Tonale,7,0,0.0
2026-08-28T20:34:02,Alpine,A110,27,0,0.0
2026-08-28T20:34:02,Alpine,A290,13,13,1.0
2026-08-28T20:34:02,Alpine,A390,6,6,1.0
2026-08-28T20:34:02,Aston Martin,V8 Vantage,1,0,0.0
2026-08-28T20:34:02,Audi,A1 Allstreet,4,0,0.0
2026-08-28T20:34:02,Audi,A1 Citycarver,1,0,0.0
2026-08-28T20:34:02,Audi,A1 Sportback,69,0,0.0
2026-08-28T20:34:02,Audi,A3,1,0,0.0
2026-08-28T20:34:02,Audi,A3 Allstreet,3,0,0.0
2026-08-28T20:34:02,Audi,A3 Sportback,44,0,0.0
2026-08-28T20:34:02,Audi,A4,2,0,0.0
2026-08-28T20:34:02,Audi,A4 Allroad,2,0,0.0
2026-08-28T20:34:02,Audi,A4 Avant,3,0,0.0
2026-08-28T20:34:02,Audi,A5,3,0,0.0
2026-08-28T20:34:02,Audi,A5 Avant,7,0,0.0
2026-08-28T20:34:02,Audi,A5 Sportback,2,0,0.0
2026-08-28T20:34:02,Audi,A6,2,0,0.0
2026-08-28T20:34:02,Audi,A6 Allroad,3,0,0.0
2026-08-28T20:34:02,Audi,A6 Avant,7,0,0.0
2026-08-28T20:34:02,Audi,A6 Avant E-Tron,1,1,1.0
2026-08-28T20:34:02,Audi,A6 Sportback E-Tron,1,1,1.0
2026-08-28T20:34:02,Audi,A8,1,0,0.0
2026-08-28T20:34:02,Audi,E-Tron Gt,1,1,1.0
2026-08-28T20:34:02,Audi,E-Tron S Sportback,2,2,1.0
2026-08-28T20:34:02,Audi,Q2,49,0,0.0
2026-08-28T20:34:02,Audi,Q3,37,0,0.0
2026-08-28T20:34:02,Audi,Q3 Sportback,25,0,0.0
2026-08-28T20:34:02,Audi,Q4 E-Tron,3,3,1.0
2026-08-28T20:34:02,Audi,Q4 Sportback E-Tron,4,4,1.0
2026-08-28T20:34:02,Audi,Q5,20,0,0.0
2026-08-28T20:34:02,Audi,Q5 Sportback,9,0,0.0
2026-08-28T20:34:02,Audi,Q6 E-Tron,7,7,1.0
2026-08-28T20:34:02,Audi,Q6 Sportback E-Tron,6,6,1.0
2026-08-28T20:34:02,Audi,Q8,1,0,0.0
2026-08-28T20:34:02,Audi,Q8 E-Tron,2,2,1.0
2026-08-28T20:34:02,Audi,Q8 E-Tron Sportback,1,1,1.0
2026-08-28T20:34:02,Audi,R8 Spyder,1,0,0.0
2026-08-28T20:34:02,Audi,Rs Q3 Sportback,1,0,0.0
2026-08-28T20:34:02,Audi,Rs3 Sportback,1,0,0.0
2026-08-28T20:34:02,Audi,Rs4 Avant,1,0,0.0
2026-08-28T20:34:02,Audi,Rs5,1,0,0.0
2026-08-28T20:34:02,Audi,Rs6 Avant,3,0,0.0
2026-08-28T20:34:02,Audi,S3,1,0,0.0
2026-08-28T20:34:02,Audi,S3 Sportback,2,0,0.0
2026-08-28T20:34:02,Audi,S4 Avant,1,0,0.0
2026-08-28T20:34:02,Audi,S6 Avant E-Tron,2,2,1.0
2026-08-28T20:34:02,Audi,Tt,2,0,0.0
2026-08-28T20:34:02,Audi,Tt Roadster,1,0,0.0
2026-08-28T20:34:02,Bmw,I3,2,2,1.0
2026-08-28T20:34:02,Bmw,I4,32,32,1.0
2026-08-28T20:34:02,Bmw,I8,1,0,0.0
2026-08-28T20:34:02,Bmw,Ix,4,4,1.0
2026-08-28T20:34:02,Bmw,Ix3,6,6,1.0
2026-08-28T20:34:02,Bmw,M2 Coupé,2,0,0.0
2026-08-28T20:34:02,Bmw,M4 Coupé,3,0,0.0
2026-08-28T20:34:02,Bmw,M5,1,0,0.0
2026-08-28T20:34:02,Bmw,M5 Touring,1,0,0.0
2026-08-28T20:34:02,Bmw,Série 1,137,0,0.0
2026-08-28T20:34:02,Bmw,Série 2 Active Tourer,78,0,0.0
2026-08-28T20:34:02,Bmw,Série 2 Coupé,3,0,0.0
2026-08-28T20:34:02,Bmw,Série 2 Gran Coupé,20,0,0.0
2026-08-28T20:34:02,Bmw,Série 2 Gran Tourer,5,0,0.0
2026-08-28T20:34:02,Bmw,Série 3,13,0,0.0
2026-08-28T20:34:02,Bmw,Série 3 Gran Turismo,4,0,0.0
2026-08-28T20:34:02,Bmw,Série 3 Touring,38,0,0.0
2026-08-28T20:34:02,Bmw,Série 4 Cabriolet,5,0,0.0
2026-08-28T20:34:02,Bmw,Série 4 Coupé,16,0,0.0
2026-08-28T20:34:02,Bmw,Série 4 Gran Coupé,22,0,0.0
2026-08-28T20:34:02,Bmw,Série 5,24,6,0.25
2026-08-28T20:34:02,Bmw,Série 5 Touring,14,2,0.1429
2026-08-28T20:34:02,Bmw,Série 6 Gran Turismo,1,0,0.0
2026-08-28T20:34:02,Bmw,Série 7,1,0,0.0
2026-08-28T20:34:02,Bmw,Série 8 Gran Coupé,2,0,0.0
2026-08-28T20:34:02,Bmw,X1,139,27,0.1942
2026-08-28T20:34:02,Bmw,X2,77,8,0.1039
2026-08-28T20:34:02,Bmw,X3,78,0,0.0
2026-08-28T20:34:02,Bmw,X4,7,0,0.0
2026-08-28T20:34:02,Bmw,X4 M,1,0,0.0
2026-08-28T20:34:02,Bmw,X5,32,0,0.0
2026-08-28T20:34:02,Bmw,X6,2,0,0.0
2026-08-28T20:34:02,Bmw,Xm,4,0,0.0
2026-08-28T20:34:02,Bmw,Z4 Roadster,5,0,0.0
2026-08-28T20:34:02,Byd,Atto 2,1,1,1.0
2026-08-28T20:34:02,Byd,Seal 6 Dm-I,1,0,0.0
2026-08-28T20:34:02,Citroen,Ami,9,9,1.0
2026-08-28T20:34:02,Citroen,Berlingo,13,2,0.1538
2026-08-28T20:34:02,Citroen,Berlingo Van,36,0,0.0
2026-08-28T20:34:02,Citroen,C1,11,0,0.0
2026-08-28T20:34:02,Citroen,C3,735,8,0.0109
2026-08-28T20:34:02,Citroen,C3 Aircross,148,7,0.0473
2026-08-28T20:34:02,Citroen,C4,139,22,0.1583
2026-08-28T20:34:02,Citroen,C4 Cactus,18,0,0.0
2026-08-28T20:34:02,Citroen,C4 Picasso,4,0,0.0
2026-08-28T20:34:02,Citroen,C4 Spacetourer,3,0,0.0
2026-08-28T20:34:02,Citroen,C4 X,9,4,0.4444
2026-08-28T20:34:02,Citroen,C5 Aircross,204,6,0.0294
2026-08-28T20:34:02,Citroen,C5 X,13,0,0.0
2026-08-28T20:34:02,Citroen,Grand C4 Spacetourer,7,0,0.0
2026-08-28T20:34:02,Citroen,Holidays,1,0,0.0
2026-08-28T20:34:02,Citroen,Jumper,16,0,0.0
2026-08-28T20:34:02,Citroen,Jumpy,32,2,0.0625
2026-08-28T20:34:02,Citroen,Spacetourer,13,0,0.0
2026-08-28T20:34:02,Cupra,Born,3,3,1.0
2026-08-28T20:34:02,Cupra,Formentor,22,0,0.0
2026-08-28T20:34:02,Cupra,Leon,7,0,0.0
2026-08-28T20:34:02,Cupra,Leon St,3,0,0.0
2026-08-28T20:34:02,Cupra,Raval,1,1,1.0
2026-08-28T20:34:02,Cupra,Terramar,3,0,0.0
2026-08-28T20:34:02,Dacia,Bigster,50,0,0.0
2026-08-28T20:34:02,Dacia,Duster,412,0,0.0
2026-08-28T20:34:02,Dacia,Jogger,163,0,0.0
2026-08-28T20:34:02,Dacia,Lodgy,8,0,0.0
2026-08-28T20:34:02,Dacia,Logan,4,0,0.0
2026-08-28T20:34:02,Dacia,Logan Mcv,2,0,0.0
2026-08-28T20:34:02,Dacia,Sandero,721,0,0.0
2026-08-28T20:34:02,Dacia,Spring,228,228,1.0
2026-08-28T20:34:02,Ds,4,13,6,0.4615
2026-08-28T20:34:02,Ds,8,8,8,1.0
2026-08-28T20:34:02,Ds,Ds,3,0,0.0
2026-08-28T20:34:02,Ds,Ds 3,55,15,0.2727
2026-08-28T20:34:02,Ds,Ds 3 Crossback,50,8,0.16
2026-08-28T20:34:02,Ds,Ds 4,110,0,0.0
2026-08-28T20:34:02,Ds,Ds 7,53,0,0.0
2026-08-28T20:34:02,Ds,Ds 7 Crossback,60,0,0.0
2026-08-28T20:34:02,Ds,Ds 9,1,0,0.0
2026-08-28T20:34:02,Fiat,500,39,20,0.5128
2026-08-28T20:34:02,Fiat,500c,8,2,0.25
2026-08-28T20:34:02,Fiat,500l,2,0,0.0
2026-08-28T20:34:02,Fiat,500x,21,0,0.0
2026-08-28T20:34:02,Fiat,600,18,2,0.1111
2026-08-28T20:34:02,Fiat,Doblo,1,0,0.0
2026-08-28T20:34:02,Fiat,Doblo Cargo,2,0,0.0
2026-08-28T20:34:02,Fiat,Ducato,4,0,0.0
2026-08-28T20:34:02,Fiat,Fiorino,1,0,0.0
2026-08-28T20:34:02,Fiat,Grande Panda,4,2,0.5
2026-08-28T20:34:02,Fiat,Panda,7,0,0.0
2026-08-28T20:34:02,Fiat,Panda 4x4 Cross,1,0,0.0
2026-08-28T20:34:02,Fiat,Punto,1,0,0.0
2026-08-28T20:34:02,Fiat,Scudo,6,0,0.0
2026-08-28T20:34:02,Fiat,Scudo Combi,3,0,0.0
2026-08-28T20:34:02,Fiat,Talento,1,0,0.0
2026-08-28T20:34:02,Fiat,Tipo,3,0,0.0
2026-08-28T20:34:02,Fiat,Tipo Cross,2,0,0.0
2026-08-28T20:34:02,Fiat,Tipo Sw,1,0,0.0
2026-08-28T20:34:02,Ford,B-Max,1,0,0.0
2026-08-28T20:34:02,Ford,Capri,10,10,1.0
2026-08-28T20:34:02,Ford,Ecosport,17,0,0.0
2026-08-28T20:34:02,Ford,Explorer,13,12,0.9231
2026-08-28T20:34:02,Ford,Fiesta,45,0,0.0
2026-08-28T20:34:02,Ford,Fiesta Active,1,0,0.0
2026-08-28T20:34:02,Ford,Focus,25,0,0.0
2026-08-28T20:34:02,Ford,Focus Active,3,0,0.0
2026-08-28T20:34:02,Ford,Focus Active Sw,1,0,0.0
2026-08-28T20:34:02,Ford,Focus Sw,2,0,0.0
2026-08-28T20:34:02,Ford,Galaxy,2,0,0.0
2026-08-28T20:34:02,Ford,Kuga,80,0,0.0
2026-08-28T20:34:02,Ford,Mondeo,1,0,0.0
2026-08-28T20:34:02,Ford,Mondeo Sw,2,0,0.0
2026-08-28T20:34:02,Ford,Mustang Mach-E,6,6,1.0
2026-08-28T20:34:02,Ford,Puma,148,20,0.1351
2026-08-28T20:34:02,Ford,Ranger,8,0,0.0
2026-08-28T20:34:02,Ford,S-Max,3,0,0.0
2026-08-28T20:34:02,Ford,Tourneo Connect,1,0,0.0
2026-08-28T20:34:02,Ford,Tourneo Courier,3,1,0.3333
2026-08-28T20:34:02,Ford,Tourneo Custom,5,0,0.0
2026-08-28T20:34:02,Ford,Transit 2t,11,1,0.0909
2026-08-28T20:34:02,Ford,Transit Connect,6,0,0.0
2026-08-28T20:34:02,Ford,Transit Courier,4,3,0.75
2026-08-28T20:34:02,Ford,Transit Custom,20,0,0.0
2026-08-28T20:34:02,Ford,Transit Custom Kombi,4,0,0.0
2026-08-28T20:34:02,Ford,Transit Custom Nugget,1,0,0.0
2026-08-28T20:34:02,Fuso,Canter,1,0,0.0
2026-08-28T20:34:02,Honda,Hr-V,2,0,0.0
2026-08-28T20:34:02,Honda,Ny1,1,1,1.0
2026-08-28T20:34:02,Hyundai,Bayon,3,0,0.0
2026-08-28T20:34:02,Hyundai,I10,5,0,0.0
2026-08-28T20:34:02,Hyundai,I20,29,0,0.0
2026-08-28T20:34:02,Hyundai,I30,4,0,0.0
2026-08-28T20:34:02,Hyundai,I30 Fastback,1,0,0.0
2026-08-28T20:34:02,Hyundai,I30 Sw,3,0,0.0
2026-08-28T20:34:02,Hyundai,Ioniq,3,2,0.6667
2026-08-28T20:34:02,Hyundai,Kona,26,0,0.0
2026-08-28T20:34:02,Hyundai,Santa Fe,4,0,0.0
2026-08-28T20:34:02,Hyundai,Tucson,48,0,0.0
2026-08-28T20:34:02,Isuzu,D-Max,1,0,0.0
2026-08-28T20:34:02,Iveco,Daily,2,0,0.0
2026-08-28T20:34:02,Jaguar,E-Pace,9,0,0.0
2026-08-28T20:34:02,Jaguar,F-Pace,7,0,0.0
2026-08-28T20:34:02,Jaguar,F-Type Coupe,1,0,0.0
2026-08-28T20:34:02,Jaguar,I-Pace,3,3,1.0
2026-08-28T20:34:02,Jeep,Avenger,4,1,0.25
2026-08-28T20:34:02,Jeep,Cherokee,1,0,0.0
2026-08-28T20:34:02,Jeep,Compass,3,0,0.0
2026-08-28T20:34:02,Jeep,Gladiator,1,0,0.0
2026-08-28T20:34:02,Jeep,Renegade,10,0,0.0
2026-08-28T20:34:02,Kia,Ceed,7,0,0.0
2026-08-28T20:34:02,Kia,Ceed Sw,1,0,0.0
2026-08-28T20:34:02,Kia,Ev2,3,3,1.0
2026-08-28T20:34:02,Kia,Ev3,1,1,1.0
2026-08-28T20:34:02,Kia,Ev4,4,4,1.0
2026-08-28T20:34:02,Kia,Ev5,1,1,1.0
2026-08-28T20:34:02,Kia,Ev6,1,1,1.0
2026-08-28T20:34:02,Kia,Niro,14,0,0.0
2026-08-28T20:34:02,Kia,Picanto,18,0,0.0
2026-08-28T20:34:02,Kia,Pro Ceed,4,0,0.0
2026-08-28T20:34:02,Kia,Pv5 Cargo,1,1,1.0
2026-08-28T20:34:02,Kia,Pv5 Passenger,1,1,1.0
2026-08-28T20:34:02,Kia,Rio,12,0,0.0
2026-08-28T20:34:02,Kia,Sorento,4,0,0.0
2026-08-28T20:34:02,Kia,Sportage,47,0,0.0
2026-08-28T20:34:02,Kia,Stonic,29,0,0.0
2026-08-28T20:34:02,Kia,Venga,1,0,0.0
2026-08-28T20:34:02,Kia,Xceed,8,0,0.0
2026-08-28T20:34:02,Land-Rover,Defender,12,0,0.0
2026-08-28T20:34:02,Land-Rover,Discovery Sport,11,0,0.0
2026-08-28T20:34:02,Land-Rover,Range Rover,6,0,0.0
2026-08-28T20:34:02,Land-Rover,Range Rover Evoque,29,0,0.0
2026-08-28T20:34:02,Land-Rover,Range Rover Evoque Cabriolet,1,0,0.0
2026-08-28T20:34:02,Land-Rover,Range Rover Sport,11,0,0.0
2026-08-28T20:34:02,Land-Rover,Range Rover Velar,11,0,0.0
2026-08-28T20:34:02,Leapmotor,B10,3,0,0.0
2026-08-28T20:34:02,Leapmotor,C10,4,1,0.25
2026-08-28T20:34:02,Leapmotor,T03,2,2,1.0
2026-08-28T20:34:02,Lexus,Ct,3,0,0.0
2026-08-28T20:34:02,Lexus,Lbx,29,0,0.0
2026-08-28T20:34:02,Lexus,Nx,36,0,0.0
2026-08-28T20:34:02,Lexus,Rx,3,0,0.0
2026-08-28T20:34:02,Lexus,Rz,4,4,1.0
2026-08-28T20:34:02,Lexus,Ux,14,1,0.0714
2026-08-28T20:34:02,Man,Tge Fg,1,0,0.0
2026-08-28T20:34:02,Maserati,Ghibli,1,0,0.0
2026-08-28T20:34:02,Maserati,Granturismo,1,0,0.0
2026-08-28T20:34:02,Maserati,Grecale,4,3,0.75
2026-08-28T20:34:02,Maserati,Mc20 Cielo,1,0,0.0
2026-08-28T20:34:02,Mazda,Cx-3,2,0,0.0
2026-08-28T20:34:02,Mazda,Cx-30,10,0,0.0
2026-08-28T20:34:02,Mazda,Cx-5,4,0,0.0
2026-08-28T20:34:02,Mazda,Cx-60,2,0,0.0
2026-08-28T20:34:02,Mazda,Mazda2,3,0,0.0
2026-08-28T20:34:02,Mazda,Mazda3,6,0,0.0
2026-08-28T20:34:02,Mazda,Mazda6,1,0,0.0
2026-08-28T20:34:02,Mazda,Mx-5,2,0,0.0
2026-08-28T20:34:02,Mercedes,Citan,13,3,0.2308
2026-08-28T20:34:02,Mercedes,Cla,70,21,0.3
2026-08-28T20:34:02,Mercedes,Cla Shooting Brake,45,12,0.2667
2026-08-28T20:34:02,Mercedes,Classe A,157,0,0.0
2026-08-28T20:34:02,Mercedes,Classe A Berline,5,0,0.0
2026-08-28T20:34:02,Mercedes,Classe B,59,0,0.0
2026-08-28T20:34:02,Mercedes,Classe C,41,0,0.0
2026-08-28T20:34:02,Mercedes,Classe C Break,24,0,0.0
2026-08-28T20:34:02,Mercedes,Classe C Cabriolet,1,0,0.0
2026-08-28T20:34:02,Mercedes,Classe C Coupé,2,0,0.0
2026-08-28T20:34:02,Mercedes,Classe E,10,0,0.0
2026-08-28T20:34:02,Mercedes,Classe E All-Terrain,2,0,0.0
2026-08-28T20:34:02,Mercedes,Classe E Break,6,0,0.0
2026-08-28T20:34:02,Mercedes,Classe E Coupé,4,0,0.0
2026-08-28T20:34:02,Mercedes,Classe G,2,0,0.0
2026-08-28T20:34:02,Mercedes,Classe S,5,0,0.0
2026-08-28T20:34:02,Mercedes,Classe S Coupé,1,0,0.0
2026-08-28T20:34:02,Mercedes,Classe Sl,2,0,0.0
2026-08-28T20:34:02,Mercedes,Classe T,1,0,0.0
2026-08-28T20:34:02,Mercedes,Classe V,3,0,0.0
2026-08-28T20:34:02,Mercedes,Cle Cabriolet,1,0,0.0
2026-08-28T20:34:02,Mercedes,Cle Coupé,4,0,0.0
2026-08-28T20:34:02,Mercedes,Eqa,14,14,1.0
2026-08-28T20:34:02,Mercedes,Eqb,6,6,1.0
2026-08-28T20:34:02,Mercedes,Eqc,3,3,1.0
2026-08-28T20:34:02,Mercedes,Eqe,9,9,1.0
2026-08-28T20:34:02,Mercedes,Eqe Suv,2,2,1.0
2026-08-28T20:34:02,Mercedes,Eqs,5,5,1.0
2026-08-28T20:34:02,Mercedes,Eqt,1,1,1.0
2026-08-28T20:34:02,Mercedes,Gla,126,0,0.0
2026-08-28T20:34:02,Mercedes,Glb,46,18,0.3913
2026-08-28T20:34:02,Mercedes,Glc,77,13,0.1688
2026-08-28T20:34:02,Mercedes,Glc Coupé,15,0,0.0
2026-08-28T20:34:02,Mercedes,Gle,18,0,0.0
2026-08-28T20:34:02,Mercedes,Gle Coupé,12,0,0.0
2026-08-28T20:34:02,Mercedes,Gls,1,0,0.0
2026-08-28T20:34:02,Mercedes,Sprinter,27,6,0.2222
2026-08-28T20:34:02,Mercedes,Vito,30,2,0.0667
2026-08-28T20:34:02,Mercedes,Vito Tourer,1,0,0.0
2026-08-28T20:34:02,Mg,Cyberster,3,3,1.0
2026-08-28T20:34:02,Mg,Ehs,11,0,0.0
2026-08-28T20:34:02,Mg,Marvel R,4,4,1.0
2026-08-28T20:34:02,Mg,Mg3,19,0,0.0
2026-08-28T20:34:02,Mg,Mg4,3,3,1.0
2026-08-28T20:34:02,Mg,Mg5,3,3,1.0
2026-08-28T20:34:02,Mg,Zs,22,4,0.1818
2026-08-28T20:34:02,Mini,Aceman,3,3,1.0
2026-08-28T20:34:02,Mini,Cabrio,15,0,0.0
2026-08-28T20:34:02,Mini,Clubman,28,0,0.0
2026-08-28T20:34:02,Mini,Cooper 3 Portes,5,2,0.4
2026-08-28T20:34:02,Mini,Cooper 5 Portes,2,0,0.0
2026-08-28T20:34:02,Mini,Countryman,80,5,0.0625
2026-08-28T20:34:02,Mini,Mini,142,42,0.2958
2026-08-28T20:34:02,Mitsubishi,Asx,11,0,0.0
2026-08-28T20:34:02,Mitsubishi,Colt,14,0,0.0
2026-08-28T20:34:02,Mitsubishi,Eclipse Cross,78,0,0.0
2026-08-28T20:34:02,Mitsubishi,L200,1,0,0.0
2026-08-28T20:34:02,Mitsubishi,Outlander,22,0,0.0
2026-08-28T20:34:02,Mitsubishi,Space Star,8,0,0.0
2026-08-28T20:34:02,Mobilize,Duo,1,1,1.0
2026-08-28T20:34:02,Nissan,Ariya,3,3,1.0
2026-08-28T20:34:02,Nissan,Interstar,1,0,0.0
2026-08-28T20:34:02,Nissan,Juke,236,0,0.0
2026-08-28T20:34:02,Nissan,Leaf,14,13,0.9286
2026-08-28T20:34:02,Nissan,Micra,55,9,0.1636
2026-08-28T20:34:02,Nissan,Navara,1,0,0.0
2026-08-28T20:34:02,Nissan,Np300 Navara,1,0,0.0
2026-08-28T20:34:02,Nissan,Nv300,1,0,0.0
2026-08-28T20:34:02,Nissan,Nv400,1,0,0.0
2026-08-28T20:34:02,Nissan,Primastar,4,0,0.0
2026-08-28T20:34:02,Nissan,Primastar Combi,1,0,0.0
2026-08-28T20:34:02,Nissan,Qashqai,259,0,0.0
2026-08-28T20:34:02,Nissan,Townstar,4,3,0.75
2026-08-28T20:34:02,Nissan,X-Trail,32,0,0.0
2026-08-28T20:34:02,Opel,Astra,15,0,0.0
2026-08-28T20:34:02,Opel,Astra Sports Tourer,4,0,0.0
2026-08-28T20:34:02,Opel,Combo Cargo,2,0,0.0
2026-08-28T20:34:02,Opel,Combo Life,2,0,0.0
2026-08-28T20:34:02,Opel,Corsa,76,10,0.1316
2026-08-28T20:34:02,Opel,Crossland X,25,0,0.0
2026-08-28T20:34:02,Opel,Frontera,2,1,0.5
2026-08-28T20:34:02,Opel,Grandland,18,1,0.0556
2026-08-28T20:34:02,Opel,Grandland X,14,0,0.0
2026-08-28T20:34:02,Opel,Insignia Grand Sport,3,0,0.0
2026-08-28T20:34:02,Opel,Insignia Sports Tourer,2,0,0.0
2026-08-28T20:34:02,Opel,Karl,1,0,0.0
2026-08-28T20:34:02,Opel,Mokka,50,11,0.22
2026-08-28T20:34:02,Opel,Mokka X,5,0,0.0
2026-08-28T20:34:02,Opel,Movano,2,0,0.0
2026-08-28T20:34:02,Opel,Vivaro,6,0,0.0
2026-08-28T20:34:02,Opel,Zafira,1,0,0.0
2026-08-28T20:34:02,Peugeot,108,8,0,0.0
2026-08-28T20:34:02,Peugeot,2008,713,74,0.1038
2026-08-28T20:34:02,Peugeot,208,1010,140,0.1386
2026-08-28T20:34:02,Peugeot,3008,471,42,0.0892
2026-08-28T20:34:02,Peugeot,308,309,23,0.0744
2026-08-28T20:34:02,Peugeot,308 Sw,110,4,0.0364
2026-08-28T20:34:02,Peugeot,408,59,6,0.1017
2026-08-28T20:34:02,Peugeot,5008,138,4,0.029
2026-08-28T20:34:02,Peugeot,508,27,0,0.0
2026-08-28T20:34:02,Peugeot,508 Sw,24,0,0.0
2026-08-28T20:34:02,Peugeot,Boxer,31,0,0.0
2026-08-28T20:34:02,Peugeot,E-208,1,1,1.0
2026-08-28T20:34:02,Peugeot,E-Expert,1,0,0.0
2026-08-28T20:34:02,Peugeot,Expert,51,4,0.0784
2026-08-28T20:34:02,Peugeot,Ion,1,1,1.0
2026-08-28T20:34:02,Peugeot,Partner,124,6,0.0484
2026-08-28T20:34:02,Peugeot,Rifter,27,1,0.037
2026-08-28T20:34:02,Peugeot,Traveller,1,0,0.0
2026-08-28T20:34:02,Porsche,718 Cayman,1,0,0.0
2026-08-28T20:34:02,Porsche,911 Cabriolet,6,0,0.0
2026-08-28T20:34:02,Porsche,911 Coupé,5,0,0.0
2026-08-28T20:34:02,Porsche,911 Speedster,1,0,0.0
2026-08-28T20:34:02,Porsche,Cayenne,5,0,0.0
2026-08-28T20:34:02,Porsche,Cayenne Coupé,5,0,0.0
2026-08-28T20:34:02,Porsche,Cayman,1,0,0.0
2026-08-28T20:34:02,Porsche,Macan,5,3,0.6
2026-08-28T20:34:02,Porsche,Panamera,3,0,0.0
2026-08-28T20:34:02,Porsche,Panamera Sport Turismo,3,0,0.0
2026-08-28T20:34:02,Porsche,Taycan,10,10,1.0
2026-08-28T20:34:02,Renault,4,10,10,1.0
2026-08-28T20:34:02,Renault,5,35,35,1.0
2026-08-28T20:34:02,Renault,Arkana,392,0,0.0
2026-08-28T20:34:02,Renault,Austral,315,0,0.0
2026-08-28T20:34:02,Renault,Captur,856,0,0.0
2026-08-28T20:34:02,Renault,Clio,1366,0,0.0
2026-08-28T20:34:02,Renault,Espace,92,0,0.0
2026-08-28T20:34:02,Renault,Express,20,0,0.0
2026-08-28T20:34:02,Renault,Grand Scénic,23,0,0.0
2026-08-28T20:34:02,Renault,Kadjar,72,0,0.0
2026-08-28T20:34:02,Renault,Kangoo,36,0,0.0
2026-08-28T20:34:02,Renault,Kangoo Express,15,1,0.0667
2026-08-28T20:34:02,Renault,Kangoo Van,36,8,0.2222
2026-08-28T20:34:02,Renault,Koleos,12,0,0.0
2026-08-28T20:34:02,Renault,Master,315,12,0.0381
2026-08-28T20:34:02,Renault,Mégane,440,339,0.7705
2026-08-28T20:34:02,Renault,Mégane Estate,23,0,0.0
2026-08-28T20:34:02,Renault,Rafale,55,0,0.0
2026-08-28T20:34:02,Renault,Scénic,64,34,0.5312
2026-08-28T20:34:02,Renault,Symbioz,162,0,0.0
2026-08-28T20:34:02,Renault,Talisman,9,0,0.0
2026-08-28T20:34:02,Renault,Talisman Estate,5,0,0.0
2026-08-28T20:34:02,Renault,Trafic,125,0,0.0
2026-08-28T20:34:02,Renault,Trafic Combi,23,0,0.0
2026-08-28T20:34:02,Renault,Twingo,199,115,0.5779
2026-08-28T20:34:02,Renault,Twizy,2,2,1.0
2026-08-28T20:34:02,Renault,Zoé,60,60,1.0
2026-08-28T20:34:02,Seat,Arona,33,0,0.0
2026-08-28T20:34:02,Seat,Ateca,33,0,0.0
2026-08-28T20:34:02,Seat,Ibiza,27,0,0.0
2026-08-28T20:34:02,Seat,Leon,22,0,0.0
2026-08-28T20:34:02,Seat,Leon St,5,0,0.0
2026-08-28T20:34:02,Seat,Tarraco,2,0,0.0
2026-08-28T20:34:02,Skoda,Enyaq,1,1,1.0
2026-08-28T20:34:02,Skoda,Enyaq Coupé,1,1,1.0
2026-08-28T20:34:02,Skoda,Fabia,34,0,0.0
2026-08-28T20:34:02,Skoda,Fabia Combi,1,0,0.0
2026-08-28T20:34:02,Skoda,Kamiq,28,0,0.0
2026-08-28T20:34:02,Skoda,Karoq,19,0,0.0
2026-08-28T20:34:02,Skoda,Kodiaq,12,0,0.0
2026-08-28T20:34:02,Skoda,Octavia,5,0,0.0
2026-08-28T20:34:02,Skoda,Octavia Combi,9,0,0.0
2026-08-28T20:34:02,Skoda,Scala,9,0,0.0
2026-08-28T20:34:02,Skoda,Superb,2,0,0.0
2026-08-28T20:34:02,Skoda,Superb Combi,1,0,0.0
2026-08-28T20:34:02,Smart,1,1,1,1.0
2026-08-28T20:34:02,Smart,3,1,1,1.0
2026-08-28T20:34:02,Smart,5,2,2,1.0
2026-08-28T20:34:02,Smart,Forfour,1,0,0.0
2026-08-28T20:34:02,Suzuki,E Vitara,2,2,1.0
2026-08-28T20:34:02,Suzuki,Ignis,2,0,0.0
2026-08-28T20:34:02,Suzuki,S-Cross,15,0,0.0
2026-08-28T20:34:02,Suzuki,Swift,30,0,0.0
2026-08-28T20:34:02,Suzuki,Vitara,24,1,0.0417
2026-08-28T20:34:02,Tesla,Model 3,3,3,1.0
2026-08-28T20:34:02,Tesla,Model Y,1,1,1.0
2026-08-28T20:34:02,Toyota,Auris,1,0,0.0
2026-08-28T20:34:02,Toyota,Auris Touring Sports,1,0,0.0
2026-08-28T20:34:02,Toyota,Aygo,14,0,0.0
2026-08-28T20:34:02,Toyota,Aygo X,76,0,0.0
2026-08-28T20:34:02,Toyota,Bz4x Touring,3,3,1.0
2026-08-28T20:34:02,Toyota,C-Hr,74,0,0.0
2026-08-28T20:34:02,Toyota,C-Hr et plus,1,1,1.0
2026-08-28T20:34:02,Toyota,Corolla,18,0,0.0
2026-08-28T20:34:02,Toyota,Corolla Touring Sports,10,0,0.0
2026-08-28T20:34:02,Toyota,Hilux,2,0,0.0
2026-08-28T20:34:02,Toyota,Prius,2,0,0.0
2026-08-28T20:34:02,Toyota,Prius Hybride Rechargeable,1,0,0.0
2026-08-28T20:34:02,Toyota,Proace,5,2,0.4
2026-08-28T20:34:02,Toyota,Proace City,1,0,0.0
2026-08-28T20:34:02,Toyota,Proace City Verso,1,0,0.0
2026-08-28T20:34:02,Toyota,Proace Max,1,0,0.0
2026-08-28T20:34:02,Toyota,Rav4,21,0,0.0
2026-08-28T20:34:02,Toyota,Yaris,167,0,0.0
2026-08-28T20:34:02,Toyota,Yaris Cross,101,0,0.0
2026-08-28T20:34:02,Volkswagen,3,12,12,1.0
2026-08-28T20:34:02,Volkswagen,3 Neo,3,3,1.0
2026-08-28T20:34:02,Volkswagen,4,8,8,1.0
2026-08-28T20:34:02,Volkswagen,5,4,4,1.0
2026-08-28T20:34:02,Volkswagen,7,1,1,1.0
2026-08-28T20:34:02,Volkswagen,Arteon,2,0,0.0
2026-08-28T20:34:02,Volkswagen,Buzz,3,3,1.0
2026-08-28T20:34:02,Volkswagen,Caddy,1,0,0.0
2026-08-28T20:34:02,Volkswagen,Caddy Cargo,2,0,0.0
2026-08-28T20:34:02,Volkswagen,Caddy Maxi,1,0,0.0
2026-08-28T20:34:02,Volkswagen,Caddy Van,2,0,0.0
2026-08-28T20:34:02,Volkswagen,Caravelle,3,2,0.6667
2026-08-28T20:34:02,Volkswagen,Crafter,4,0,0.0
2026-08-28T20:34:02,Volkswagen,Golf,74,0,0.0
2026-08-28T20:34:02,Volkswagen,Golf Sportsvan,2,0,0.0
2026-08-28T20:34:02,Volkswagen,Golf Sw,2,0,0.0
2026-08-28T20:34:02,Volkswagen,Multivan,1,0,0.0
2026-08-28T20:34:02,Volkswagen,Passat Sw,9,0,0.0
2026-08-28T20:34:02,Volkswagen,Polo,109,0,0.0
2026-08-28T20:34:02,Volkswagen,T-Cross,54,0,0.0
2026-08-28T20:34:02,Volkswagen,T-Roc,126,0,0.0
2026-08-28T20:34:02,Volkswagen,T-Roc Cabriolet,6,0,0.0
2026-08-28T20:34:02,Volkswagen,Taigo,50,0,0.0
2026-08-28T20:34:02,Volkswagen,Tayron,1,0,0.0
2026-08-28T20:34:02,Volkswagen,Tiguan,86,0,0.0
2026-08-28T20:34:02,Volkswagen,Tiguan Allspace,2,0,0.0
2026-08-28T20:34:02,Volkswagen,Touareg,1,0,0.0
2026-08-28T20:34:02,Volkswagen,Touran,6,0,0.0
2026-08-28T20:34:02,Volkswagen,Transporter,13,1,0.0769
2026-08-29T14:09:15,Abarth,500,3,0,0.0
2026-08-29T14:09:15,Abarth,500c,2,1,0.5
2026-08-29T14:09:15,Abarth,600,1,1,1.0
2026-08-29T14:09:15,Alfa Romeo,Giulia,3,0,0.0
2026-08-29T14:09:15,Alfa Romeo,Giulietta,1,0,0.0
2026-08-29T14:09:15,Alfa Romeo,Junior,1,0,0.0
2026-08-29T14:09:15,Alfa Romeo,Stelvio,7,0,0.0
2026-08-29T14:09:15,Alfa Romeo,Tonale,7,0,0.0
2026-08-29T14:09:15,Alpine,A110,23,0,0.0
2026-08-29T14:09:15,Alpine,A290,16,16,1.0
2026-08-29T14:09:15,Alpine,A390,6,6,1.0
2026-08-29T14:09:15,Aston Martin,V8 Vantage,1,0,0.0
2026-08-29T14:09:15,Audi,A1 Allstreet,3,0,0.0
2026-08-29T14:09:15,Audi,A1 Citycarver,1,0,0.0
2026-08-29T14:09:15,Audi,A1 Sportback,68,0,0.0
2026-08-29T14:09:15,Audi,A3,1,0,0.0
2026-08-29T14:09:15,Audi,A3 Allstreet,3,0,0.0
2026-08-29T14:09:15,Audi,A3 Sportback,44,0,0.0
2026-08-29T14:09:15,Audi,A4,1,0,0.0
2026-08-29T14:09:15,Audi,A4 Allroad,2,0,0.0
2026-08-29T14:09:15,Audi,A4 Avant,3,0,0.0
2026-08-29T14:09:15,Audi,A5,3,0,0.0
2026-08-29T14:09:15,Audi,A5 Avant,7,0,0.0
2026-08-29T14:09:15,Audi,A5 Sportback,2,0,0.0
2026-08-29T14:09:15,Audi,A6,2,0,0.0
2026-08-29T14:09:15,Audi,A6 Allroad,3,0,0.0
2026-08-29T14:09:15,Audi,A6 Avant,7,0,0.0
2026-08-29T14:09:15,Audi,A6 Avant E-Tron,1,1,1.0
2026-08-29T14:09:15,Audi,A6 Sportback E-Tron,1,1,1.0
2026-08-29T14:09:15,Audi,A8,1,0,0.0
2026-08-29T14:09:15,Audi,E-Tron Gt,1,1,1.0
2026-08-29T14:09:15,Audi,E-Tron S Sportback,2,2,1.0
2026-08-29T14:09:15,Audi,Q2,49,0,0.0
2026-08-29T14:09:15,Audi,Q3,37,0,0.0
2026-08-29T14:09:15,Audi,Q3 Sportback,25,0,0.0
2026-08-29T14:09:15,Audi,Q4 E-Tron,3,3,1.0
2026-08-29T14:09:15,Audi,Q4 Sportback E-Tron,4,4,1.0
2026-08-29T14:09:15,Audi,Q5,20,0,0.0
2026-08-29T14:09:15,Audi,Q5 Sportback,10,0,0.0
2026-08-29T14:09:15,Audi,Q6 E-Tron,7,7,1.0
2026-08-29T14:09:15,Audi,Q6 Sportback E-Tron,6,6,1.0
2026-08-29T14:09:15,Audi,Q8,1,0,0.0
2026-08-29T14:09:15,Audi,Q8 E-Tron,2,2,1.0
2026-08-29T14:09:15,Audi,Q8 E-Tron Sportback,1,1,1.0
2026-08-29T14:09:15,Audi,R8 Spyder,1,0,0.0
2026-08-29T14:09:15,Audi,Rs Q3 Sportback,1,0,0.0
2026-08-29T14:09:15,Audi,Rs3 Sportback,1,0,0.0
2026-08-29T14:09:15,Audi,Rs4 Avant,1,0,0.0
2026-08-29T14:09:15,Audi,Rs5,1,0,0.0
2026-08-29T14:09:15,Audi,Rs6 Avant,3,0,0.0
2026-08-29T14:09:15,Audi,S3,1,0,0.0
2026-08-29T14:09:15,Audi,S3 Sportback,2,0,0.0
2026-08-29T14:09:15,Audi,S4 Avant,1,0,0.0
2026-08-29T14:09:15,Audi,S6 Avant E-Tron,2,2,1.0
2026-08-29T14:09:15,Audi,Tt,2,0,0.0
2026-08-29T14:09:15,Audi,Tt Roadster,1,0,0.0
2026-08-29T14:09:15,Bmw,I3,1,1,1.0
2026-08-29T14:09:15,Bmw,I4,32,32,1.0
2026-08-29T14:09:15,Bmw,I8,1,0,0.0
2026-08-29T14:09:15,Bmw,Ix,4,4,1.0
2026-08-29T14:09:15,Bmw,Ix3,6,6,1.0
2026-08-29T14:09:15,Bmw,M2 Coupé,2,0,0.0
2026-08-29T14:09:15,Bmw,M4 Coupé,3,0,0.0
2026-08-29T14:09:15,Bmw,M5,1,0,0.0
2026-08-29T14:09:15,Bmw,M5 Touring,1,0,0.0
2026-08-29T14:09:15,Bmw,Série 1,136,0,0.0
2026-08-29T14:09:15,Bmw,Série 2 Active Tourer,78,0,0.0
2026-08-29T14:09:15,Bmw,Série 2 Coupé,3,0,0.0
2026-08-29T14:09:15,Bmw,Série 2 Gran Coupé,18,0,0.0
2026-08-29T14:09:15,Bmw,Série 2 Gran Tourer,5,0,0.0
2026-08-29T14:09:15,Bmw,Série 3,13,0,0.0
2026-08-29T14:09:15,Bmw,Série 3 Gran Turismo,4,0,0.0
2026-08-29T14:09:15,Bmw,Série 3 Touring,38,0,0.0
2026-08-29T14:09:15,Bmw,Série 4 Cabriolet,4,0,0.0
2026-08-29T14:09:15,Bmw,Série 4 Coupé,16,0,0.0
2026-08-29T14:09:15,Bmw,Série 4 Gran Coupé,21,0,0.0
2026-08-29T14:09:15,Bmw,Série 5,24,6,0.25
2026-08-29T14:09:15,Bmw,Série 5 Touring,14,2,0.1429
2026-08-29T14:09:15,Bmw,Série 6 Gran Turismo,1,0,0.0
2026-08-29T14:09:15,Bmw,Série 7,1,0,0.0
2026-08-29T14:09:15,Bmw,Série 8 Gran Coupé,2,0,0.0
2026-08-29T14:09:15,Bmw,X1,139,27,0.1942
2026-08-29T14:09:15,Bmw,X2,75,8,0.1067
2026-08-29T14:09:15,Bmw,X3,77,0,0.0
2026-08-29T14:09:15,Bmw,X4,7,0,0.0
2026-08-29T14:09:15,Bmw,X4 M,1,0,0.0
2026-08-29T14:09:15,Bmw,X5,31,0,0.0
2026-08-29T14:09:15,Bmw,X6,2,0,0.0
2026-08-29T14:09:15,Bmw,Xm,4,0,0.0
2026-08-29T14:09:15,Bmw,Z4 Roadster,5,0,0.0
2026-08-29T14:09:15,Byd,Atto 2,1,1,1.0
2026-08-29T14:09:15,Byd,Seal 6 Dm-I,1,0,0.0
2026-08-29T14:09:15,Citroen,Ami,8,8,1.0
2026-08-29T14:09:15,Citroen,Berlingo,12,1,0.0833
2026-08-29T14:09:15,Citroen,Berlingo Van,35,0,0.0
2026-08-29T14:09:15,Citroen,C1,10,0,0.0
2026-08-29T14:09:15,Citroen,C3,722,8,0.0111
2026-08-29T14:09:15,Citroen,C3 Aircross,147,7,0.0476
2026-08-29T14:09:15,Citroen,C4,138,22,0.1594
2026-08-29T14:09:15,Citroen,C4 Cactus,18,0,0.0
2026-08-29T14:09:15,Citroen,C4 Picasso,4,0,0.0
2026-08-29T14:09:15,Citroen,C4 Spacetourer,3,0,0.0
2026-08-29T14:09:15,Citroen,C4 X,9,4,0.4444
2026-08-29T14:09:15,Citroen,C5 Aircross,202,6,0.0297
2026-08-29T14:09:15,Citroen,C5 X,13,0,0.0
2026-08-29T14:09:15,Citroen,Grand C4 Spacetourer,7,0,0.0
2026-08-29T14:09:15,Citroen,Holidays,1,0,0.0
2026-08-29T14:09:15,Citroen,Jumper,16,0,0.0
2026-08-29T14:09:15,Citroen,Jumpy,31,1,0.0323
2026-08-29T14:09:15,Citroen,Spacetourer,13,0,0.0
2026-08-29T14:09:15,Cupra,Born,3,3,1.0
2026-08-29T14:09:15,Cupra,Formentor,22,0,0.0
2026-08-29T14:09:15,Cupra,Leon,7,0,0.0
2026-08-29T14:09:15,Cupra,Leon St,3,0,0.0
2026-08-29T14:09:15,Cupra,Raval,1,1,1.0
2026-08-29T14:09:15,Cupra,Terramar,3,0,0.0
2026-08-29T14:09:15,Dacia,Bigster,50,0,0.0
2026-08-29T14:09:15,Dacia,Duster,409,0,0.0
2026-08-29T14:09:15,Dacia,Jogger,164,0,0.0
2026-08-29T14:09:15,Dacia,Lodgy,9,0,0.0
2026-08-29T14:09:15,Dacia,Logan,4,0,0.0
2026-08-29T14:09:15,Dacia,Logan Mcv,2,0,0.0
2026-08-29T14:09:15,Dacia,Sandero,715,0,0.0
2026-08-29T14:09:15,Dacia,Spring,226,226,1.0
2026-08-29T14:09:15,Ds,4,13,6,0.4615
2026-08-29T14:09:15,Ds,8,8,8,1.0
2026-08-29T14:09:15,Ds,Ds,3,0,0.0
2026-08-29T14:09:15,Ds,Ds 3,55,15,0.2727
2026-08-29T14:09:15,Ds,Ds 3 Crossback,48,8,0.1667
2026-08-29T14:09:15,Ds,Ds 4,110,0,0.0
2026-08-29T14:09:15,Ds,Ds 7,51,0,0.0
2026-08-29T14:09:15,Ds,Ds 7 Crossback,58,0,0.0
2026-08-29T14:09:15,Ds,Ds 9,1,0,0.0
2026-08-29T14:09:15,Fiat,500,39,19,0.4872
2026-08-29T14:09:15,Fiat,500c,8,2,0.25
2026-08-29T14:09:15,Fiat,500l,2,0,0.0
2026-08-29T14:09:15,Fiat,500x,19,0,0.0
2026-08-29T14:09:15,Fiat,600,17,2,0.1176
2026-08-29T14:09:15,Fiat,Doblo,1,0,0.0
2026-08-29T14:09:15,Fiat,Doblo Cargo,2,0,0.0
2026-08-29T14:09:15,Fiat,Ducato,4,0,0.0
2026-08-29T14:09:15,Fiat,Fiorino,1,0,0.0
2026-08-29T14:09:15,Fiat,Grande Panda,4,2,0.5
2026-08-29T14:09:15,Fiat,Panda,7,0,0.0
2026-08-29T14:09:15,Fiat,Panda 4x4 Cross,1,0,0.0
2026-08-29T14:09:15,Fiat,Punto,1,0,0.0
2026-08-29T14:09:15,Fiat,Scudo,6,0,0.0
2026-08-29T14:09:15,Fiat,Scudo Combi,3,0,0.0
2026-08-29T14:09:15,Fiat,Talento,1,0,0.0
2026-08-29T14:09:15,Fiat,Tipo,3,0,0.0
2026-08-29T14:09:15,Fiat,Tipo Cross,2,0,0.0
2026-08-29T14:09:15,Fiat,Tipo Sw,1,0,0.0
2026-08-29T14:09:15,Ford,B-Max,1,0,0.0
2026-08-29T14:09:15,Ford,Capri,10,10,1.0
2026-08-29T14:09:15,Ford,Ecosport,17,0,0.0
2026-08-29T14:09:15,Ford,Explorer,13,12,0.9231
2026-08-29T14:09:15,Ford,Fiesta,45,0,0.0
2026-08-29T14:09:15,Ford,Fiesta Active,1,0,0.0
2026-08-29T14:09:15,Ford,Focus,25,0,0.0
2026-08-29T14:09:15,Ford,Focus Active,3,0,0.0
2026-08-29T14:09:15,Ford,Focus Active Sw,1,0,0.0
2026-08-29T14:09:15,Ford,Focus Sw,2,0,0.0
2026-08-29T14:09:15,Ford,Galaxy,2,0,0.0
2026-08-29T14:09:15,Ford,Kuga,79,0,0.0
2026-08-29T14:09:15,Ford,Mondeo,1,0,0.0
2026-08-29T14:09:15,Ford,Mondeo Sw,1,0,0.0
2026-08-29T14:09:15,Ford,Mustang Mach-E,6,6,1.0
2026-08-29T14:09:15,Ford,Puma,148,20,0.1351
2026-08-29T14:09:15,Ford,Ranger,9,0,0.0
2026-08-29T14:09:15,Ford,S-Max,3,0,0.0
2026-08-29T14:09:15,Ford,Tourneo Connect,1,0,0.0
2026-08-29T14:09:15,Ford,Tourneo Courier,3,1,0.3333
2026-08-29T14:09:15,Ford,Tourneo Custom,5,0,0.0
2026-08-29T14:09:15,Ford,Transit 2t,11,1,0.0909
2026-08-29T14:09:15,Ford,Transit Connect,6,0,0.0
2026-08-29T14:09:15,Ford,Transit Courier,4,3,0.75
2026-08-29T14:09:15,Ford,Transit Custom,20,0,0.0
2026-08-29T14:09:15,Ford,Transit Custom Kombi,4,0,0.0
2026-08-29T14:09:15,Ford,Transit Custom Nugget,1,0,0.0
2026-08-29T14:09:15,Fuso,Canter,1,0,0.0
2026-08-29T14:09:15,Honda,Hr-V,2,0,0.0
2026-08-29T14:09:15,Honda,Ny1,1,1,1.0
2026-08-29T14:09:15,Hyundai,Bayon,3,0,0.0
2026-08-29T14:09:15,Hyundai,I10,4,0,0.0
2026-08-29T14:09:15,Hyundai,I20,28,0,0.0
2026-08-29T14:09:15,Hyundai,I30,4,0,0.0
2026-08-29T14:09:15,Hyundai,I30 Fastback,1,0,0.0
2026-08-29T14:09:15,Hyundai,I30 Sw,3,0,0.0
2026-08-29T14:09:15,Hyundai,Ioniq,3,2,0.6667
2026-08-29T14:09:15,Hyundai,Kona,27,0,0.0
2026-08-29T14:09:15,Hyundai,Santa Fe,4,0,0.0
2026-08-29T14:09:15,Hyundai,Tucson,49,0,0.0
2026-08-29T14:09:15,Isuzu,D-Max,1,0,0.0
2026-08-29T14:09:15,Iveco,Daily,2,0,0.0
2026-08-29T14:09:15,Jaguar,E-Pace,8,0,0.0
2026-08-29T14:09:15,Jaguar,F-Pace,7,0,0.0
2026-08-29T14:09:15,Jaguar,F-Type Coupe,1,0,0.0
2026-08-29T14:09:15,Jaguar,I-Pace,3,3,1.0
2026-08-29T14:09:15,Jeep,Avenger,4,1,0.25
2026-08-29T14:09:15,Jeep,Cherokee,1,0,0.0
2026-08-29T14:09:15,Jeep,Compass,4,0,0.0
2026-08-29T14:09:15,Jeep,Gladiator,1,0,0.0
2026-08-29T14:09:15,Jeep,Renegade,10,0,0.0
2026-08-29T14:09:15,Kia,Ceed,7,0,0.0
2026-08-29T14:09:15,Kia,Ceed Sw,1,0,0.0
2026-08-29T14:09:15,Kia,Ev2,3,3,1.0
2026-08-29T14:09:15,Kia,Ev3,1,1,1.0
2026-08-29T14:09:15,Kia,Ev4,4,4,1.0
2026-08-29T14:09:15,Kia,Ev5,1,1,1.0
2026-08-29T14:09:15,Kia,Ev6,1,1,1.0
2026-08-29T14:09:15,Kia,Niro,14,0,0.0
2026-08-29T14:09:15,Kia,Picanto,18,0,0.0
2026-08-29T14:09:15,Kia,Pro Ceed,4,0,0.0
2026-08-29T14:09:15,Kia,Pv5 Cargo,1,1,1.0
2026-08-29T14:09:15,Kia,Pv5 Passenger,1,1,1.0
2026-08-29T14:09:15,Kia,Rio,13,0,0.0
2026-08-29T14:09:15,Kia,Sorento,4,0,0.0
2026-08-29T14:09:15,Kia,Sportage,45,0,0.0
2026-08-29T14:09:15,Kia,Stonic,26,0,0.0
2026-08-29T14:09:15,Kia,Venga,1,0,0.0
2026-08-29T14:09:15,Kia,Xceed,8,0,0.0
2026-08-29T14:09:15,Land-Rover,Defender,12,0,0.0
2026-08-29T14:09:15,Land-Rover,Discovery Sport,11,0,0.0
2026-08-29T14:09:15,Land-Rover,Range Rover,6,0,0.0
2026-08-29T14:09:15,Land-Rover,Range Rover Evoque,30,0,0.0
2026-08-29T14:09:15,Land-Rover,Range Rover Evoque Cabriolet,1,0,0.0
2026-08-29T14:09:15,Land-Rover,Range Rover Sport,11,0,0.0
2026-08-29T14:09:15,Land-Rover,Range Rover Velar,11,0,0.0
2026-08-29T14:09:15,Leapmotor,B10,3,0,0.0
2026-08-29T14:09:15,Leapmotor,C10,4,1,0.25
2026-08-29T14:09:15,Leapmotor,T03,2,2,1.0
2026-08-29T14:09:15,Lexus,Ct,3,0,0.0
2026-08-29T14:09:15,Lexus,Lbx,27,0,0.0
2026-08-29T14:09:15,Lexus,Nx,36,0,0.0
2026-08-29T14:09:15,Lexus,Rx,3,0,0.0
2026-08-29T14:09:15,Lexus,Rz,4,4,1.0
2026-08-29T14:09:15,Lexus,Ux,14,1,0.0714
2026-08-29T14:09:15,Man,Tge Fg,1,0,0.0
2026-08-29T14:09:15,Maserati,Ghibli,1,0,0.0
2026-08-29T14:09:15,Maserati,Granturismo,1,0,0.0
2026-08-29T14:09:15,Maserati,Grecale,4,3,0.75
2026-08-29T14:09:15,Maserati,Mc20 Cielo,1,0,0.0
2026-08-29T14:09:15,Mazda,Cx-3,2,0,0.0
2026-08-29T14:09:15,Mazda,Cx-30,10,0,0.0
2026-08-29T14:09:15,Mazda,Cx-5,4,0,0.0
2026-08-29T14:09:15,Mazda,Cx-60,2,0,0.0
2026-08-29T14:09:15,Mazda,Mazda2,3,0,0.0
2026-08-29T14:09:15,Mazda,Mazda3,5,0,0.0
2026-08-29T14:09:15,Mazda,Mazda6,1,0,0.0
2026-08-29T14:09:15,Mazda,Mx-5,2,0,0.0
2026-08-29T14:09:15,Mercedes,Citan,13,3,0.2308
2026-08-29T14:09:15,Mercedes,Cla,70,21,0.3
2026-08-29T14:09:15,Mercedes,Cla Shooting Brake,44,12,0.2727
2026-08-29T14:09:15,Mercedes,Classe A,156,0,0.0
2026-08-29T14:09:15,Mercedes,Classe A Berline,4,0,0.0
2026-08-29T14:09:15,Mercedes,Classe B,59,0,0.0
2026-08-29T14:09:15,Mercedes,Classe C,42,0,0.0
2026-08-29T14:09:15,Mercedes,Classe C Break,24,0,0.0
2026-08-29T14:09:15,Mercedes,Classe C Cabriolet,1,0,0.0
2026-08-29T14:09:15,Mercedes,Classe C Coupé,2,0,0.0
2026-08-29T14:09:15,Mercedes,Classe E,10,0,0.0
2026-08-29T14:09:15,Mercedes,Classe E All-Terrain,2,0,0.0
2026-08-29T14:09:15,Mercedes,Classe E Break,6,0,0.0
2026-08-29T14:09:15,Mercedes,Classe E Coupé,4,0,0.0
2026-08-29T14:09:15,Mercedes,Classe G,2,0,0.0
2026-08-29T14:09:15,Mercedes,Classe S,5,0,0.0
2026-08-29T14:09:15,Mercedes,Classe S Coupé,1,0,0.0
2026-08-29T14:09:15,Mercedes,Classe Sl,2,0,0.0
2026-08-29T14:09:15,Mercedes,Classe T,1,0,0.0
2026-08-29T14:09:15,Mercedes,Classe V,3,0,0.0
2026-08-29T14:09:15,Mercedes,Cle Cabriolet,1,0,0.0
2026-08-29T14:09:15,Mercedes,Cle Coupé,4,0,0.0
2026-08-29T14:09:15,Mercedes,Eqa,13,13,1.0
2026-08-29T14:09:15,Mercedes,Eqb,6,6,1.0
2026-08-29T14:09:15,Mercedes,Eqc,2,2,1.0
2026-08-29T14:09:15,Mercedes,Eqe,9,9,1.0
2026-08-29T14:09:15,Mercedes,Eqe Suv,2,2,1.0
2026-08-29T14:09:15,Mercedes,Eqs,5,5,1.0
2026-08-29T14:09:15,Mercedes,Eqt,1,1,1.0
2026-08-29T14:09:15,Mercedes,Gla,126,0,0.0
2026-08-29T14:09:15,Mercedes,Glb,46,18,0.3913
2026-08-29T14:09:15,Mercedes,Glc,76,12,0.1579
2026-08-29T14:09:15,Mercedes,Glc Coupé,15,0,0.0
2026-08-29T14:09:15,Mercedes,Gle,18,0,0.0
2026-08-29T14:09:15,Mercedes,Gle Coupé,12,0,0.0
2026-08-29T14:09:15,Mercedes,Gls,1,0,0.0
2026-08-29T14:09:15,Mercedes,Sprinter,27,6,0.2222
2026-08-29T14:09:15,Mercedes,Vito,30,2,0.0667
2026-08-29T14:09:15,Mercedes,Vito Tourer,1,0,0.0
2026-08-29T14:09:15,Mg,Cyberster,3,3,1.0
2026-08-29T14:09:15,Mg,Ehs,11,0,0.0
2026-08-29T14:09:15,Mg,Marvel R,4,4,1.0
2026-08-29T14:09:15,Mg,Mg3,19,0,0.0
2026-08-29T14:09:15,Mg,Mg4,2,2,1.0
2026-08-29T14:09:15,Mg,Mg5,3,3,1.0
2026-08-29T14:09:15,Mg,Zs,22,4,0.1818
2026-08-29T14:09:15,Mini,Aceman,3,3,1.0
2026-08-29T14:09:15,Mini,Cabrio,15,0,0.0
2026-08-29T14:09:15,Mini,Clubman,28,0,0.0
2026-08-29T14:09:15,Mini,Cooper 3 Portes,5,2,0.4
2026-08-29T14:09:15,Mini,Cooper 5 Portes,2,0,0.0
2026-08-29T14:09:15,Mini,Countryman,76,3,0.0395
2026-08-29T14:09:15,Mini,Mini,141,42,0.2979
2026-08-29T14:09:15,Mitsubishi,Asx,11,0,0.0
2026-08-29T14:09:15,Mitsubishi,Colt,15,0,0.0
2026-08-29T14:09:15,Mitsubishi,Eclipse Cross,77,0,0.0
2026-08-29T14:09:15,Mitsubishi,L200,1,0,0.0
2026-08-29T14:09:15,Mitsubishi,Outlander,21,0,0.0
2026-08-29T14:09:15,Mitsubishi,Space Star,8,0,0.0
2026-08-29T14:09:15,Mobilize,Duo,1,1,1.0
2026-08-29T14:09:15,Nissan,Ariya,3,3,1.0
2026-08-29T14:09:15,Nissan,Interstar,1,0,0.0
2026-08-29T14:09:15,Nissan,Juke,236,0,0.0
2026-08-29T14:09:15,Nissan,Leaf,14,13,0.9286
2026-08-29T14:09:15,Nissan,Micra,55,9,0.1636
2026-08-29T14:09:15,Nissan,Navara,1,0,0.0
2026-08-29T14:09:15,Nissan,Np300 Navara,1,0,0.0
2026-08-29T14:09:15,Nissan,Nv300,1,0,0.0
2026-08-29T14:09:15,Nissan,Nv400,1,0,0.0
2026-08-29T14:09:15,Nissan,Primastar,4,0,0.0
2026-08-29T14:09:15,Nissan,Primastar Combi,1,0,0.0
2026-08-29T14:09:15,Nissan,Qashqai,257,0,0.0
2026-08-29T14:09:15,Nissan,Townstar,4,3,0.75
2026-08-29T14:09:15,Nissan,X-Trail,32,0,0.0
2026-08-29T14:09:15,Opel,Astra,15,0,0.0
2026-08-29T14:09:15,Opel,Astra Sports Tourer,4,0,0.0
2026-08-29T14:09:15,Opel,Combo Cargo,2,0,0.0
2026-08-29T14:09:15,Opel,Combo Life,1,0,0.0
2026-08-29T14:09:15,Opel,Corsa,73,10,0.137
2026-08-29T14:09:15,Opel,Crossland X,25,0,0.0
2026-08-29T14:09:15,Opel,Frontera,2,1,0.5
2026-08-29T14:09:15,Opel,Grandland,17,1,0.0588
2026-08-29T14:09:15,Opel,Grandland X,14,0,0.0
2026-08-29T14:09:15,Opel,Insignia Grand Sport,3,0,0.0
2026-08-29T14:09:15,Opel,Insignia Sports Tourer,2,0,0.0
2026-08-29T14:09:15,Opel,Karl,1,0,0.0
2026-08-29T14:09:15,Opel,Mokka,51,12,0.2353
2026-08-29T14:09:15,Opel,Mokka X,5,0,0.0
2026-08-29T14:09:15,Opel,Movano,2,0,0.0
2026-08-29T14:09:15,Opel,Vivaro,6,0,0.0
2026-08-29T14:09:15,Opel,Zafira,1,0,0.0
2026-08-29T14:09:15,Peugeot,108,8,0,0.0
2026-08-29T14:09:15,Peugeot,2008,706,73,0.1034
2026-08-29T14:09:15,Peugeot,208,1001,135,0.1349
2026-08-29T14:09:15,Peugeot,3008,468,42,0.0897
2026-08-29T14:09:15,Peugeot,308,308,23,0.0747
2026-08-29T14:09:15,Peugeot,308 Sw,107,4,0.0374
2026-08-29T14:09:15,Peugeot,408,59,6,0.1017
2026-08-29T14:09:15,Peugeot,5008,135,4,0.0296
2026-08-29T14:09:15,Peugeot,508,26,0,0.0
2026-08-29T14:09:15,Peugeot,508 Sw,25,0,0.0
2026-08-29T14:09:15,Peugeot,Boxer,31,0,0.0
2026-08-29T14:09:15,Peugeot,E-208,1,1,1.0
2026-08-29T14:09:15,Peugeot,E-Expert,1,0,0.0
2026-08-29T14:09:15,Peugeot,Expert,51,4,0.0784
2026-08-29T14:09:15,Peugeot,Ion,1,1,1.0
2026-08-29T14:09:15,Peugeot,Partner,125,6,0.048
2026-08-29T14:09:15,Peugeot,Rifter,26,1,0.0385
2026-08-29T14:09:15,Peugeot,Traveller,1,0,0.0
2026-08-29T14:09:15,Porsche,718 Cayman,1,0,0.0
2026-08-29T14:09:15,Porsche,911 Cabriolet,6,0,0.0
2026-08-29T14:09:15,Porsche,911 Coupé,5,0,0.0
2026-08-29T14:09:15,Porsche,911 Speedster,1,0,0.0
2026-08-29T14:09:15,Porsche,911 Targa,1,0,0.0
2026-08-29T14:09:15,Porsche,Cayenne,5,0,0.0
2026-08-29T14:09:15,Porsche,Cayenne Coupé,5,0,0.0
2026-08-29T14:09:15,Porsche,Cayman,1,0,0.0
2026-08-29T14:09:15,Porsche,Macan,5,3,0.6
2026-08-29T14:09:15,Porsche,Panamera,3,0,0.0
2026-08-29T14:09:15,Porsche,Panamera Sport Turismo,3,0,0.0
2026-08-29T14:09:15,Porsche,Taycan,10,10,1.0
2026-08-29T14:09:15,Renault,4,10,10,1.0
2026-08-29T14:09:15,Renault,5,34,34,1.0
2026-08-29T14:09:15,Renault,Arkana,384,0,0.0
2026-08-29T14:09:15,Renault,Austral,312,0,0.0
2026-08-29T14:09:15,Renault,Captur,853,0,0.0
2026-08-29T14:09:15,Renault,Clio,1354,0,0.0
2026-08-29T14:09:15,Renault,Espace,93,0,0.0
2026-08-29T14:09:15,Renault,Express,18,0,0.0
2026-08-29T14:09:15,Renault,Grand Scénic,24,0,0.0
2026-08-29T14:09:15,Renault,Kadjar,71,0,0.0
2026-08-29T14:09:15,Renault,Kangoo,36,0,0.0
2026-08-29T14:09:15,Renault,Kangoo Express,15,1,0.0667
2026-08-29T14:09:15,Renault,Kangoo Van,38,8,0.2105
2026-08-29T14:09:15,Renault,Koleos,11,0,0.0
2026-08-29T14:09:15,Renault,Master,311,12,0.0386
2026-08-29T14:09:15,Renault,Mégane,442,343,0.776
2026-08-29T14:09:15,Renault,Mégane Estate,23,0,0.0
2026-08-29T14:09:15,Renault,Rafale,56,0,0.0
2026-08-29T14:09:15,Renault,Scénic,62,33,0.5323
2026-08-29T14:09:15,Renault,Symbioz,160,0,0.0
2026-08-29T14:09:15,Renault,Talisman,9,0,0.0
2026-08-29T14:09:15,Renault,Talisman Estate,5,0,0.0
2026-08-29T14:09:15,Renault,Trafic,124,0,0.0
2026-08-29T14:09:15,Renault,Trafic Combi,23,0,0.0
2026-08-29T14:09:15,Renault,Twingo,195,114,0.5846
2026-08-29T14:09:15,Renault,Twizy,2,2,1.0
2026-08-29T14:09:15,Renault,Zoé,64,64,1.0
2026-08-29T14:09:15,Seat,Arona,34,0,0.0
2026-08-29T14:09:15,Seat,Ateca,32,0,0.0
2026-08-29T14:09:15,Seat,Ibiza,27,0,0.0
2026-08-29T14:09:15,Seat,Leon,22,0,0.0
2026-08-29T14:09:15,Seat,Leon St,5,0,0.0
2026-08-29T14:09:15,Seat,Tarraco,2,0,0.0
2026-08-29T14:09:15,Skoda,Enyaq,1,1,1.0
2026-08-29T14:09:15,Skoda,Enyaq Coupé,1,1,1.0
2026-08-29T14:09:15,Skoda,Fabia,34,0,0.0
2026-08-29T14:09:15,Skoda,Fabia Combi,1,0,0.0
2026-08-29T14:09:15,Skoda,Kamiq,26,0,0.0
2026-08-29T14:09:15,Skoda,Karoq,18,0,0.0
2026-08-29T14:09:15,Skoda,Kodiaq,11,0,0.0
2026-08-29T14:09:15,Skoda,Octavia,5,0,0.0
2026-08-29T14:09:15,Skoda,Octavia Combi,9,0,0.0
2026-08-29T14:09:15,Skoda,Scala,9,0,0.0
2026-08-29T14:09:15,Skoda,Superb,2,0,0.0
2026-08-29T14:09:15,Skoda,Superb Combi,1,0,0.0
2026-08-29T14:09:15,Smart,1,1,1,1.0
2026-08-29T14:09:15,Smart,3,1,1,1.0
2026-08-29T14:09:15,Smart,5,2,2,1.0
2026-08-29T14:09:15,Smart,Forfour,1,0,0.0
2026-08-29T14:09:15,Suzuki,E Vitara,2,2,1.0
2026-08-29T14:09:15,Suzuki,Ignis,2,0,0.0
2026-08-29T14:09:15,Suzuki,S-Cross,15,0,0.0
2026-08-29T14:09:15,Suzuki,Swift,29,0,0.0
2026-08-29T14:09:15,Suzuki,Vitara,24,1,0.0417
2026-08-29T14:09:15,Tesla,Model 3,3,3,1.0
2026-08-29T14:09:15,Tesla,Model Y,1,1,1.0
2026-08-29T14:09:15,Toyota,Auris,1,0,0.0
2026-08-29T14:09:15,Toyota,Auris Touring Sports,1,0,0.0
2026-08-29T14:09:15,Toyota,Aygo,15,0,0.0
2026-08-29T14:09:15,Toyota,Aygo X,70,0,0.0
2026-08-29T14:09:15,Toyota,Bz4x Touring,3,3,1.0
2026-08-29T14:09:15,Toyota,C-Hr,75,0,0.0
2026-08-29T14:09:15,Toyota,C-Hr et plus,1,1,1.0
2026-08-29T14:09:15,Toyota,Corolla,18,0,0.0
2026-08-29T14:09:15,Toyota,Corolla Touring Sports,10,0,0.0
2026-08-29T14:09:15,Toyota,Hilux,2,0,0.0
2026-08-29T14:09:15,Toyota,Prius,2,0,0.0
2026-08-29T14:09:15,Toyota,Prius Hybride Rechargeable,1,0,0.0
2026-08-29T14:09:15,Toyota,Proace,5,2,0.4
2026-08-29T14:09:15,Toyota,Proace City,1,0,0.0
2026-08-29T14:09:15,Toyota,Proace City Verso,1,0,0.0
2026-08-29T14:09:15,Toyota,Proace Max,1,0,0.0
2026-08-29T14:09:15,Toyota,Rav4,20,0,0.0
2026-08-29T14:09:15,Toyota,Yaris,159,0,0.0
2026-08-29T14:09:15,Toyota,Yaris Cross,101,0,0.0
2026-08-29T14:09:15,Volkswagen,3,12,12,1.0
2026-08-29T14:09:15,Volkswagen,3 Neo,3,3,1.0
2026-08-29T14:09:15,Volkswagen,4,8,8,1.0
2026-08-29T14:09:15,Volkswagen,5,4,4,1.0
2026-08-29T14:09:15,Volkswagen,7,1,1,1.0
2026-08-29T14:09:15,Volkswagen,Arteon,2,0,0.0
2026-08-29T14:09:15,Volkswagen,Buzz,3,3,1.0
2026-08-29T14:09:15,Volkswagen,Caddy,1,0,0.0
2026-08-29T14:09:15,Volkswagen,Caddy Cargo,2,0,0.0
2026-08-29T14:09:15,Volkswagen,Caddy Maxi,1,0,0.0
2026-08-29T14:09:15,Volkswagen,Caddy Van,2,0,0.0
2026-08-29T14:09:15,Volkswagen,Caravelle,3,2,0.6667
2026-08-29T14:09:15,Volkswagen,Crafter,4,0,0.0
2026-08-29T14:09:15,Volkswagen,Golf,72,0,0.0
2026-08-29T14:09:15,Volkswagen,Golf Sportsvan,2,0,0.0
2026-08-29T14:09:15,Volkswagen,Golf Sw,2,0,0.0
2026-08-29T14:09:15,Volkswagen,Multivan,1,0,0.0
2026-08-29T14:09:15,Volkswagen,Passat Sw,9,0,0.0
2026-08-29T14:09:15,Volkswagen,Polo,109,0,0.0
2026-08-29T14:09:15,Volkswagen,T-Cross,52,0,0.0
2026-08-29T14:09:15,Volkswagen,T-Roc,120,0,0.0
2026-08-29T14:09:15,Volkswagen,T-Roc Cabriolet,6,0,0.0
2026-08-29T14:09:15,Volkswagen,Taigo,50,0,0.0
2026-08-29T14:09:15,Volkswagen,Tayron,1,0,0.0
2026-08-29T14:09:15,Volkswagen,Tiguan,85,0,0.0
2026-08-29T14:09:15,Volkswagen,Tiguan Allspace,2,0,0.0
2026-08-29T14:09:15,Volkswagen,Touareg,1,0,0.0
2026-08-29T14:09:15,Volkswagen,Touran,5,0,0.0
2026-08-29T14:09:15,Volkswagen,Transporter,13,1,0.0769
2026-08-29T14:09:15,Volvo,C40,1,1,1.0
2026-08-29T14:09:15,Volvo,Ec40,6,6,1.0
2026-08-29T14:09:15,Volvo,Es90,3,3,1.0
2026-08-29T14:09:15,Volvo,Ex30,14,14,1.0
2026-08-29T14:09:15,Volvo,Ex30 Cross Country,5,5,1.0
2026-08-29T14:09:15,Volvo,Ex40,9,9,1.0
2026-08-29T14:09:15,Volvo,S60,1,0,0.0
2026-08-29T14:09:15,Volvo,S90,1,0,0.0
2026-08-29T14:09:15,Volvo,V60,18,0,0.0
2026-08-29T14:09:15,Volvo,Xc40,42,7,0.1667
2026-08-29T14:09:15,Volvo,Xc60,40,0,0.0
2026-08-29T14:09:15,Volvo,Xc90,10,0,0.0
2026-08-30T14:10:21,Abarth,500,3,0,0.0
2026-08-30T14:10:21,Abarth,500c,2,1,0.5
2026-08-30T14:10:21,Abarth,600,1,1,1.0
2026-08-30T14:10:21,Alfa Romeo,Giulia,3,0,0.0
2026-08-30T14:10:21,Alfa Romeo,Giulietta,1,0,0.0
2026-08-30T14:10:21,Alfa Romeo,Junior,1,0,0.0
2026-08-30T14:10:21,Alfa Romeo,Stelvio,7,0,0.0
2026-08-30T14:10:21,Alfa Romeo,Tonale,7,0,0.0
2026-08-30T14:10:21,Alpine,A110,23,0,0.0
2026-08-30T14:10:21,Alpine,A290,16,16,1.0
2026-08-30T14:10:21,Alpine,A390,6,6,1.0
2026-08-30T14:10:21,Aston Martin,V8 Vantage,1,0,0.0
2026-08-30T14:10:21,Audi,A1 Allstreet,3,0,0.0
2026-08-30T14:10:21,Audi,A1 Citycarver,1,0,0.0
2026-08-30T14:10:21,Audi,A1 Sportback,68,0,0.0
2026-08-30T14:10:21,Audi,A3,1,0,0.0
2026-08-30T14:10:21,Audi,A3 Allstreet,3,0,0.0
2026-08-30T14:10:21,Audi,A3 Sportback,44,0,0.0
2026-08-30T14:10:21,Audi,A4,1,0,0.0
2026-08-30T14:10:21,Audi,A4 Allroad,1,0,0.0
2026-08-30T14:10:21,Audi,A4 Avant,3,0,0.0
2026-08-30T14:10:21,Audi,A5,3,0,0.0
2026-08-30T14:10:21,Audi,A5 Avant,7,0,0.0
2026-08-30T14:10:21,Audi,A5 Sportback,2,0,0.0
2026-08-30T14:10:21,Audi,A6,2,0,0.0
2026-08-30T14:10:21,Audi,A6 Allroad,3,0,0.0
2026-08-30T14:10:21,Audi,A6 Avant,7,0,0.0
2026-08-30T14:10:21,Audi,A6 Avant E-Tron,1,1,1.0
2026-08-30T14:10:21,Audi,A6 Sportback E-Tron,1,1,1.0
2026-08-30T14:10:21,Audi,A8,1,0,0.0
2026-08-30T14:10:21,Audi,E-Tron Gt,1,1,1.0
2026-08-30T14:10:21,Audi,E-Tron S Sportback,2,2,1.0
2026-08-30T14:10:21,Audi,Q2,48,0,0.0
2026-08-30T14:10:21,Audi,Q3,37,0,0.0
2026-08-30T14:10:21,Audi,Q3 Sportback,25,0,0.0
2026-08-30T14:10:21,Audi,Q4 E-Tron,3,3,1.0
2026-08-30T14:10:21,Audi,Q4 Sportback E-Tron,4,4,1.0
2026-08-30T14:10:21,Audi,Q5,21,0,0.0
2026-08-30T14:10:21,Audi,Q5 Sportback,10,0,0.0
2026-08-30T14:10:21,Audi,Q6 E-Tron,7,7,1.0
2026-08-30T14:10:21,Audi,Q6 Sportback E-Tron,6,6,1.0
2026-08-30T14:10:21,Audi,Q8,1,0,0.0
2026-08-30T14:10:21,Audi,Q8 E-Tron,2,2,1.0
2026-08-30T14:10:21,Audi,Q8 E-Tron Sportback,1,1,1.0
2026-08-30T14:10:21,Audi,R8 Spyder,1,0,0.0
2026-08-30T14:10:21,Audi,Rs Q3 Sportback,1,0,0.0
2026-08-30T14:10:21,Audi,Rs3 Sportback,1,0,0.0
2026-08-30T14:10:21,Audi,Rs4 Avant,1,0,0.0
2026-08-30T14:10:21,Audi,Rs5,1,0,0.0
2026-08-30T14:10:21,Audi,Rs6 Avant,3,0,0.0
2026-08-30T14:10:21,Audi,S3,1,0,0.0
2026-08-30T14:10:21,Audi,S3 Sportback,2,0,0.0
2026-08-30T14:10:21,Audi,S4 Avant,1,0,0.0
2026-08-30T14:10:21,Audi,S6 Avant E-Tron,2,2,1.0
2026-08-30T14:10:21,Audi,Tt,1,0,0.0
2026-08-30T14:10:21,Audi,Tt Roadster,1,0,0.0
2026-08-30T14:10:21,Bmw,I3,1,1,1.0
2026-08-30T14:10:21,Bmw,I4,32,32,1.0
2026-08-30T14:10:21,Bmw,I8,1,0,0.0
2026-08-30T14:10:21,Bmw,Ix,4,4,1.0
2026-08-30T14:10:21,Bmw,Ix3,6,6,1.0
2026-08-30T14:10:21,Bmw,M2 Coupé,2,0,0.0
2026-08-30T14:10:21,Bmw,M4 Coupé,3,0,0.0
2026-08-30T14:10:21,Bmw,M5,1,0,0.0
2026-08-30T14:10:21,Bmw,M5 Touring,1,0,0.0
2026-08-30T14:10:21,Bmw,Série 1,135,0,0.0
2026-08-30T14:10:21,Bmw,Série 2 Active Tourer,78,0,0.0
2026-08-30T14:10:21,Bmw,Série 2 Coupé,3,0,0.0
2026-08-30T14:10:21,Bmw,Série 2 Gran Coupé,17,0,0.0
2026-08-30T14:10:21,Bmw,Série 2 Gran Tourer,5,0,0.0
2026-08-30T14:10:21,Bmw,Série 3,13,0,0.0
2026-08-30T14:10:21,Bmw,Série 3 Gran Turismo,4,0,0.0
2026-08-30T14:10:21,Bmw,Série 3 Touring,38,0,0.0
2026-08-30T14:10:21,Bmw,Série 4 Cabriolet,4,0,0.0
2026-08-30T14:10:21,Bmw,Série 4 Coupé,15,0,0.0
2026-08-30T14:10:21,Bmw,Série 4 Gran Coupé,20,0,0.0
2026-08-30T14:10:21,Bmw,Série 5,24,6,0.25
2026-08-30T14:10:21,Bmw,Série 5 Touring,14,2,0.1429
2026-08-30T14:10:21,Bmw,Série 6 Gran Turismo,1,0,0.0
2026-08-30T14:10:21,Bmw,Série 7,1,0,0.0
2026-08-30T14:10:21,Bmw,Série 8 Gran Coupé,2,0,0.0
2026-08-30T14:10:21,Bmw,X1,139,27,0.1942
2026-08-30T14:10:21,Bmw,X2,75,8,0.1067
2026-08-30T14:10:21,Bmw,X3,77,0,0.0
2026-08-30T14:10:21,Bmw,X4,6,0,0.0
2026-08-30T14:10:21,Bmw,X4 M,1,0,0.0
2026-08-30T14:10:21,Bmw,X5,31,0,0.0
2026-08-30T14:10:21,Bmw,X6,2,0,0.0
2026-08-30T14:10:21,Bmw,Xm,4,0,0.0
2026-08-30T14:10:21,Bmw,Z4 Roadster,5,0,0.0
2026-08-30T14:10:21,Byd,Atto 2,1,1,1.0
2026-08-30T14:10:21,Byd,Seal 6 Dm-I,1,0,0.0
2026-08-30T14:10:21,Citroen,Ami,8,8,1.0
2026-08-30T14:10:21,Citroen,Berlingo,10,1,0.1
2026-08-30T14:10:21,Citroen,Berlingo Van,35,0,0.0
2026-08-30T14:10:21,Citroen,C1,10,0,0.0
2026-08-30T14:10:21,Citroen,C3,711,8,0.0113
2026-08-30T14:10:21,Citroen,C3 Aircross,144,7,0.0486
2026-08-30T14:10:21,Citroen,C4,137,22,0.1606
2026-08-30T14:10:21,Citroen,C4 Cactus,16,0,0.0
2026-08-30T14:10:21,Citroen,C4 Picasso,4,0,0.0
2026-08-30T14:10:21,Citroen,C4 Spacetourer,3,0,0.0
2026-08-30T14:10:21,Citroen,C4 X,8,4,0.5
2026-08-30T14:10:21,Citroen,C5 Aircross,200,6,0.03
2026-08-30T14:10:21,Citroen,C5 X,13,0,0.0
2026-08-30T14:10:21,Citroen,Grand C4 Spacetourer,7,0,0.0
2026-08-30T14:10:21,Citroen,Holidays,1,0,0.0
2026-08-30T14:10:21,Citroen,Jumper,16,0,0.0
2026-08-30T14:10:21,Citroen,Jumpy,30,1,0.0333
2026-08-30T14:10:21,Citroen,Spacetourer,13,0,0.0
2026-08-30T14:10:21,Cupra,Born,3,3,1.0
2026-08-30T14:10:21,Cupra,Formentor,21,0,0.0
2026-08-30T14:10:21,Cupra,Leon,7,0,0.0
2026-08-30T14:10:21,Cupra,Leon St,3,0,0.0
2026-08-30T14:10:21,Cupra,Raval,1,1,1.0
2026-08-30T14:10:21,Cupra,Terramar,3,0,0.0
2026-08-30T14:10:21,Dacia,Bigster,49,0,0.0
2026-08-30T14:10:21,Dacia,Duster,401,0,0.0
2026-08-30T14:10:21,Dacia,Jogger,161,0,0.0
2026-08-30T14:10:21,Dacia,Lodgy,9,0,0.0
2026-08-30T14:10:21,Dacia,Logan,3,0,0.0
2026-08-30T14:10:21,Dacia,Logan Mcv,2,0,0.0
2026-08-30T14:10:21,Dacia,Sandero,706,0,0.0
2026-08-30T14:10:21,Dacia,Spring,218,218,1.0
2026-08-30T14:10:21,Ds,4,13,6,0.4615
2026-08-30T14:10:21,Ds,8,8,8,1.0
2026-08-30T14:10:21,Ds,Ds,3,0,0.0
2026-08-30T14:10:21,Ds,Ds 3,55,15,0.2727
2026-08-30T14:10:21,Ds,Ds 3 Crossback,48,8,0.1667
2026-08-30T14:10:21,Ds,Ds 4,110,0,0.0
2026-08-30T14:10:21,Ds,Ds 7,51,0,0.0
2026-08-30T14:10:21,Ds,Ds 7 Crossback,58,0,0.0
2026-08-30T14:10:21,Ds,Ds 9,1,0,0.0
2026-08-30T14:10:21,Fiat,500,38,19,0.5
2026-08-30T14:10:21,Fiat,500c,8,2,0.25
2026-08-30T14:10:21,Fiat,500l,2,0,0.0
2026-08-30T14:10:21,Fiat,500x,19,0,0.0
2026-08-30T14:10:21,Fiat,600,17,2,0.1176
2026-08-30T14:10:21,Fiat,Doblo,1,0,0.0
2026-08-30T14:10:21,Fiat,Doblo Cargo,2,0,0.0
2026-08-30T14:10:21,Fiat,Ducato,3,0,0.0
2026-08-30T14:10:21,Fiat,Fiorino,1,0,0.0
2026-08-30T14:10:21,Fiat,Grande Panda,4,2,0.5
2026-08-30T14:10:21,Fiat,Panda,7,0,0.0
2026-08-30T14:10:21,Fiat,Panda 4x4 Cross,1,0,0.0
2026-08-30T14:10:21,Fiat,Punto,1,0,0.0
2026-08-30T14:10:21,Fiat,Scudo,6,0,0.0
2026-08-30T14:10:21,Fiat,Scudo Combi,3,0,0.0
2026-08-30T14:10:21,Fiat,Talento,1,0,0.0
2026-08-30T14:10:21,Fiat,Tipo,3,0,0.0
2026-08-30T14:10:21,Fiat,Tipo Cross,2,0,0.0
2026-08-30T14:10:21,Fiat,Tipo Sw,1,0,0.0
2026-08-30T14:10:21,Ford,B-Max,1,0,0.0
2026-08-30T14:10:21,Ford,Capri,10,10,1.0
2026-08-30T14:10:21,Ford,Ecosport,17,0,0.0
2026-08-30T14:10:21,Ford,Explorer,13,12,0.9231
2026-08-30T14:10:21,Ford,Fiesta,44,0,0.0
2026-08-30T14:10:21,Ford,Fiesta Active,1,0,0.0
2026-08-30T14:10:21,Ford,Focus,25,0,0.0
2026-08-30T14:10:21,Ford,Focus Active,3,0,0.0
2026-08-30T14:10:21,Ford,Focus Active Sw,1,0,0.0
2026-08-30T14:10:21,Ford,Focus Sw,2,0,0.0
2026-08-30T14:10:21,Ford,Galaxy,2,0,0.0
2026-08-30T14:10:21,Ford,Kuga,77,0,0.0
2026-08-30T14:10:21,Ford,Mondeo,1,0,0.0
2026-08-30T14:10:21,Ford,Mondeo Sw,1,0,0.0
2026-08-30T14:10:21,Ford,Mustang Mach-E,6,6,1.0
2026-08-30T14:10:21,Ford,Puma,147,19,0.1293
2026-08-30T14:10:21,Ford,Ranger,9,0,0.0
2026-08-30T14:10:21,Ford,S-Max,3,0,0.0
2026-08-30T14:10:21,Ford,Tourneo Connect,1,0,0.0
2026-08-30T14:10:21,Ford,Tourneo Courier,3,1,0.3333
2026-08-30T14:10:21,Ford,Tourneo Custom,5,0,0.0
2026-08-30T14:10:21,Ford,Transit 2t,11,1,0.0909
2026-08-30T14:10:21,Ford,Transit Connect,6,0,0.0
2026-08-30T14:10:21,Ford,Transit Courier,4,3,0.75
2026-08-30T14:10:21,Ford,Transit Custom,20,0,0.0
2026-08-30T14:10:21,Ford,Transit Custom Kombi,4,0,0.0
2026-08-30T14:10:21,Ford,Transit Custom Nugget,1,0,0.0
2026-08-30T14:10:21,Fuso,Canter,1,0,0.0
2026-08-30T14:10:21,Honda,Hr-V,2,0,0.0
2026-08-30T14:10:21,Honda,Ny1,1,1,1.0
2026-08-30T14:10:21,Hyundai,Bayon,3,0,0.0
2026-08-30T14:10:21,Hyundai,I10,4,0,0.0
2026-08-30T14:10:21,Hyundai,I20,27,0,0.0
2026-08-30T14:10:21,Hyundai,I30,4,0,0.0
2026-08-30T14:10:21,Hyundai,I30 Fastback,1,0,0.0
2026-08-30T14:10:21,Hyundai,I30 Sw,3,0,0.0
2026-08-30T14:10:21,Hyundai,Ioniq,3,2,0.6667
2026-08-30T14:10:21,Hyundai,Kona,26,0,0.0
2026-08-30T14:10:21,Hyundai,Santa Fe,4,0,0.0
2026-08-30T14:10:21,Hyundai,Tucson,49,0,0.0
2026-08-30T14:10:21,Isuzu,D-Max,1,0,0.0
2026-08-30T14:10:21,Iveco,Daily,2,0,0.0
2026-08-30T14:10:21,Jaguar,E-Pace,8,0,0.0
2026-08-30T14:10:21,Jaguar,F-Pace,7,0,0.0
2026-08-30T14:10:21,Jaguar,F-Type Coupe,1,0,0.0
2026-08-30T14:10:21,Jaguar,I-Pace,3,3,1.0
2026-08-30T14:10:21,Jeep,Avenger,4,1,0.25
2026-08-30T14:10:21,Jeep,Cherokee,1,0,0.0
2026-08-30T14:10:21,Jeep,Compass,4,0,0.0
2026-08-30T14:10:21,Jeep,Gladiator,1,0,0.0
2026-08-30T14:10:21,Jeep,Renegade,10,0,0.0
2026-08-30T14:10:21,Kia,Ceed,7,0,0.0
2026-08-30T14:10:21,Kia,Ceed Sw,1,0,0.0
2026-08-30T14:10:21,Kia,Ev2,3,3,1.0
2026-08-30T14:10:21,Kia,Ev3,1,1,1.0
2026-08-30T14:10:21,Kia,Ev4,4,4,1.0
2026-08-30T14:10:21,Kia,Ev5,1,1,1.0
2026-08-30T14:10:21,Kia,Ev6,1,1,1.0
2026-08-30T14:10:21,Kia,Niro,14,0,0.0
2026-08-30T14:10:21,Kia,Picanto,18,0,0.0
2026-08-30T14:10:21,Kia,Pro Ceed,4,0,0.0
2026-08-30T14:10:21,Kia,Pv5 Cargo,1,1,1.0
2026-08-30T14:10:21,Kia,Pv5 Passenger,1,1,1.0
2026-08-30T14:10:21,Kia,Rio,12,0,0.0
2026-08-30T14:10:21,Kia,Sorento,3,0,0.0
2026-08-30T14:10:21,Kia,Sportage,43,0,0.0
2026-08-30T14:10:21,Kia,Stonic,26,0,0.0
2026-08-30T14:10:21,Kia,Venga,1,0,0.0
2026-08-30T14:10:21,Kia,Xceed,8,0,0.0
2026-08-30T14:10:21,Land-Rover,Defender,12,0,0.0
2026-08-30T14:10:21,Land-Rover,Discovery Sport,10,0,0.0
2026-08-30T14:10:21,Land-Rover,Range Rover,6,0,0.0
2026-08-30T14:10:21,Land-Rover,Range Rover Evoque,29,0,0.0
2026-08-30T14:10:21,Land-Rover,Range Rover Evoque Cabriolet,1,0,0.0
2026-08-30T14:10:21,Land-Rover,Range Rover Sport,11,0,0.0
2026-08-30T14:10:21,Land-Rover,Range Rover Velar,11,0,0.0
2026-08-30T14:10:21,Leapmotor,B10,3,0,0.0
2026-08-30T14:10:21,Leapmotor,C10,4,1,0.25
2026-08-30T14:10:21,Leapmotor,T03,2,2,1.0
2026-08-30T14:10:21,Lexus,Ct,3,0,0.0
2026-08-30T14:10:21,Lexus,Lbx,27,0,0.0
2026-08-30T14:10:21,Lexus,Nx,36,0,0.0
2026-08-30T14:10:21,Lexus,Rx,3,0,0.0
2026-08-30T14:10:21,Lexus,Rz,4,4,1.0
2026-08-30T14:10:21,Lexus,Ux,14,1,0.0714
2026-08-30T14:10:21,Man,Tge Fg,1,0,0.0
2026-08-30T14:10:21,Maserati,Ghibli,1,0,0.0
2026-08-30T14:10:21,Maserati,Granturismo,1,0,0.0
2026-08-30T14:10:21,Maserati,Grecale,3,3,1.0
2026-08-30T14:10:21,Maserati,Mc20 Cielo,1,0,0.0
2026-08-30T14:10:21,Mazda,Cx-3,2,0,0.0
2026-08-30T14:10:21,Mazda,Cx-30,9,0,0.0
2026-08-30T14:10:21,Mazda,Cx-5,4,0,0.0
2026-08-30T14:10:21,Mazda,Cx-60,2,0,0.0
2026-08-30T14:10:21,Mazda,Mazda2,3,0,0.0
2026-08-30T14:10:21,Mazda,Mazda3,4,0,0.0
2026-08-30T14:10:21,Mazda,Mazda6,1,0,0.0
2026-08-30T14:10:21,Mazda,Mx-5,2,0,0.0
2026-08-30T14:10:21,Mercedes,Citan,13,3,0.2308
2026-08-30T14:10:21,Mercedes,Cla,70,21,0.3
2026-08-30T14:10:21,Mercedes,Cla Shooting Brake,45,13,0.2889
2026-08-30T14:10:21,Mercedes,Classe A,153,0,0.0
2026-08-30T14:10:21,Mercedes,Classe A Berline,4,0,0.0
2026-08-30T14:10:21,Mercedes,Classe B,59,0,0.0
2026-08-30T14:10:21,Mercedes,Classe C,42,0,0.0
2026-08-30T14:10:21,Mercedes,Classe C Break,23,0,0.0
2026-08-30T14:10:21,Mercedes,Classe C Cabriolet,1,0,0.0
2026-08-30T14:10:21,Mercedes,Classe C Coupé,2,0,0.0
2026-08-30T14:10:21,Mercedes,Classe E,10,0,0.0
2026-08-30T14:10:21,Mercedes,Classe E All-Terrain,2,0,0.0
2026-08-30T14:10:21,Mercedes,Classe E Break,6,0,0.0
2026-08-30T14:10:21,Mercedes,Classe E Coupé,4,0,0.0
2026-08-30T14:10:21,Mercedes,Classe G,2,0,0.0
2026-08-30T14:10:21,Mercedes,Classe S,5,0,0.0
2026-08-30T14:10:21,Mercedes,Classe S Coupé,1,0,0.0
2026-08-30T14:10:21,Mercedes,Classe Sl,2,0,0.0
2026-08-30T14:10:21,Mercedes,Classe T,1,0,0.0
2026-08-30T14:10:21,Mercedes,Classe V,3,0,0.0
2026-08-30T14:10:21,Mercedes,Cle Cabriolet,1,0,0.0
2026-08-30T14:10:21,Mercedes,Cle Coupé,4,0,0.0
2026-08-30T14:10:21,Mercedes,Eqa,12,12,1.0
2026-08-30T14:10:21,Mercedes,Eqb,6,6,1.0
2026-08-30T14:10:21,Mercedes,Eqc,2,2,1.0
2026-08-30T14:10:21,Mercedes,Eqe,9,9,1.0
2026-08-30T14:10:21,Mercedes,Eqe Suv,2,2,1.0
2026-08-30T14:10:21,Mercedes,Eqs,5,5,1.0
2026-08-30T14:10:21,Mercedes,Eqt,1,1,1.0
2026-08-30T14:10:21,Mercedes,Gla,126,0,0.0
2026-08-30T14:10:21,Mercedes,Glb,45,18,0.4
2026-08-30T14:10:21,Mercedes,Glc,75,11,0.1467
2026-08-30T14:10:21,Mercedes,Glc Coupé,14,0,0.0
2026-08-30T14:10:21,Mercedes,Gle,18,0,0.0
2026-08-30T14:10:21,Mercedes,Gle Coupé,12,0,0.0
2026-08-30T14:10:21,Mercedes,Gls,1,0,0.0
2026-08-30T14:10:21,Mercedes,Sprinter,27,6,0.2222
2026-08-30T14:10:21,Mercedes,Vito,30,2,0.0667
2026-08-30T14:10:21,Mercedes,Vito Tourer,1,0,0.0
2026-08-30T14:10:21,Mg,Cyberster,3,3,1.0
2026-08-30T14:10:21,Mg,Ehs,11,0,0.0
2026-08-30T14:10:21,Mg,Marvel R,4,4,1.0
2026-08-30T14:10:21,Mg,Mg3,19,0,0.0
2026-08-30T14:10:21,Mg,Mg4,2,2,1.0
2026-08-30T14:10:21,Mg,Mg5,3,3,1.0
2026-08-30T14:10:21,Mg,Zs,22,4,0.1818
2026-08-30T14:10:21,Mini,Aceman,3,3,1.0
2026-08-30T14:10:21,Mini,Cabrio,15,0,0.0
2026-08-30T14:10:21,Mini,Clubman,28,0,0.0
2026-08-30T14:10:21,Mini,Cooper 3 Portes,5,2,0.4
2026-08-30T14:10:21,Mini,Cooper 5 Portes,2,0,0.0
2026-08-30T14:10:21,Mini,Countryman,73,3,0.0411
2026-08-30T14:10:21,Mini,Mini,139,42,0.3022
2026-08-30T14:10:21,Mitsubishi,Asx,11,0,0.0
2026-08-30T14:10:21,Mitsubishi,Colt,15,0,0.0
2026-08-30T14:10:21,Mitsubishi,Eclipse Cross,75,0,0.0
2026-08-30T14:10:21,Mitsubishi,L200,1,0,0.0
2026-08-30T14:10:21,Mitsubishi,Outlander,21,0,0.0
2026-08-30T14:10:21,Mitsubishi,Space Star,8,0,0.0
2026-08-30T14:10:21,Mobilize,Duo,1,1,1.0
2026-08-30T14:10:21,Nissan,Ariya,3,3,1.0
2026-08-30T14:10:21,Nissan,Interstar,1,0,0.0
2026-08-30T14:10:21,Nissan,Juke,234,0,0.0
2026-08-30T14:10:21,Nissan,Leaf,14,13,0.9286
2026-08-30T14:10:21,Nissan,Micra,54,9,0.1667
2026-08-30T14:10:21,Nissan,Navara,1,0,0.0
2026-08-30T14:10:21,Nissan,Np300 Navara,1,0,0.0
2026-08-30T14:10:21,Nissan,Nv300,1,0,0.0
2026-08-30T14:10:21,Nissan,Nv400,1,0,0.0
2026-08-30T14:10:21,Nissan,Primastar,4,0,0.0
2026-08-30T14:10:21,Nissan,Primastar Combi,1,0,0.0
2026-08-30T14:10:21,Nissan,Qashqai,254,0,0.0
2026-08-30T14:10:21,Nissan,Townstar,4,3,0.75
2026-08-30T14:10:21,Nissan,X-Trail,30,0,0.0
2026-08-30T14:10:21,Opel,Astra,14,0,0.0
2026-08-30T14:10:21,Opel,Astra Sports Tourer,4,0,0.0
2026-08-30T14:10:21,Opel,Combo Cargo,2,0,0.0
2026-08-30T14:10:21,Opel,Combo Life,1,0,0.0
2026-08-30T14:10:21,Opel,Corsa,72,10,0.1389
2026-08-30T14:10:21,Opel,Crossland X,25,0,0.0
2026-08-30T14:10:21,Opel,Frontera,2,1,0.5
2026-08-30T14:10:21,Opel,Grandland,17,1,0.0588
2026-08-30T14:10:21,Opel,Grandland X,13,0,0.0
2026-08-30T14:10:21,Opel,Insignia Grand Sport,2,0,0.0
2026-08-30T14:10:21,Opel,Insignia Sports Tourer,2,0,0.0
2026-08-30T14:10:21,Opel,Karl,1,0,0.0
2026-08-30T14:10:21,Opel,Mokka,51,12,0.2353
2026-08-30T14:10:21,Opel,Mokka X,5,0,0.0
2026-08-30T14:10:21,Opel,Movano,2,0,0.0
2026-08-30T14:10:21,Opel,Vivaro,6,0,0.0
2026-08-30T14:10:21,Opel,Zafira,1,0,0.0
2026-08-30T14:10:21,Peugeot,108,8,0,0.0
2026-08-30T14:10:21,Peugeot,2008,691,72,0.1042
2026-08-30T14:10:21,Peugeot,208,985,131,0.133
2026-08-30T14:10:21,Peugeot,3008,462,42,0.0909
2026-08-30T14:10:21,Peugeot,308,304,23,0.0757
2026-08-30T14:10:21,Peugeot,308 Sw,104,4,0.0385
2026-08-30T14:10:21,Peugeot,408,59,6,0.1017
2026-08-30T14:10:21,Peugeot,5008,134,4,0.0299
2026-08-30T14:10:21,Peugeot,508,25,0,0.0
2026-08-30T14:10:21,Peugeot,508 Sw,25,0,0.0
2026-08-30T14:10:21,Peugeot,Boxer,30,0,0.0
2026-08-30T14:10:21,Peugeot,E-208,1,1,1.0
2026-08-30T14:10:21,Peugeot,E-Expert,1,0,0.0
2026-08-30T14:10:21,Peugeot,Expert,49,4,0.0816
2026-08-30T14:10:21,Peugeot,Ion,1,1,1.0
2026-08-30T14:10:21,Peugeot,Partner,124,6,0.0484
2026-08-30T14:10:21,Peugeot,Rifter,25,1,0.04
2026-08-30T14:10:21,Peugeot,Traveller,1,0,0.0
2026-08-30T14:10:21,Porsche,718 Cayman,1,0,0.0
2026-08-30T14:10:21,Porsche,911 Cabriolet,6,0,0.0
2026-08-30T14:10:21,Porsche,911 Coupé,5,0,0.0
2026-08-30T14:10:21,Porsche,911 Speedster,1,0,0.0
2026-08-30T14:10:21,Porsche,911 Targa,1,0,0.0
2026-08-30T14:10:21,Porsche,Cayenne,5,0,0.0
2026-08-30T14:10:21,Porsche,Cayenne Coupé,5,0,0.0
2026-08-30T14:10:21,Porsche,Cayman,1,0,0.0
2026-08-30T14:10:21,Porsche,Macan,5,3,0.6
2026-08-30T14:10:21,Porsche,Panamera,3,0,0.0
2026-08-30T14:10:21,Porsche,Panamera Sport Turismo,3,0,0.0
2026-08-30T14:10:21,Porsche,Taycan,10,10,1.0
2026-08-30T14:10:21,Renault,4,10,10,1.0
2026-08-30T14:10:21,Renault,5,33,33,1.0
2026-08-30T14:10:21,Renault,Arkana,375,0,0.0
2026-08-30T14:10:21,Renault,Austral,309,0,0.0
2026-08-30T14:10:21,Renault,Captur,845,0,0.0
2026-08-30T14:10:21,Renault,Clio,1330,0,0.0
2026-08-30T14:10:21,Renault,Espace,93,0,0.0
2026-08-30T14:10:21,Renault,Express,18,0,0.0
2026-08-30T14:10:21,Renault,Grand Scénic,24,0,0.0
2026-08-30T14:10:21,Renault,Kadjar,68,0,0.0
2026-08-30T14:10:21,Renault,Kangoo,36,0,0.0
2026-08-30T14:10:21,Renault,Kangoo Express,15,1,0.0667
2026-08-30T14:10:21,Renault,Kangoo Van,38,8,0.2105
2026-08-30T14:10:21,Renault,Koleos,11,0,0.0
2026-08-30T14:10:21,Renault,Master,303,12,0.0396
2026-08-30T14:10:21,Renault,Mégane,434,338,0.7788
2026-08-30T14:10:21,Renault,Mégane Estate,20,0,0.0
2026-08-30T14:10:21,Renault,Rafale,55,0,0.0
2026-08-30T14:10:21,Renault,Scénic,62,33,0.5323
2026-08-30T14:10:21,Renault,Symbioz,158,0,0.0
2026-08-30T14:10:21,Renault,Talisman,9,0,0.0
2026-08-30T14:10:21,Renault,Talisman Estate,5,0,0.0
2026-08-30T14:10:21,Renault,Trafic,123,0,0.0
2026-08-30T14:10:21,Renault,Trafic Combi,20,0,0.0
2026-08-30T14:10:21,Renault,Twingo,188,112,0.5957
2026-08-30T14:10:21,Renault,Twizy,2,2,1.0
2026-08-30T14:10:21,Renault,Zoé,61,61,1.0
2026-08-30T14:10:21,Seat,Arona,33,0,0.0
2026-08-30T14:10:21,Seat,Ateca,31,0,0.0
2026-08-30T14:10:21,Seat,Ibiza,27,0,0.0
2026-08-30T14:10:21,Seat,Leon,21,0,0.0
2026-08-30T14:10:21,Seat,Leon St,5,0,0.0
2026-08-30T14:10:21,Seat,Tarraco,2,0,0.0
2026-08-30T14:10:21,Skoda,Enyaq,1,1,1.0
2026-08-30T14:10:21,Skoda,Enyaq Coupé,1,1,1.0
2026-08-30T14:10:21,Skoda,Fabia,33,0,0.0
2026-08-30T14:10:21,Skoda,Fabia Combi,1,0,0.0
2026-08-30T14:10:21,Skoda,Kamiq,23,0,0.0
2026-08-30T14:10:21,Skoda,Karoq,17,0,0.0
2026-08-30T14:10:21,Skoda,Kodiaq,10,0,0.0
2026-08-30T14:10:21,Skoda,Octavia,5,0,0.0
2026-08-30T14:10:21,Skoda,Octavia Combi,9,0,0.0
2026-08-30T14:10:21,Skoda,Scala,9,0,0.0
2026-08-30T14:10:21,Skoda,Superb,2,0,0.0
2026-08-30T14:10:21,Skoda,Superb Combi,1,0,0.0
2026-08-30T14:10:21,Smart,1,1,1,1.0
2026-08-30T14:10:21,Smart,3,1,1,1.0
2026-08-30T14:10:21,Smart,5,2,2,1.0
2026-08-30T14:10:21,Smart,Forfour,1,0,0.0
2026-08-30T14:10:21,Suzuki,E Vitara,2,2,1.0
2026-08-30T14:10:21,Suzuki,Ignis,2,0,0.0
2026-08-30T14:10:21,Suzuki,S-Cross,15,0,0.0
2026-08-30T14:10:21,Suzuki,Swift,28,0,0.0
2026-08-30T14:10:21,Suzuki,Vitara,23,1,0.0435
2026-08-31T16:36:08,Abarth,500,3,0,0.0
2026-08-31T16:36:08,Abarth,500c,2,1,0.5
2026-08-31T16:36:08,Abarth,600,1,1,1.0
2026-08-31T16:36:08,Alfa Romeo,Giulia,3,0,0.0
2026-08-31T16:36:08,Alfa Romeo,Giulietta,1,0,0.0
2026-08-31T16:36:08,Alfa Romeo,Junior,1,0,0.0
2026-08-31T16:36:08,Alfa Romeo,Stelvio,6,0,0.0
2026-08-31T16:36:08,Alfa Romeo,Tonale,7,0,0.0
2026-08-31T16:36:08,Alpine,A110,27,0,0.0
2026-08-31T16:36:08,Alpine,A290,17,17,1.0
2026-08-31T16:36:08,Alpine,A390,6,6,1.0
2026-08-31T16:36:08,Aston Martin,V8 Vantage,1,0,0.0
2026-08-31T16:36:08,Audi,A1 Allstreet,3,0,0.0
2026-08-31T16:36:08,Audi,A1 Citycarver,1,0,0.0
2026-08-31T16:36:08,Audi,A1 Sportback,67,0,0.0
2026-08-31T16:36:08,Audi,A3,1,0,0.0
2026-08-31T16:36:08,Audi,A3 Allstreet,3,0,0.0
2026-08-31T16:36:08,Audi,A3 Sportback,44,0,0.0
2026-08-31T16:36:08,Audi,A4,2,0,0.0
2026-08-31T16:36:08,Audi,A4 Allroad,1,0,0.0
2026-08-31T16:36:08,Audi,A4 Avant,3,0,0.0
2026-08-31T16:36:08,Audi,A5,3,0,0.0
2026-08-31T16:36:08,Audi,A5 Avant,7,0,0.0
2026-08-31T16:36:08,Audi,A5 Sportback,2,0,0.0
2026-08-31T16:36:08,Audi,A6,2,0,0.0
2026-08-31T16:36:08,Audi,A6 Allroad,3,0,0.0
2026-08-31T16:36:08,Audi,A6 Avant,7,0,0.0
2026-08-31T16:36:08,Audi,A6 Avant E-Tron,1,1,1.0
2026-08-31T16:36:08,Audi,A6 Sportback E-Tron,1,1,1.0
2026-08-31T16:36:08,Audi,A8,1,0,0.0
2026-08-31T16:36:08,Audi,E-Tron Gt,1,1,1.0
2026-08-31T16:36:08,Audi,E-Tron S Sportback,2,2,1.0
2026-08-31T16:36:08,Audi,Q2,49,0,0.0
2026-08-31T16:36:08,Audi,Q3,36,0,0.0
2026-08-31T16:36:08,Audi,Q3 Sportback,25,0,0.0
2026-08-31T16:36:08,Audi,Q4 E-Tron,3,3,1.0
2026-08-31T16:36:08,Audi,Q4 Sportback E-Tron,4,4,1.0
2026-08-31T16:36:08,Audi,Q5,20,0,0.0
2026-08-31T16:36:08,Audi,Q5 Sportback,10,0,0.0
2026-08-31T16:36:08,Audi,Q6 E-Tron,7,7,1.0
2026-08-31T16:36:08,Audi,Q6 Sportback E-Tron,6,6,1.0
2026-08-31T16:36:08,Audi,Q8,1,0,0.0
2026-08-31T16:36:08,Audi,Q8 E-Tron,1,1,1.0
2026-08-31T16:36:08,Audi,Q8 E-Tron Sportback,1,1,1.0
2026-08-31T16:36:08,Audi,R8 Spyder,1,0,0.0
2026-08-31T16:36:08,Audi,Rs Q3 Sportback,1,0,0.0
2026-08-31T16:36:08,Audi,Rs3 Sportback,1,0,0.0
2026-08-31T16:36:08,Audi,Rs4 Avant,1,0,0.0
2026-08-31T16:36:08,Audi,Rs5,1,0,0.0
2026-08-31T16:36:08,Audi,Rs6 Avant,2,0,0.0
2026-08-31T16:36:08,Audi,S3,1,0,0.0
2026-08-31T16:36:08,Audi,S3 Sportback,2,0,0.0
2026-08-31T16:36:08,Audi,S4 Avant,1,0,0.0
2026-08-31T16:36:08,Audi,S6 Avant E-Tron,2,2,1.0
2026-08-31T16:36:08,Audi,Tt,1,0,0.0
2026-08-31T16:36:08,Audi,Tt Roadster,1,0,0.0
2026-08-31T16:36:08,Bmw,I3,1,1,1.0
2026-08-31T16:36:08,Bmw,I4,32,32,1.0
2026-08-31T16:36:08,Bmw,I8,1,0,0.0
2026-08-31T16:36:08,Bmw,Ix,4,4,1.0
2026-08-31T16:36:08,Bmw,Ix3,6,6,1.0
2026-08-31T16:36:08,Bmw,M2 Coupé,2,0,0.0
2026-08-31T16:36:08,Bmw,M4 Coupé,3,0,0.0
2026-08-31T16:36:08,Bmw,M5,1,0,0.0
2026-08-31T16:36:08,Bmw,M5 Touring,1,0,0.0
2026-08-31T16:36:08,Bmw,Série 1,134,0,0.0
2026-08-31T16:36:08,Bmw,Série 2 Active Tourer,76,0,0.0
2026-08-31T16:36:08,Bmw,Série 2 Coupé,3,0,0.0
2026-08-31T16:36:08,Bmw,Série 2 Gran Coupé,17,0,0.0
2026-08-31T16:36:08,Bmw,Série 2 Gran Tourer,5,0,0.0
2026-08-31T16:36:08,Bmw,Série 3,13,0,0.0
2026-08-31T16:36:08,Bmw,Série 3 Gran Turismo,4,0,0.0
2026-08-31T16:36:08,Bmw,Série 3 Touring,38,0,0.0
2026-08-31T16:36:08,Bmw,Série 4 Cabriolet,3,0,0.0
2026-08-31T16:36:08,Bmw,Série 4 Coupé,15,0,0.0
2026-08-31T16:36:08,Bmw,Série 4 Gran Coupé,20,0,0.0
2026-08-31T16:36:08,Bmw,Série 5,24,6,0.25
2026-08-31T16:36:08,Bmw,Série 5 Touring,14,2,0.1429
2026-08-31T16:36:08,Bmw,Série 6 Gran Turismo,1,0,0.0
2026-08-31T16:36:08,Bmw,Série 7,1,0,0.0
2026-08-31T16:36:08,Bmw,Série 8 Gran Coupé,2,0,0.0
2026-08-31T16:36:08,Bmw,X1,140,29,0.2071
2026-08-31T16:36:08,Bmw,X2,74,8,0.1081
2026-08-31T16:36:08,Bmw,X3,76,0,0.0
2026-08-31T16:36:08,Bmw,X4,6,0,0.0
2026-08-31T16:36:08,Bmw,X4 M,1,0,0.0
2026-08-31T16:36:08,Bmw,X5,33,0,0.0
2026-08-31T16:36:08,Bmw,X6,2,0,0.0
2026-08-31T16:36:08,Bmw,Xm,4,0,0.0
2026-08-31T16:36:08,Bmw,Z4 Roadster,5,0,0.0
2026-08-31T16:36:08,Byd,Atto 2,1,1,1.0
2026-08-31T16:36:08,Byd,Seal 6 Dm-I,1,0,0.0
2026-08-31T16:36:08,Citroen,Ami,10,10,1.0
2026-08-31T16:36:08,Citroen,Berlingo,8,1,0.125
2026-08-31T16:36:08,Citroen,Berlingo Van,36,0,0.0
2026-08-31T16:36:08,Citroen,C1,10,0,0.0
2026-08-31T16:36:08,Citroen,C3,704,8,0.0114
2026-08-31T16:36:08,Citroen,C3 Aircross,143,7,0.049
2026-08-31T16:36:08,Citroen,C4,136,22,0.1618
2026-08-31T16:36:08,Citroen,C4 Cactus,17,0,0.0
2026-08-31T16:36:08,Citroen,C4 Picasso,4,0,0.0
2026-08-31T16:36:08,Citroen,C4 Spacetourer,3,0,0.0
2026-08-31T16:36:08,Citroen,C4 X,8,4,0.5
2026-08-31T16:36:08,Citroen,C5 Aircross,202,6,0.0297
2026-08-31T16:36:08,Citroen,C5 X,13,0,0.0
2026-08-31T16:36:08,Citroen,Grand C4 Spacetourer,7,0,0.0
2026-08-31T16:36:08,Citroen,Holidays,1,0,0.0
2026-08-31T16:36:08,Citroen,Jumper,16,0,0.0
2026-08-31T16:36:08,Citroen,Jumpy,29,1,0.0345
2026-08-31T16:36:08,Citroen,Spacetourer,13,0,0.0
2026-08-31T16:36:08,Cupra,Born,3,3,1.0
2026-08-31T16:36:08,Cupra,Formentor,21,0,0.0
2026-08-31T16:36:08,Cupra,Leon,7,0,0.0
2026-08-31T16:36:08,Cupra,Leon St,3,0,0.0
2026-08-31T16:36:08,Cupra,Raval,1,1,1.0
2026-08-31T16:36:08,Cupra,Terramar,3,0,0.0
2026-08-31T16:36:08,Dacia,Bigster,49,0,0.0
2026-08-31T16:36:08,Dacia,Duster,396,0,0.0
2026-08-31T16:36:08,Dacia,Jogger,161,0,0.0
2026-08-31T16:36:08,Dacia,Lodgy,7,0,0.0
2026-08-31T16:36:08,Dacia,Logan,3,0,0.0
2026-08-31T16:36:08,Dacia,Logan Mcv,1,0,0.0
2026-08-31T16:36:08,Dacia,Sandero,700,0,0.0
2026-08-31T16:36:08,Dacia,Spring,215,215,1.0
2026-08-31T16:36:08,Ds,4,14,7,0.5
2026-08-31T16:36:08,Ds,8,8,8,1.0
2026-08-31T16:36:08,Ds,Ds,3,0,0.0
2026-08-31T16:36:08,Ds,Ds 3,52,13,0.25
2026-08-31T16:36:08,Ds,Ds 3 Crossback,48,8,0.1667
2026-08-31T16:36:08,Ds,Ds 4,109,0,0.0
2026-08-31T16:36:08,Ds,Ds 7,50,0,0.0
2026-08-31T16:36:08,Ds,Ds 7 Crossback,57,0,0.0
2026-08-31T16:36:08,Ds,Ds 9,1,0,0.0
2026-08-31T16:36:08,Fiat,500,37,19,0.5135
2026-08-31T16:36:08,Fiat,500c,8,2,0.25
2026-08-31T16:36:08,Fiat,500l,2,0,0.0
2026-08-31T16:36:08,Fiat,500x,19,0,0.0
2026-08-31T16:36:08,Fiat,600,17,2,0.1176
2026-08-31T16:36:08,Fiat,Doblo,1,0,0.0
2026-08-31T16:36:08,Fiat,Doblo Cargo,2,0,0.0
2026-08-31T16:36:08,Fiat,Ducato,3,0,0.0
2026-08-31T16:36:08,Fiat,Fiorino,1,0,0.0
2026-08-31T16:36:08,Fiat,Grande Panda,4,2,0.5
2026-08-31T16:36:08,Fiat,Panda,6,0,0.0
2026-08-31T16:36:08,Fiat,Panda 4x4 Cross,1,0,0.0
2026-08-31T16:36:08,Fiat,Punto,1,0,0.0
2026-08-31T16:36:08,Fiat,Scudo,5,0,0.0
2026-08-31T16:36:08,Fiat,Scudo Combi,3,0,0.0
2026-08-31T16:36:08,Fiat,Talento,1,0,0.0
2026-08-31T16:36:08,Fiat,Tipo,2,0,0.0
2026-08-31T16:36:08,Fiat,Tipo Cross,2,0,0.0
2026-08-31T16:36:08,Fiat,Tipo Sw,1,0,0.0
2026-08-31T16:36:08,Ford,B-Max,1,0,0.0
2026-08-31T16:36:08,Ford,Capri,10,10,1.0
2026-08-31T16:36:08,Ford,Ecosport,17,0,0.0
2026-08-31T16:36:08,Ford,Explorer,13,12,0.9231
2026-08-31T16:36:08,Ford,Fiesta,41,0,0.0
2026-08-31T16:36:08,Ford,Fiesta Active,1,0,0.0
2026-08-31T16:36:08,Ford,Focus,25,0,0.0
2026-08-31T16:36:08,Ford,Focus Active,3,0,0.0
2026-08-31T16:36:08,Ford,Focus Active Sw,1,0,0.0
2026-08-31T16:36:08,Ford,Focus Sw,2,0,0.0
2026-08-31T16:36:08,Ford,Galaxy,2,0,0.0
2026-08-31T16:36:08,Ford,Kuga,78,0,0.0
2026-08-31T16:36:08,Ford,Mondeo,1,0,0.0
2026-08-31T16:36:08,Ford,Mondeo Sw,1,0,0.0
2026-08-31T16:36:08,Ford,Mustang Mach-E,6,6,1.0
2026-08-31T16:36:08,Ford,Puma,147,19,0.1293
2026-08-31T16:36:08,Ford,Ranger,9,0,0.0
2026-08-31T16:36:08,Ford,S-Max,3,0,0.0
2026-08-31T16:36:08,Ford,Tourneo Connect,1,0,0.0
2026-08-31T16:36:08,Ford,Tourneo Courier,3,1,0.3333
2026-08-31T16:36:08,Ford,Tourneo Custom,5,0,0.0
2026-08-31T16:36:08,Ford,Transit 2t,11,1,0.0909
2026-08-31T16:36:08,Ford,Transit Connect,5,0,0.0
2026-08-31T16:36:08,Ford,Transit Courier,4,3,0.75
2026-08-31T16:36:08,Ford,Transit Custom,20,0,0.0
2026-08-31T16:36:08,Ford,Transit Custom Kombi,4,0,0.0
2026-08-31T16:36:08,Ford,Transit Custom Nugget,1,0,0.0
2026-08-31T16:36:08,Fuso,Canter,1,0,0.0
2026-08-31T16:36:08,Honda,Hr-V,2,0,0.0
2026-08-31T16:36:08,Honda,Ny1,1,1,1.0
2026-08-31T16:36:08,Hyundai,Bayon,3,0,0.0
2026-08-31T16:36:08,Hyundai,I10,4,0,0.0
2026-08-31T16:36:08,Hyundai,I20,27,0,0.0
2026-08-31T16:36:08,Hyundai,I30,4,0,0.0
2026-08-31T16:36:08,Hyundai,I30 Fastback,1,0,0.0
2026-08-31T16:36:08,Hyundai,I30 Sw,4,0,0.0
2026-08-31T16:36:08,Hyundai,Ioniq,3,2,0.6667
2026-08-31T16:36:08,Hyundai,Kona,26,0,0.0
2026-08-31T16:36:08,Hyundai,Santa Fe,4,0,0.0
2026-08-31T16:36:08,Hyundai,Tucson,48,0,0.0
2026-08-31T16:36:08,Isuzu,D-Max,1,0,0.0
2026-08-31T16:36:08,Iveco,Daily,2,0,0.0
2026-08-31T16:36:08,Jaguar,E-Pace,8,0,0.0
2026-08-31T16:36:08,Jaguar,F-Pace,7,0,0.0
2026-08-31T16:36:08,Jaguar,F-Type Coupe,1,0,0.0
2026-08-31T16:36:08,Jaguar,I-Pace,3,3,1.0
2026-08-31T16:36:08,Jeep,Avenger,4,1,0.25
2026-08-31T16:36:08,Jeep,Cherokee,1,0,0.0
2026-08-31T16:36:08,Jeep,Compass,4,0,0.0
2026-08-31T16:36:08,Jeep,Gladiator,1,0,0.0
2026-08-31T16:36:08,Jeep,Renegade,10,0,0.0
2026-08-31T16:36:08,Kia,Ceed,7,0,0.0
2026-08-31T16:36:08,Kia,Ceed Sw,1,0,0.0
2026-08-31T16:36:08,Kia,Ev2,3,3,1.0
2026-08-31T16:36:08,Kia,Ev3,1,1,1.0
2026-08-31T16:36:08,Kia,Ev4,4,4,1.0
2026-08-31T16:36:08,Kia,Ev5,1,1,1.0
2026-08-31T16:36:08,Kia,Ev6,1,1,1.0
2026-08-31T16:36:08,Kia,Niro,14,0,0.0
2026-08-31T16:36:08,Kia,Picanto,18,0,0.0
2026-08-31T16:36:08,Kia,Pro Ceed,4,0,0.0
2026-08-31T16:36:08,Kia,Pv5 Cargo,1,1,1.0
2026-08-31T16:36:08,Kia,Pv5 Passenger,1,1,1.0
2026-08-31T16:36:08,Kia,Rio,12,0,0.0
2026-08-31T16:36:08,Kia,Sorento,3,0,0.0
2026-08-31T16:36:08,Kia,Sportage,42,0,0.0
2026-08-31T16:36:08,Kia,Stonic,26,0,0.0
2026-08-31T16:36:08,Kia,Venga,1,0,0.0
2026-08-31T16:36:08,Kia,Xceed,8,0,0.0
2026-08-31T16:36:08,Land-Rover,Defender,11,0,0.0
2026-08-31T16:36:08,Land-Rover,Discovery Sport,10,0,0.0
2026-08-31T16:36:08,Land-Rover,Range Rover,6,0,0.0
2026-08-31T16:36:08,Land-Rover,Range Rover Evoque,29,0,0.0
2026-08-31T16:36:08,Land-Rover,Range Rover Evoque Cabriolet,1,0,0.0
2026-08-31T16:36:08,Land-Rover,Range Rover Sport,11,0,0.0
2026-08-31T16:36:08,Land-Rover,Range Rover Velar,11,0,0.0
2026-08-31T16:36:08,Leapmotor,B10,3,0,0.0
2026-08-31T16:36:08,Leapmotor,C10,4,1,0.25
2026-08-31T16:36:08,Leapmotor,T03,2,2,1.0
2026-08-31T16:36:08,Lexus,Ct,3,0,0.0
2026-08-31T16:36:08,Lexus,Lbx,27,0,0.0
2026-08-31T16:36:08,Lexus,Nx,36,0,0.0
2026-08-31T16:36:08,Lexus,Rx,3,0,0.0
2026-08-31T16:36:08,Lexus,Rz,4,4,1.0
2026-08-31T16:36:08,Lexus,Ux,14,1,0.0714
2026-08-31T16:36:08,Man,Tge Fg,1,0,0.0
2026-08-31T16:36:08,Maserati,Ghibli,1,0,0.0
2026-08-31T16:36:08,Maserati,Granturismo,1,0,0.0
2026-08-31T16:36:08,Maserati,Grecale,3,3,1.0
2026-08-31T16:36:08,Maserati,Mc20 Cielo,1,0,0.0
2026-08-31T16:36:08,Mazda,Cx-3,2,0,0.0
2026-08-31T16:36:08,Mazda,Cx-30,6,0,0.0
2026-08-31T16:36:08,Mazda,Cx-5,4,0,0.0
2026-08-31T16:36:08,Mazda,Cx-60,2,0,0.0
2026-08-31T16:36:08,Mazda,Mazda2,3,0,0.0
2026-08-31T16:36:08,Mazda,Mazda3,2,0,0.0
2026-08-31T16:36:08,Mazda,Mazda6,1,0,0.0
2026-08-31T16:36:08,Mazda,Mx-5,2,0,0.0
2026-08-31T16:36:08,Mercedes,Citan,13,3,0.2308
2026-08-31T16:36:08,Mercedes,Cla,71,22,0.3099
2026-08-31T16:36:08,Mercedes,Cla Shooting Brake,45,13,0.2889
2026-08-31T16:36:08,Mercedes,Classe A,154,0,0.0
2026-08-31T16:36:08,Mercedes,Classe A Berline,4,0,0.0
2026-08-31T16:36:08,Mercedes,Classe B,59,0,0.0
2026-08-31T16:36:08,Mercedes,Classe C,41,0,0.0
2026-08-31T16:36:08,Mercedes,Classe C Break,23,0,0.0
2026-08-31T16:36:08,Mercedes,Classe C Cabriolet,1,0,0.0
2026-08-31T16:36:08,Mercedes,Classe C Coupé,2,0,0.0
2026-08-31T16:36:08,Mercedes,Classe E,10,0,0.0
2026-08-31T16:36:08,Mercedes,Classe E All-Terrain,2,0,0.0
2026-08-31T16:36:08,Mercedes,Classe E Break,6,0,0.0
2026-08-31T16:36:08,Mercedes,Classe E Coupé,4,0,0.0
2026-08-31T16:36:08,Mercedes,Classe G,2,0,0.0
2026-08-31T16:36:08,Mercedes,Classe S,5,0,0.0
2026-08-31T16:36:08,Mercedes,Classe S Coupé,1,0,0.0
2026-08-31T16:36:08,Mercedes,Classe Sl,2,0,0.0
2026-08-31T16:36:08,Mercedes,Classe T,1,0,0.0
2026-08-31T16:36:08,Mercedes,Classe V,3,0,0.0
2026-08-31T16:36:08,Mercedes,Cle Cabriolet,1,0,0.0
2026-08-31T16:36:08,Mercedes,Cle Coupé,4,0,0.0
2026-08-31T16:36:08,Mercedes,Eqa,11,11,1.0
2026-08-31T16:36:08,Mercedes,Eqb,6,6,1.0
2026-08-31T16:36:08,Mercedes,Eqc,2,2,1.0
2026-08-31T16:36:08,Mercedes,Eqe,9,9,1.0
2026-08-31T16:36:08,Mercedes,Eqe Suv,2,2,1.0
2026-08-31T16:36:08,Mercedes,Eqs,5,5,1.0
2026-08-31T16:36:08,Mercedes,Eqt,1,1,1.0
2026-08-31T16:36:08,Mercedes,Gla,125,0,0.0
2026-08-31T16:36:08,Mercedes,Glb,45,18,0.4
2026-08-31T16:36:08,Mercedes,Glc,77,12,0.1558
2026-08-31T16:36:08,Mercedes,Glc Coupé,15,0,0.0
2026-08-31T16:36:08,Mercedes,Gle,18,0,0.0
2026-08-31T16:36:08,Mercedes,Gle Coupé,11,0,0.0
2026-08-31T16:36:08,Mercedes,Gls,1,0,0.0
2026-08-31T16:36:08,Mercedes,Sprinter,27,6,0.2222
2026-08-31T16:36:08,Mercedes,Vito,29,2,0.069
2026-08-31T16:36:08,Mercedes,Vito Tourer,1,0,0.0
2026-08-31T16:36:08,Mg,Cyberster,3,3,1.0
2026-08-31T16:36:08,Mg,Ehs,11,0,0.0
2026-08-31T16:36:08,Mg,Marvel R,4,4,1.0
2026-08-31T16:36:08,Mg,Mg3,19,0,0.0
2026-08-31T16:36:08,Mg,Mg4,2,2,1.0
2026-08-31T16:36:08,Mg,Mg5,3,3,1.0
2026-08-31T16:36:08,Mg,Zs,22,4,0.1818
2026-08-31T16:36:08,Mini,Aceman,3,3,1.0
2026-08-31T16:36:08,Mini,Cabrio,14,0,0.0
2026-08-31T16:36:08,Mini,Clubman,27,0,0.0
2026-08-31T16:36:08,Mini,Cooper 3 Portes,5,2,0.4
2026-08-31T16:36:08,Mini,Cooper 5 Portes,2,0,0.0
2026-08-31T16:36:08,Mini,Countryman,72,3,0.0417
2026-08-31T16:36:08,Mini,Mini,137,40,0.292
2026-08-31T16:36:08,Mitsubishi,Asx,10,0,0.0
2026-08-31T16:36:08,Mitsubishi,Colt,15,0,0.0
2026-08-31T16:36:08,Mitsubishi,Eclipse Cross,75,0,0.0
2026-08-31T16:36:08,Mitsubishi,L200,1,0,0.0
2026-08-31T16:36:08,Mitsubishi,Outlander,21,0,0.0
2026-08-31T16:36:08,Mitsubishi,Space Star,8,0,0.0
2026-08-31T16:36:08,Mobilize,Duo,1,1,1.0
2026-08-31T16:36:08,Nissan,Ariya,3,3,1.0
2026-08-31T16:36:08,Nissan,Interstar,1,0,0.0
2026-08-31T16:36:08,Nissan,Juke,231,0,0.0
2026-08-31T16:36:08,Nissan,Leaf,15,14,0.9333
2026-08-31T16:36:08,Nissan,Micra,53,9,0.1698
2026-08-31T16:36:08,Nissan,Navara,1,0,0.0
2026-08-31T16:36:08,Nissan,Np300 Navara,1,0,0.0
2026-08-31T16:36:08,Nissan,Nv300,1,0,0.0
2026-08-31T16:36:08,Nissan,Nv400,1,0,0.0
2026-08-31T16:36:08,Nissan,Primastar,4,0,0.0
2026-08-31T16:36:08,Nissan,Primastar Combi,1,0,0.0
2026-08-31T16:36:08,Nissan,Qashqai,253,0,0.0
2026-08-31T16:36:08,Nissan,Townstar,4,3,0.75
2026-08-31T16:36:08,Nissan,X-Trail,29,0,0.0
2026-08-31T16:36:08,Opel,Astra,14,0,0.0
2026-08-31T16:36:08,Opel,Astra Sports Tourer,4,0,0.0
2026-08-31T16:36:08,Opel,Combo Cargo,2,0,0.0
2026-08-31T16:36:08,Opel,Combo Life,1,0,0.0
2026-08-31T16:36:08,Opel,Corsa,72,10,0.1389
2026-08-31T16:36:08,Opel,Crossland X,25,0,0.0
2026-08-31T16:36:08,Opel,Frontera,2,1,0.5
2026-08-31T16:36:08,Opel,Grandland,15,1,0.0667
2026-08-31T16:36:08,Opel,Grandland X,13,0,0.0
2026-08-31T16:36:08,Opel,Insignia Grand Sport,2,0,0.0
2026-08-31T16:36:08,Opel,Insignia Sports Tourer,2,0,0.0
2026-08-31T16:36:08,Opel,Mokka,51,12,0.2353
2026-08-31T16:36:08,Opel,Mokka X,5,0,0.0
2026-08-31T16:36:08,Opel,Movano,2,0,0.0
2026-08-31T16:36:08,Opel,Vivaro,6,0,0.0
2026-08-31T16:36:08,Opel,Zafira,1,0,0.0
2026-08-31T16:36:08,Peugeot,108,7,0,0.0
2026-08-31T16:36:08,Peugeot,2008,690,72,0.1043
2026-08-31T16:36:08,Peugeot,208,974,126,0.1294
2026-08-31T16:36:08,Peugeot,3008,461,42,0.0911
2026-08-31T16:36:08,Peugeot,308,302,23,0.0762
2026-08-31T16:36:08,Peugeot,308 Sw,106,4,0.0377
2026-08-31T16:36:08,Peugeot,408,59,6,0.1017
2026-08-31T16:36:08,Peugeot,5008,135,4,0.0296
2026-08-31T16:36:08,Peugeot,508,24,0,0.0
2026-08-31T16:36:08,Peugeot,508 Sw,26,0,0.0
2026-08-31T16:36:08,Peugeot,Boxer,30,0,0.0
2026-08-31T16:36:08,Peugeot,E-208,1,1,1.0
2026-08-31T16:36:08,Peugeot,E-Expert,1,0,0.0
2026-08-31T16:36:08,Peugeot,Expert,48,4,0.0833
2026-08-31T16:36:08,Peugeot,Ion,1,1,1.0
2026-08-31T16:36:08,Peugeot,Partner,122,6,0.0492
2026-08-31T16:36:08,Peugeot,Rifter,22,1,0.0455
2026-08-31T16:36:08,Peugeot,Traveller,1,0,0.0
2026-08-31T16:36:08,Porsche,718 Cayman,1,0,0.0
2026-08-31T16:36:08,Porsche,911 Cabriolet,6,0,0.0
2026-08-31T16:36:08,Porsche,911 Coupé,5,0,0.0
2026-08-31T16:36:08,Porsche,911 Speedster,1,0,0.0
2026-08-31T16:36:08,Porsche,911 Targa,1,0,0.0
2026-08-31T16:36:08,Porsche,Cayenne,5,0,0.0
2026-08-31T16:36:08,Porsche,Cayenne Coupé,5,0,0.0
2026-08-31T16:36:08,Porsche,Cayman,1,0,0.0
2026-08-31T16:36:08,Porsche,Macan,5,3,0.6
2026-08-31T16:36:08,Porsche,Panamera,3,0,0.0
2026-08-31T16:36:08,Porsche,Panamera Sport Turismo,3,0,0.0
2026-08-31T16:36:08,Porsche,Taycan,10,10,1.0
2026-08-31T16:36:08,Renault,4,10,10,1.0
2026-08-31T16:36:08,Renault,5,32,32,1.0
2026-08-31T16:36:08,Renault,Arkana,376,0,0.0
2026-08-31T16:36:08,Renault,Austral,309,0,0.0
2026-08-31T16:36:08,Renault,Captur,841,0,0.0
2026-08-31T16:36:08,Renault,Clio,1319,0,0.0
2026-08-31T16:36:08,Renault,Espace,92,0,0.0
2026-08-31T16:36:08,Renault,Express,18,0,0.0
2026-08-31T16:36:08,Renault,Grand Scénic,24,0,0.0
2026-08-31T16:36:08,Renault,Kadjar,65,0,0.0
2026-08-31T16:36:08,Renault,Kangoo,36,0,0.0
2026-08-31T16:36:08,Renault,Kangoo Express,15,1,0.0667
2026-08-31T16:36:08,Renault,Kangoo Van,38,8,0.2105
2026-08-31T16:36:08,Renault,Koleos,12,0,0.0
2026-08-31T16:36:08,Renault,Master,297,11,0.037
2026-08-31T16:36:08,Renault,Mégane,437,343,0.7849
2026-08-31T16:36:08,Renault,Mégane Estate,20,0,0.0
2026-08-31T16:36:08,Renault,Rafale,53,0,0.0
2026-08-31T16:36:08,Renault,Scénic,61,33,0.541
2026-08-31T16:36:08,Renault,Symbioz,159,0,0.0
2026-08-31T16:36:08,Renault,Talisman,9,0,0.0
2026-08-31T16:36:08,Renault,Talisman Estate,5,0,0.0
2026-08-31T16:36:08,Renault,Trafic,123,0,0.0
2026-08-31T16:36:08,Renault,Trafic Combi,20,0,0.0
2026-08-31T16:36:08,Renault,Twingo,185,110,0.5946
2026-08-31T16:36:08,Renault,Twizy,2,2,1.0
2026-08-31T16:36:08,Renault,Zoé,63,63,1.0
2026-08-31T16:36:08,Seat,Arona,32,0,0.0
2026-08-31T16:36:08,Seat,Ateca,31,0,0.0
2026-08-31T16:36:08,Seat,Ibiza,27,0,0.0
2026-08-31T16:36:08,Seat,Leon,21,0,0.0
2026-08-31T16:36:08,Seat,Leon St,5,0,0.0
2026-08-31T16:36:08,Seat,Tarraco,2,0,0.0
2026-08-31T16:36:08,Skoda,Enyaq,1,1,1.0
2026-08-31T16:36:08,Skoda,Enyaq Coupé,1,1,1.0
2026-08-31T16:36:08,Skoda,Fabia,32,0,0.0
2026-08-31T16:36:08,Skoda,Fabia Combi,1,0,0.0
2026-08-31T16:36:08,Skoda,Kamiq,23,0,0.0
2026-08-31T16:36:08,Skoda,Karoq,18,0,0.0
2026-08-31T16:36:08,Skoda,Kodiaq,10,0,0.0
2026-08-31T16:36:08,Skoda,Octavia,6,0,0.0
2026-08-31T16:36:08,Skoda,Octavia Combi,8,0,0.0
2026-08-31T16:36:08,Skoda,Scala,9,0,0.0
2026-08-31T16:36:08,Skoda,Superb,2,0,0.0
2026-08-31T16:36:08,Skoda,Superb Combi,1,0,0.0
2026-08-31T16:36:08,Smart,1,1,1,1.0
2026-08-31T16:36:08,Smart,3,1,1,1.0
2026-08-31T16:36:08,Smart,5,2,2,1.0
2026-08-31T16:36:08,Smart,Forfour,1,0,0.0
2026-08-31T16:36:08,Suzuki,E Vitara,2,2,1.0
2026-08-31T16:36:08,Suzuki,Ignis,2,0,0.0
2026-08-31T16:36:08,Suzuki,S-Cross,15,0,0.0
2026-08-31T16:36:08,Suzuki,Swift,29,0,0.0
2026-08-31T16:36:08,Suzuki,Vitara,22,1,0.0455
2026-08-31T16:36:08,Tesla,Model 3,3,3,1.0
2026-08-31T16:36:08,Tesla,Model Y,1,1,1.0
2026-08-31T16:36:08,Toyota,Auris,1,0,0.0
2026-08-31T16:36:08,Toyota,Auris Touring Sports,1,0,0.0
2026-08-31T16:36:08,Toyota,Aygo,15,0,0.0
2026-08-31T16:36:08,Toyota,Aygo X,70,0,0.0
2026-08-31T16:36:08,Toyota,Bz4x Touring,3,3,1.0
2026-08-31T16:36:08,Toyota,C-Hr,75,0,0.0
2026-08-31T16:36:08,Toyota,C-Hr et plus,1,1,1.0
2026-08-31T16:36:08,Toyota,Corolla,17,0,0.0
2026-08-31T16:36:08,Toyota,Corolla Touring Sports,9,0,0.0
2026-08-31T16:36:08,Toyota,Hilux,2,0,0.0
2026-08-31T16:36:08,Toyota,Prius,1,0,0.0
2026-08-31T16:36:08,Toyota,Prius Hybride Rechargeable,1,0,0.0
2026-08-31T16:36:08,Toyota,Proace,5,2,0.4
2026-08-31T16:36:08,Toyota,Proace City,1,0,0.0
2026-08-31T16:36:08,Toyota,Proace City Verso,1,0,0.0
2026-08-31T16:36:08,Toyota,Proace Max,1,0,0.0
2026-08-31T16:36:08,Toyota,Rav4,18,0,0.0
2026-08-31T16:36:08,Toyota,Yaris,152,0,0.0
2026-08-31T16:36:08,Toyota,Yaris Cross,97,0,0.0
2026-08-31T16:36:08,Volkswagen,3,12,12,1.0
2026-08-31T16:36:08,Volkswagen,3 Neo,3,3,1.0
2026-08-31T16:36:08,Volkswagen,4,8,8,1.0
2026-08-31T16:36:08,Volkswagen,5,4,4,1.0
2026-08-31T16:36:08,Volkswagen,7,1,1,1.0
2026-08-31T16:36:08,Volkswagen,Arteon,2,0,0.0
2026-08-31T16:36:08,Volkswagen,Buzz,3,3,1.0
2026-08-31T16:36:08,Volkswagen,Caddy,1,0,0.0
2026-08-31T16:36:08,Volkswagen,Caddy Cargo,2,0,0.0
2026-08-31T16:36:08,Volkswagen,Caddy Maxi,1,0,0.0
2026-08-31T16:36:08,Volkswagen,Caddy Van,2,0,0.0
2026-08-31T16:36:08,Volkswagen,Caravelle,3,2,0.6667
2026-08-31T16:36:08,Volkswagen,Crafter,4,0,0.0
2026-08-31T16:36:08,Volkswagen,Golf,69,0,0.0
2026-08-31T16:36:08,Volkswagen,Golf Sportsvan,2,0,0.0
2026-08-31T16:36:08,Volkswagen,Golf Sw,2,0,0.0
2026-08-31T16:36:08,Volkswagen,Multivan,1,0,0.0
2026-08-31T16:36:08,Volkswagen,Passat Sw,9,0,0.0
2026-08-31T16:36:08,Volkswagen,Polo,104,0,0.0
2026-08-31T16:36:08,Volkswagen,T-Cross,53,0,0.0
2026-08-31T16:36:08,Volkswagen,T-Roc,116,0,0.0
2026-08-31T16:36:08,Volkswagen,T-Roc Cabriolet,6,0,0.0
2026-08-31T16:36:08,Volkswagen,Taigo,48,0,0.0
2026-08-31T16:36:08,Volkswagen,Tayron,1,0,0.0
2026-08-31T16:36:08,Volkswagen,Tiguan,85,0,0.0
2026-08-31T16:36:08,Volkswagen,Tiguan Allspace,2,0,0.0
2026-08-31T16:36:08,Volkswagen,Touareg,1,0,0.0
2026-08-31T16:36:08,Volkswagen,Touran,5,0,0.0
2026-08-31T16:36:08,Volkswagen,Transporter,13,1,0.0769
2026-08-31T16:36:08,Volvo,C40,1,1,1.0
2026-08-31T16:36:08,Volvo,Ec40,6,6,1.0
2026-08-31T16:36:08,Volvo,Es90,3,3,1.0
2026-08-31T16:36:08,Volvo,Ex30,14,14,1.0
2026-08-31T16:36:08,Volvo,Ex30 Cross Country,5,5,1.0
2026-08-31T16:36:08,Volvo,Ex40,9,9,1.0
2026-08-31T16:36:08,Volvo,S60,1,0,0.0
2026-08-31T16:36:08,Volvo,S90,1,0,0.0
2026-08-31T16:36:08,Volvo,V60,18,0,0.0
2026-08-31T16:36:08,Volvo,Xc40,41,7,0.1707
2026-08-31T16:36:08,Volvo,Xc60,40,0,0.0
2026-08-31T16:36:08,Volvo,Xc90,10,0,0.0
